Time,Interval Start,Interval End,Market,Location,Location Type,LMP,Energy,Congestion,Loss,GHG
2025-01-01 00:00:00-08:00,2025-01-01 00:00:00-08:00,2025-01-01 00:15:00-08:00,REAL_TIME_15_MIN,DLAP_SCE-APND,DLAP,42.53686,43.14083,0.0,-0.60397,0.0
2025-01-01 00:15:00-08:00,2025-01-01 00:15:00-08:00,2025-01-01 00:30:00-08:00,REAL_TIME_15_MIN,DLAP_SCE-APND,DLAP,42.04027,42.65727,0.03139,-0.64839,0.0
2025-01-01 00:30:00-08:00,2025-01-01 00:30:00-08:00,2025-01-01 00:45:00-08:00,REAL_TIME_15_MIN,DLAP_SCE-APND,DLAP,41.97318,42.47261,0.04422,-0.54365,0.0
2025-01-01 00:45:00-08:00,2025-01-01 00:45:00-08:00,2025-01-01 01:00:00-08:00,REAL_TIME_15_MIN,DLAP_SCE-APND,DLAP,41.51202,42.03323,0.0,-0.52121,0.0
2025-01-01 01:00:00-08:00,2025-01-01 01:00:00-08:00,2025-01-01 01:15:00-08:00,REAL_TIME_15_MIN,DLAP_SCE-APND,DLAP,41.59094,42.1302,0.0,-0.53927,0.0
2025-01-01 01:15:00-08:00,2025-01-01 01:15:00-08:00,2025-01-01 01:30:00-08:00,REAL_TIME_15_MIN,DLAP_SCE-APND,DLAP,41.39095,41.91064,0.0,-0.51969,0.0
2025-01-01 01:30:00-08:00,2025-01-01 01:30:00-08:00,2025-01-01 01:45:00-08:00,REAL_TIME_15_MIN,DLAP_SCE-APND,DLAP,41.41816,41.90849,0.0,-0.49033,0.0
2025-01-01 01:45:00-08:00,2025-01-01 01:45:00-08:00,2025-01-01 02:00:00-08:00,REAL_TIME_15_MIN,DLAP_SCE-APND,DLAP,41.6693,42.13276,0.0,-0.46346,0.0
2025-01-01 02:00:00-08:00,2025-01-01 02:00:00-08:00,2025-01-01 02:15:00-08:00,REAL_TIME_15_MIN,DLAP_SCE-APND,DLAP,41.62686,42.06008,0.0,-0.43322,0.0
2025-01-01 02:15:00-08:00,2025-01-01 02:15:00-08:00,2025-01-01 02:30:00-08:00,REAL_TIME_15_MIN,DLAP_SCE-APND,DLAP,43.2826,43.67569,0.0,-0.39308,0.0
2025-01-01 02:30:00-08:00,2025-01-01 02:30:00-08:00,2025-01-01 02:45:00-08:00,REAL_TIME_15_MIN,DLAP_SCE-APND,DLAP,42.65072,43.00335,0.0,-0.35263,0.0
2025-01-01 02:45:00-08:00,2025-01-01 02:45:00-08:00,2025-01-01 03:00:00-08:00,REAL_TIME_15_MIN,DLAP_SCE-APND,DLAP,44.64593,44.9335,0.0,-0.28757,0.0
2025-01-01 03:00:00-08:00,2025-01-01 03:00:00-08:00,2025-01-01 03:15:00-08:00,REAL_TIME_15_MIN,DLAP_SCE-APND,DLAP,44.93417,45.06034,0.0,-0.12617,0.0
2025-01-01 03:15:00-08:00,2025-01-01 03:15:00-08:00,2025-01-01 03:30:00-08:00,REAL_TIME_15_MIN,DLAP_SCE-APND,DLAP,44.80195,44.90974,0.0,-0.10778,0.0
2025-01-01 03:30:00-08:00,2025-01-01 03:30:00-08:00,2025-01-01 03:45:00-08:00,REAL_TIME_15_MIN,DLAP_SCE-APND,DLAP,45.2068,45.30648,0.0,-0.09967,0.0
2025-01-01 03:45:00-08:00,2025-01-01 03:45:00-08:00,2025-01-01 04:00:00-08:00,REAL_TIME_15_MIN,DLAP_SCE-APND,DLAP,45.46608,45.58003,0.0,-0.11395,0.0
2025-01-01 04:00:00-08:00,2025-01-01 04:00:00-08:00,2025-01-01 04:15:00-08:00,REAL_TIME_15_MIN,DLAP_SCE-APND,DLAP,44.03061,44.11001,0.0,-0.0794,0.0
2025-01-01 04:15:00-08:00,2025-01-01 04:15:00-08:00,2025-01-01 04:30:00-08:00,REAL_TIME_15_MIN,DLAP_SCE-APND,DLAP,43.84281,43.92627,0.0,-0.08346,0.0
2025-01-01 04:30:00-08:00,2025-01-01 04:30:00-08:00,2025-01-01 04:45:00-08:00,REAL_TIME_15_MIN,DLAP_SCE-APND,DLAP,41.94108,41.97886,0.0,-0.03778,0.0
2025-01-01 04:45:00-08:00,2025-01-01 04:45:00-08:00,2025-01-01 05:00:00-08:00,REAL_TIME_15_MIN,DLAP_SCE-APND,DLAP,42.06255,42.12152,0.0,-0.05897,0.0
2025-01-01 05:00:00-08:00,2025-01-01 05:00:00-08:00,2025-01-01 05:15:00-08:00,REAL_TIME_15_MIN,DLAP_SCE-APND,DLAP,44.83464,44.69163,0.0,0.14301,0.0
2025-01-01 05:15:00-08:00,2025-01-01 05:15:00-08:00,2025-01-01 05:30:00-08:00,REAL_TIME_15_MIN,DLAP_SCE-APND,DLAP,45.15071,45.03362,0.0,0.11709,0.0
2025-01-01 05:30:00-08:00,2025-01-01 05:30:00-08:00,2025-01-01 05:45:00-08:00,REAL_TIME_15_MIN,DLAP_SCE-APND,DLAP,45.74833,45.65246,0.0,0.09587,0.0
2025-01-01 05:45:00-08:00,2025-01-01 05:45:00-08:00,2025-01-01 06:00:00-08:00,REAL_TIME_15_MIN,DLAP_SCE-APND,DLAP,47.56045,47.44658,0.0,0.11387,0.0
2025-01-01 06:00:00-08:00,2025-01-01 06:00:00-08:00,2025-01-01 06:15:00-08:00,REAL_TIME_15_MIN,DLAP_SCE-APND,DLAP,45.64633,45.48712,0.0,0.1592,0.0
2025-01-01 06:15:00-08:00,2025-01-01 06:15:00-08:00,2025-01-01 06:30:00-08:00,REAL_TIME_15_MIN,DLAP_SCE-APND,DLAP,44.86818,44.7206,0.0,0.14758,0.0
2025-01-01 06:30:00-08:00,2025-01-01 06:30:00-08:00,2025-01-01 06:45:00-08:00,REAL_TIME_15_MIN,DLAP_SCE-APND,DLAP,48.03344,47.97108,0.0,0.06236,0.0
2025-01-01 06:45:00-08:00,2025-01-01 06:45:00-08:00,2025-01-01 07:00:00-08:00,REAL_TIME_15_MIN,DLAP_SCE-APND,DLAP,47.45018,47.48818,0.0,-0.03799,0.0
2025-01-01 07:00:00-08:00,2025-01-01 07:00:00-08:00,2025-01-01 07:15:00-08:00,REAL_TIME_15_MIN,DLAP_SCE-APND,DLAP,46.96602,47.31139,0.0,-0.34537,0.0
2025-01-01 07:15:00-08:00,2025-01-01 07:15:00-08:00,2025-01-01 07:30:00-08:00,REAL_TIME_15_MIN,DLAP_SCE-APND,DLAP,41.37812,42.00398,0.0,-0.62586,0.0
2025-01-01 07:30:00-08:00,2025-01-01 07:30:00-08:00,2025-01-01 07:45:00-08:00,REAL_TIME_15_MIN,DLAP_SCE-APND,DLAP,35.83966,36.84933,0.0,-1.00967,0.0
2025-01-01 07:45:00-08:00,2025-01-01 07:45:00-08:00,2025-01-01 08:00:00-08:00,REAL_TIME_15_MIN,DLAP_SCE-APND,DLAP,33.11972,34.23581,0.0,-1.11609,0.0
2025-01-01 08:00:00-08:00,2025-01-01 08:00:00-08:00,2025-01-01 08:15:00-08:00,REAL_TIME_15_MIN,DLAP_SCE-APND,DLAP,33.49343,34.76586,0.0,-1.27243,0.0
2025-01-01 08:15:00-08:00,2025-01-01 08:15:00-08:00,2025-01-01 08:30:00-08:00,REAL_TIME_15_MIN,DLAP_SCE-APND,DLAP,31.74201,33.2381,-0.0037,-1.49239,0.0
2025-01-01 08:30:00-08:00,2025-01-01 08:30:00-08:00,2025-01-01 08:45:00-08:00,REAL_TIME_15_MIN,DLAP_SCE-APND,DLAP,25.80589,27.13066,-0.07676,-1.24801,0.0
2025-01-01 08:45:00-08:00,2025-01-01 08:45:00-08:00,2025-01-01 09:00:00-08:00,REAL_TIME_15_MIN,DLAP_SCE-APND,DLAP,20.12526,23.59796,-2.37775,-1.09495,0.0
2025-01-01 09:00:00-08:00,2025-01-01 09:00:00-08:00,2025-01-01 09:15:00-08:00,REAL_TIME_15_MIN,DLAP_SCE-APND,DLAP,23.01234,27.05114,-2.89725,-1.14156,0.0
2025-01-01 09:15:00-08:00,2025-01-01 09:15:00-08:00,2025-01-01 09:30:00-08:00,REAL_TIME_15_MIN,DLAP_SCE-APND,DLAP,20.41838,25.83498,-4.32378,-1.09282,0.0
2025-01-01 09:30:00-08:00,2025-01-01 09:30:00-08:00,2025-01-01 09:45:00-08:00,REAL_TIME_15_MIN,DLAP_SCE-APND,DLAP,20.18143,25.49916,-4.17282,-1.14491,0.0
2025-01-01 09:45:00-08:00,2025-01-01 09:45:00-08:00,2025-01-01 10:00:00-08:00,REAL_TIME_15_MIN,DLAP_SCE-APND,DLAP,18.42775,22.57661,-3.10581,-1.04304,0.0
2025-01-01 10:00:00-08:00,2025-01-01 10:00:00-08:00,2025-01-01 10:15:00-08:00,REAL_TIME_15_MIN,DLAP_SCE-APND,DLAP,18.30525,24.86681,-5.36796,-1.19361,0.0
2025-01-01 10:15:00-08:00,2025-01-01 10:15:00-08:00,2025-01-01 10:30:00-08:00,REAL_TIME_15_MIN,DLAP_SCE-APND,DLAP,17.71789,24.30871,-5.43616,-1.15466,0.0
2025-01-01 10:30:00-08:00,2025-01-01 10:30:00-08:00,2025-01-01 10:45:00-08:00,REAL_TIME_15_MIN,DLAP_SCE-APND,DLAP,16.17387,22.84262,-5.59743,-1.07132,0.0
2025-01-01 10:45:00-08:00,2025-01-01 10:45:00-08:00,2025-01-01 11:00:00-08:00,REAL_TIME_15_MIN,DLAP_SCE-APND,DLAP,16.51277,21.60564,-4.11413,-0.97874,0.0
2025-01-01 11:00:00-08:00,2025-01-01 11:00:00-08:00,2025-01-01 11:15:00-08:00,REAL_TIME_15_MIN,DLAP_SCE-APND,DLAP,17.74173,24.07146,-5.29225,-1.03748,0.0
2025-01-01 11:15:00-08:00,2025-01-01 11:15:00-08:00,2025-01-01 11:30:00-08:00,REAL_TIME_15_MIN,DLAP_SCE-APND,DLAP,18.75854,24.05876,-4.25126,-1.04896,0.0
2025-01-01 11:30:00-08:00,2025-01-01 11:30:00-08:00,2025-01-01 11:45:00-08:00,REAL_TIME_15_MIN,DLAP_SCE-APND,DLAP,18.55253,23.89694,-4.26666,-1.07775,0.0
2025-01-01 11:45:00-08:00,2025-01-01 11:45:00-08:00,2025-01-01 12:00:00-08:00,REAL_TIME_15_MIN,DLAP_SCE-APND,DLAP,17.8529,23.32537,-4.44148,-1.03098,0.0
2025-01-01 12:00:00-08:00,2025-01-01 12:00:00-08:00,2025-01-01 12:15:00-08:00,REAL_TIME_15_MIN,DLAP_SCE-APND,DLAP,18.85555,24.47115,-4.52419,-1.09141,0.0
2025-01-01 12:15:00-08:00,2025-01-01 12:15:00-08:00,2025-01-01 12:30:00-08:00,REAL_TIME_15_MIN,DLAP_SCE-APND,DLAP,19.76485,25.01668,-4.13108,-1.12075,0.0
2025-01-01 12:30:00-08:00,2025-01-01 12:30:00-08:00,2025-01-01 12:45:00-08:00,REAL_TIME_15_MIN,DLAP_SCE-APND,DLAP,15.69848,22.92318,-6.16107,-1.06364,0.0
2025-01-01 12:45:00-08:00,2025-01-01 12:45:00-08:00,2025-01-01 13:00:00-08:00,REAL_TIME_15_MIN,DLAP_SCE-APND,DLAP,18.50186,24.06882,-4.34667,-1.22029,0.0
2025-01-01 13:00:00-08:00,2025-01-01 13:00:00-08:00,2025-01-01 13:15:00-08:00,REAL_TIME_15_MIN,DLAP_SCE-APND,DLAP,12.27776,21.98608,-8.61341,-1.09491,0.0
2025-01-01 13:15:00-08:00,2025-01-01 13:15:00-08:00,2025-01-01 13:30:00-08:00,REAL_TIME_15_MIN,DLAP_SCE-APND,DLAP,13.06054,24.71152,-10.53897,-1.11202,0.0
2025-01-01 13:30:00-08:00,2025-01-01 13:30:00-08:00,2025-01-01 13:45:00-08:00,REAL_TIME_15_MIN,DLAP_SCE-APND,DLAP,10.15931,23.78686,-12.53097,-1.09657,0.0
2025-01-01 13:45:00-08:00,2025-01-01 13:45:00-08:00,2025-01-01 14:00:00-08:00,REAL_TIME_15_MIN,DLAP_SCE-APND,DLAP,1.28143,19.82668,-17.65305,-0.8922,0.0
2025-01-01 14:00:00-08:00,2025-01-01 14:00:00-08:00,2025-01-01 14:15:00-08:00,REAL_TIME_15_MIN,DLAP_SCE-APND,DLAP,-5.41511,19.70766,-24.24381,-0.87896,0.0
2025-01-01 14:15:00-08:00,2025-01-01 14:15:00-08:00,2025-01-01 14:30:00-08:00,REAL_TIME_15_MIN,DLAP_SCE-APND,DLAP,-5.98075,19.32594,-24.49887,-0.80782,0.0
2025-01-01 14:30:00-08:00,2025-01-01 14:30:00-08:00,2025-01-01 14:45:00-08:00,REAL_TIME_15_MIN,DLAP_SCE-APND,DLAP,-8.26732,20.31947,-27.75369,-0.8331,0.0
2025-01-01 14:45:00-08:00,2025-01-01 14:45:00-08:00,2025-01-01 15:00:00-08:00,REAL_TIME_15_MIN,DLAP_SCE-APND,DLAP,-13.30398,18.96712,-31.47258,-0.79852,0.0
2025-01-01 15:00:00-08:00,2025-01-01 15:00:00-08:00,2025-01-01 15:15:00-08:00,REAL_TIME_15_MIN,DLAP_SCE-APND,DLAP,-18.28815,10.83489,-29.12304,0.0,0.0
2025-01-01 15:15:00-08:00,2025-01-01 15:15:00-08:00,2025-01-01 15:30:00-08:00,REAL_TIME_15_MIN,DLAP_SCE-APND,DLAP,8.02999,23.50372,-14.43016,-1.04357,0.0
2025-01-01 15:30:00-08:00,2025-01-01 15:30:00-08:00,2025-01-01 15:45:00-08:00,REAL_TIME_15_MIN,DLAP_SCE-APND,DLAP,21.6167,31.14766,-8.14178,-1.38919,0.0
2025-01-01 15:45:00-08:00,2025-01-01 15:45:00-08:00,2025-01-01 16:00:00-08:00,REAL_TIME_15_MIN,DLAP_SCE-APND,DLAP,40.09692,41.86794,0.0,-1.77101,0.0
2025-01-01 16:00:00-08:00,2025-01-01 16:00:00-08:00,2025-01-01 16:15:00-08:00,REAL_TIME_15_MIN,DLAP_SCE-APND,DLAP,30.18992,31.086,0.03961,-0.93569,0.0
2025-01-01 16:15:00-08:00,2025-01-01 16:15:00-08:00,2025-01-01 16:30:00-08:00,REAL_TIME_15_MIN,DLAP_SCE-APND,DLAP,33.12595,34.06617,0.0,-0.94023,0.0
2025-01-01 16:30:00-08:00,2025-01-01 16:30:00-08:00,2025-01-01 16:45:00-08:00,REAL_TIME_15_MIN,DLAP_SCE-APND,DLAP,41.81358,43.04908,0.0,-1.23551,0.0
2025-01-01 16:45:00-08:00,2025-01-01 16:45:00-08:00,2025-01-01 17:00:00-08:00,REAL_TIME_15_MIN,DLAP_SCE-APND,DLAP,43.95133,45.73499,0.0,-1.78366,0.0
2025-01-01 17:00:00-08:00,2025-01-01 17:00:00-08:00,2025-01-01 17:15:00-08:00,REAL_TIME_15_MIN,DLAP_SCE-APND,DLAP,42.69604,44.22547,0.21306,-1.74248,0.0
2025-01-01 17:15:00-08:00,2025-01-01 17:15:00-08:00,2025-01-01 17:30:00-08:00,REAL_TIME_15_MIN,DLAP_SCE-APND,DLAP,43.72269,45.03594,0.57376,-1.88701,0.0
2025-01-01 17:30:00-08:00,2025-01-01 17:30:00-08:00,2025-01-01 17:45:00-08:00,REAL_TIME_15_MIN,DLAP_SCE-APND,DLAP,44.01724,45.41948,0.50084,-1.90308,0.0
2025-01-01 17:45:00-08:00,2025-01-01 17:45:00-08:00,2025-01-01 18:00:00-08:00,REAL_TIME_15_MIN,DLAP_SCE-APND,DLAP,43.61274,44.9057,0.4898,-1.78276,0.0
2025-01-01 18:00:00-08:00,2025-01-01 18:00:00-08:00,2025-01-01 18:15:00-08:00,REAL_TIME_15_MIN,DLAP_SCE-APND,DLAP,41.40049,43.21109,-0.06487,-1.74573,0.0
2025-01-01 18:15:00-08:00,2025-01-01 18:15:00-08:00,2025-01-01 18:30:00-08:00,REAL_TIME_15_MIN,DLAP_SCE-APND,DLAP,40.5356,42.3167,-0.0842,-1.6969,0.0
2025-01-01 18:30:00-08:00,2025-01-01 18:30:00-08:00,2025-01-01 18:45:00-08:00,REAL_TIME_15_MIN,DLAP_SCE-APND,DLAP,44.10755,42.1763,3.57612,-1.64488,0.0
2025-01-01 18:45:00-08:00,2025-01-01 18:45:00-08:00,2025-01-01 19:00:00-08:00,REAL_TIME_15_MIN,DLAP_SCE-APND,DLAP,43.91635,41.83225,3.6779,-1.59381,0.0
2025-01-01 19:00:00-08:00,2025-01-01 19:00:00-08:00,2025-01-01 19:15:00-08:00,REAL_TIME_15_MIN,DLAP_SCE-APND,DLAP,43.99825,43.25484,2.29625,-1.55285,0.0
2025-01-01 19:15:00-08:00,2025-01-01 19:15:00-08:00,2025-01-01 19:30:00-08:00,REAL_TIME_15_MIN,DLAP_SCE-APND,DLAP,41.28674,41.32101,1.25908,-1.29335,0.0
2025-01-01 19:30:00-08:00,2025-01-01 19:30:00-08:00,2025-01-01 19:45:00-08:00,REAL_TIME_15_MIN,DLAP_SCE-APND,DLAP,41.79035,42.77078,0.29414,-1.27457,0.0
2025-01-01 19:45:00-08:00,2025-01-01 19:45:00-08:00,2025-01-01 20:00:00-08:00,REAL_TIME_15_MIN,DLAP_SCE-APND,DLAP,41.44548,42.51315,0.34801,-1.41569,0.0
2025-01-01 20:00:00-08:00,2025-01-01 20:00:00-08:00,2025-01-01 20:15:00-08:00,REAL_TIME_15_MIN,DLAP_SCE-APND,DLAP,42.29944,42.95767,0.64768,-1.30591,0.0
2025-01-01 20:15:00-08:00,2025-01-01 20:15:00-08:00,2025-01-01 20:30:00-08:00,REAL_TIME_15_MIN,DLAP_SCE-APND,DLAP,42.01949,42.92556,0.28726,-1.19333,0.0
2025-01-01 20:30:00-08:00,2025-01-01 20:30:00-08:00,2025-01-01 20:45:00-08:00,REAL_TIME_15_MIN,DLAP_SCE-APND,DLAP,42.56357,43.66292,0.21053,-1.30989,0.0
2025-01-01 20:45:00-08:00,2025-01-01 20:45:00-08:00,2025-01-01 21:00:00-08:00,REAL_TIME_15_MIN,DLAP_SCE-APND,DLAP,42.35213,43.50948,0.0,-1.15735,0.0
2025-01-01 21:00:00-08:00,2025-01-01 21:00:00-08:00,2025-01-01 21:15:00-08:00,REAL_TIME_15_MIN,DLAP_SCE-APND,DLAP,42.53014,43.91795,0.0,-1.38781,0.0
2025-01-01 21:15:00-08:00,2025-01-01 21:15:00-08:00,2025-01-01 21:30:00-08:00,REAL_TIME_15_MIN,DLAP_SCE-APND,DLAP,41.64902,42.93271,0.0,-1.28369,0.0
2025-01-01 21:30:00-08:00,2025-01-01 21:30:00-08:00,2025-01-01 21:45:00-08:00,REAL_TIME_15_MIN,DLAP_SCE-APND,DLAP,41.15067,42.27085,0.0,-1.12018,0.0
2025-01-01 21:45:00-08:00,2025-01-01 21:45:00-08:00,2025-01-01 22:00:00-08:00,REAL_TIME_15_MIN,DLAP_SCE-APND,DLAP,40.51558,41.58003,0.0,-1.06445,0.0
2025-01-01 22:00:00-08:00,2025-01-01 22:00:00-08:00,2025-01-01 22:15:00-08:00,REAL_TIME_15_MIN,DLAP_SCE-APND,DLAP,39.86086,41.04712,0.0,-1.18626,0.0
2025-01-01 22:15:00-08:00,2025-01-01 22:15:00-08:00,2025-01-01 22:30:00-08:00,REAL_TIME_15_MIN,DLAP_SCE-APND,DLAP,40.15142,41.26559,0.0,-1.11417,0.0
2025-01-01 22:30:00-08:00,2025-01-01 22:30:00-08:00,2025-01-01 22:45:00-08:00,REAL_TIME_15_MIN,DLAP_SCE-APND,DLAP,40.80347,41.6617,0.0,-0.85823,0.0
2025-01-01 22:45:00-08:00,2025-01-01 22:45:00-08:00,2025-01-01 23:00:00-08:00,REAL_TIME_15_MIN,DLAP_SCE-APND,DLAP,40.56021,41.28686,0.0,-0.72665,0.0
2025-01-01 23:00:00-08:00,2025-01-01 23:00:00-08:00,2025-01-01 23:15:00-08:00,REAL_TIME_15_MIN,DLAP_SCE-APND,DLAP,41.52575,42.38186,0.0,-0.85611,0.0
2025-01-01 23:15:00-08:00,2025-01-01 23:15:00-08:00,2025-01-01 23:30:00-08:00,REAL_TIME_15_MIN,DLAP_SCE-APND,DLAP,41.41051,42.1181,0.0,-0.70758,0.0
2025-01-01 23:30:00-08:00,2025-01-01 23:30:00-08:00,2025-01-01 23:45:00-08:00,REAL_TIME_15_MIN,DLAP_SCE-APND,DLAP,41.17838,41.76306,0.0,-0.58468,0.0
2025-01-01 23:45:00-08:00,2025-01-01 23:45:00-08:00,2025-01-02 00:00:00-08:00,REAL_TIME_15_MIN,DLAP_SCE-APND,DLAP,40.82257,41.35607,0.0,-0.53349,0.0
2025-01-02 00:00:00-08:00,2025-01-02 00:00:00-08:00,2025-01-02 00:15:00-08:00,REAL_TIME_15_MIN,DLAP_SCE-APND,DLAP,43.60946,44.09896,0.0,-0.4895,0.0
2025-01-02 00:15:00-08:00,2025-01-02 00:15:00-08:00,2025-01-02 00:30:00-08:00,REAL_TIME_15_MIN,DLAP_SCE-APND,DLAP,42.99451,43.49909,0.0,-0.50459,0.0
2025-01-02 00:30:00-08:00,2025-01-02 00:30:00-08:00,2025-01-02 00:45:00-08:00,REAL_TIME_15_MIN,DLAP_SCE-APND,DLAP,43.45515,43.94292,0.0,-0.48777,0.0
2025-01-02 00:45:00-08:00,2025-01-02 00:45:00-08:00,2025-01-02 01:00:00-08:00,REAL_TIME_15_MIN,DLAP_SCE-APND,DLAP,41.54173,41.96559,0.0,-0.42385,0.0
2025-01-02 01:00:00-08:00,2025-01-02 01:00:00-08:00,2025-01-02 01:15:00-08:00,REAL_TIME_15_MIN,DLAP_SCE-APND,DLAP,41.76677,42.3856,0.0,-0.61883,0.0
2025-01-02 01:15:00-08:00,2025-01-02 01:15:00-08:00,2025-01-02 01:30:00-08:00,REAL_TIME_15_MIN,DLAP_SCE-APND,DLAP,41.399,41.99959,0.0,-0.60059,0.0
2025-01-02 01:30:00-08:00,2025-01-02 01:30:00-08:00,2025-01-02 01:45:00-08:00,REAL_TIME_15_MIN,DLAP_SCE-APND,DLAP,40.67128,41.25713,0.0,-0.58585,0.0
2025-01-02 01:45:00-08:00,2025-01-02 01:45:00-08:00,2025-01-02 02:00:00-08:00,REAL_TIME_15_MIN,DLAP_SCE-APND,DLAP,40.47934,41.03745,0.0,-0.55811,0.0
2025-01-02 02:00:00-08:00,2025-01-02 02:00:00-08:00,2025-01-02 02:15:00-08:00,REAL_TIME_15_MIN,DLAP_SCE-APND,DLAP,40.52048,41.06667,0.0,-0.54619,0.0
2025-01-02 02:15:00-08:00,2025-01-02 02:15:00-08:00,2025-01-02 02:30:00-08:00,REAL_TIME_15_MIN,DLAP_SCE-APND,DLAP,40.45401,40.99099,0.0,-0.53698,0.0
2025-01-02 02:30:00-08:00,2025-01-02 02:30:00-08:00,2025-01-02 02:45:00-08:00,REAL_TIME_15_MIN,DLAP_SCE-APND,DLAP,40.34054,40.87188,0.0,-0.53133,0.0
2025-01-02 02:45:00-08:00,2025-01-02 02:45:00-08:00,2025-01-02 03:00:00-08:00,REAL_TIME_15_MIN,DLAP_SCE-APND,DLAP,38.54429,39.03614,0.0,-0.49186,0.0
2025-01-02 03:00:00-08:00,2025-01-02 03:00:00-08:00,2025-01-02 03:15:00-08:00,REAL_TIME_15_MIN,DLAP_SCE-APND,DLAP,39.68387,40.14148,0.0,-0.45761,0.0
2025-01-02 03:15:00-08:00,2025-01-02 03:15:00-08:00,2025-01-02 03:30:00-08:00,REAL_TIME_15_MIN,DLAP_SCE-APND,DLAP,39.68783,40.14955,0.0,-0.46172,0.0
2025-01-02 03:30:00-08:00,2025-01-02 03:30:00-08:00,2025-01-02 03:45:00-08:00,REAL_TIME_15_MIN,DLAP_SCE-APND,DLAP,40.5031,40.9826,0.0,-0.4795,0.0
2025-01-02 03:45:00-08:00,2025-01-02 03:45:00-08:00,2025-01-02 04:00:00-08:00,REAL_TIME_15_MIN,DLAP_SCE-APND,DLAP,39.70791,40.14955,0.0,-0.44165,0.0
2025-01-02 04:00:00-08:00,2025-01-02 04:00:00-08:00,2025-01-02 04:15:00-08:00,REAL_TIME_15_MIN,DLAP_SCE-APND,DLAP,36.2511,36.66171,0.0,-0.41061,0.0
2025-01-02 04:15:00-08:00,2025-01-02 04:15:00-08:00,2025-01-02 04:30:00-08:00,REAL_TIME_15_MIN,DLAP_SCE-APND,DLAP,38.54399,38.98057,0.0,-0.43658,0.0
2025-01-02 04:30:00-08:00,2025-01-02 04:30:00-08:00,2025-01-02 04:45:00-08:00,REAL_TIME_15_MIN,DLAP_SCE-APND,DLAP,39.40332,39.84158,0.0,-0.43826,0.0
2025-01-02 04:45:00-08:00,2025-01-02 04:45:00-08:00,2025-01-02 05:00:00-08:00,REAL_TIME_15_MIN,DLAP_SCE-APND,DLAP,40.8581,41.30418,0.0,-0.44609,0.0
2025-01-02 05:00:00-08:00,2025-01-02 05:00:00-08:00,2025-01-02 05:15:00-08:00,REAL_TIME_15_MIN,DLAP_SCE-APND,DLAP,38.31032,38.69338,0.0,-0.38306,0.0
2025-01-02 05:15:00-08:00,2025-01-02 05:15:00-08:00,2025-01-02 05:30:00-08:00,REAL_TIME_15_MIN,DLAP_SCE-APND,DLAP,40.35241,40.86734,0.0,-0.51493,0.0
2025-01-02 05:30:00-08:00,2025-01-02 05:30:00-08:00,2025-01-02 05:45:00-08:00,REAL_TIME_15_MIN,DLAP_SCE-APND,DLAP,43.21966,43.75788,0.0,-0.53822,0.0
2025-01-02 05:45:00-08:00,2025-01-02 05:45:00-08:00,2025-01-02 06:00:00-08:00,REAL_TIME_15_MIN,DLAP_SCE-APND,DLAP,45.00274,45.52629,0.0,-0.52355,0.0
2025-01-02 06:00:00-08:00,2025-01-02 06:00:00-08:00,2025-01-02 06:15:00-08:00,REAL_TIME_15_MIN,DLAP_SCE-APND,DLAP,42.06183,42.51676,0.0,-0.45493,0.0
2025-01-02 06:15:00-08:00,2025-01-02 06:15:00-08:00,2025-01-02 06:30:00-08:00,REAL_TIME_15_MIN,DLAP_SCE-APND,DLAP,45.54924,46.08848,0.0,-0.53924,0.0
2025-01-02 06:30:00-08:00,2025-01-02 06:30:00-08:00,2025-01-02 06:45:00-08:00,REAL_TIME_15_MIN,DLAP_SCE-APND,DLAP,49.37145,49.88023,0.0,-0.50878,0.0
2025-01-02 06:45:00-08:00,2025-01-02 06:45:00-08:00,2025-01-02 07:00:00-08:00,REAL_TIME_15_MIN,DLAP_SCE-APND,DLAP,48.19182,48.7969,0.0,-0.60508,0.0
2025-01-02 07:00:00-08:00,2025-01-02 07:00:00-08:00,2025-01-02 07:15:00-08:00,REAL_TIME_15_MIN,DLAP_SCE-APND,DLAP,45.81981,46.84095,0.0,-1.02113,0.0
2025-01-02 07:15:00-08:00,2025-01-02 07:15:00-08:00,2025-01-02 07:30:00-08:00,REAL_TIME_15_MIN,DLAP_SCE-APND,DLAP,43.87876,45.00386,0.0,-1.1251,0.0
2025-01-02 07:30:00-08:00,2025-01-02 07:30:00-08:00,2025-01-02 07:45:00-08:00,REAL_TIME_15_MIN,DLAP_SCE-APND,DLAP,41.0464,42.40529,0.06169,-1.42058,0.0
2025-01-02 07:45:00-08:00,2025-01-02 07:45:00-08:00,2025-01-02 08:00:00-08:00,REAL_TIME_15_MIN,DLAP_SCE-APND,DLAP,34.97252,35.32328,0.89969,-1.25044,0.0
2025-01-02 08:00:00-08:00,2025-01-02 08:00:00-08:00,2025-01-02 08:15:00-08:00,REAL_TIME_15_MIN,DLAP_SCE-APND,DLAP,37.61977,39.60204,-0.31107,-1.67121,0.0
2025-01-02 08:15:00-08:00,2025-01-02 08:15:00-08:00,2025-01-02 08:30:00-08:00,REAL_TIME_15_MIN,DLAP_SCE-APND,DLAP,34.34506,37.9671,-2.00844,-1.6136,0.0
2025-01-02 08:30:00-08:00,2025-01-02 08:30:00-08:00,2025-01-02 08:45:00-08:00,REAL_TIME_15_MIN,DLAP_SCE-APND,DLAP,26.49176,33.68473,-5.80853,-1.38444,0.0
2025-01-02 08:45:00-08:00,2025-01-02 08:45:00-08:00,2025-01-02 09:00:00-08:00,REAL_TIME_15_MIN,DLAP_SCE-APND,DLAP,21.89808,29.11388,-6.07163,-1.14418,0.0
2025-01-02 09:00:00-08:00,2025-01-02 09:00:00-08:00,2025-01-02 09:15:00-08:00,REAL_TIME_15_MIN,DLAP_SCE-APND,DLAP,25.41649,36.9363,-10.20858,-1.31124,0.0
2025-01-02 09:15:00-08:00,2025-01-02 09:15:00-08:00,2025-01-02 09:30:00-08:00,REAL_TIME_15_MIN,DLAP_SCE-APND,DLAP,23.22035,35.87218,-11.42142,-1.23042,0.0
2025-01-02 09:30:00-08:00,2025-01-02 09:30:00-08:00,2025-01-02 09:45:00-08:00,REAL_TIME_15_MIN,DLAP_SCE-APND,DLAP,22.7118,34.14507,-10.15283,-1.28044,0.0
2025-01-02 09:45:00-08:00,2025-01-02 09:45:00-08:00,2025-01-02 10:00:00-08:00,REAL_TIME_15_MIN,DLAP_SCE-APND,DLAP,20.60605,33.55803,-11.76067,-1.19131,0.0
2025-01-02 10:00:00-08:00,2025-01-02 10:00:00-08:00,2025-01-02 10:15:00-08:00,REAL_TIME_15_MIN,DLAP_SCE-APND,DLAP,21.35692,33.43082,-10.88042,-1.19348,0.0
2025-01-02 10:15:00-08:00,2025-01-02 10:15:00-08:00,2025-01-02 10:30:00-08:00,REAL_TIME_15_MIN,DLAP_SCE-APND,DLAP,21.07337,32.4415,-10.20996,-1.15816,0.0
2025-01-02 10:30:00-08:00,2025-01-02 10:30:00-08:00,2025-01-02 10:45:00-08:00,REAL_TIME_15_MIN,DLAP_SCE-APND,DLAP,18.48371,31.94806,-12.45799,-1.00636,0.0
2025-01-02 10:45:00-08:00,2025-01-02 10:45:00-08:00,2025-01-02 11:00:00-08:00,REAL_TIME_15_MIN,DLAP_SCE-APND,DLAP,16.6479,30.96422,-13.40597,-0.91035,0.0
2025-01-02 11:00:00-08:00,2025-01-02 11:00:00-08:00,2025-01-02 11:15:00-08:00,REAL_TIME_15_MIN,DLAP_SCE-APND,DLAP,23.11849,34.13766,-10.14525,-0.87392,0.0
2025-01-02 11:15:00-08:00,2025-01-02 11:15:00-08:00,2025-01-02 11:30:00-08:00,REAL_TIME_15_MIN,DLAP_SCE-APND,DLAP,19.24844,33.0357,-12.77968,-1.00759,0.0
2025-01-02 11:30:00-08:00,2025-01-02 11:30:00-08:00,2025-01-02 11:45:00-08:00,REAL_TIME_15_MIN,DLAP_SCE-APND,DLAP,17.54128,30.96445,-12.55307,-0.8701,0.0
2025-01-02 11:45:00-08:00,2025-01-02 11:45:00-08:00,2025-01-02 12:00:00-08:00,REAL_TIME_15_MIN,DLAP_SCE-APND,DLAP,15.66615,30.36707,-13.77776,-0.92316,0.0
2025-01-02 12:00:00-08:00,2025-01-02 12:00:00-08:00,2025-01-02 12:15:00-08:00,REAL_TIME_15_MIN,DLAP_SCE-APND,DLAP,17.44085,31.6178,-13.21893,-0.95802,0.0
2025-01-02 12:15:00-08:00,2025-01-02 12:15:00-08:00,2025-01-02 12:30:00-08:00,REAL_TIME_15_MIN,DLAP_SCE-APND,DLAP,17.56486,31.58393,-13.00523,-1.01384,0.0
2025-01-02 12:30:00-08:00,2025-01-02 12:30:00-08:00,2025-01-02 12:45:00-08:00,REAL_TIME_15_MIN,DLAP_SCE-APND,DLAP,14.30725,31.22494,-15.90289,-1.01481,0.0
2025-01-02 12:45:00-08:00,2025-01-02 12:45:00-08:00,2025-01-02 13:00:00-08:00,REAL_TIME_15_MIN,DLAP_SCE-APND,DLAP,11.93596,30.11753,-17.17264,-1.00894,0.0
2025-01-02 13:00:00-08:00,2025-01-02 13:00:00-08:00,2025-01-02 13:15:00-08:00,REAL_TIME_15_MIN,DLAP_SCE-APND,DLAP,12.45309,29.59874,-16.16593,-0.97972,0.0
2025-01-02 13:15:00-08:00,2025-01-02 13:15:00-08:00,2025-01-02 13:30:00-08:00,REAL_TIME_15_MIN,DLAP_SCE-APND,DLAP,12.5618,30.93476,-17.32118,-1.05178,0.0
2025-01-02 13:30:00-08:00,2025-01-02 13:30:00-08:00,2025-01-02 13:45:00-08:00,REAL_TIME_15_MIN,DLAP_SCE-APND,DLAP,12.45018,29.19463,-15.70221,-1.04225,0.0
2025-01-02 13:45:00-08:00,2025-01-02 13:45:00-08:00,2025-01-02 14:00:00-08:00,REAL_TIME_15_MIN,DLAP_SCE-APND,DLAP,10.44383,27.75151,-16.28088,-1.02681,0.0
2025-01-02 14:00:00-08:00,2025-01-02 14:00:00-08:00,2025-01-02 14:15:00-08:00,REAL_TIME_15_MIN,DLAP_SCE-APND,DLAP,9.68949,23.15514,-12.6228,-0.84285,0.0
2025-01-02 14:15:00-08:00,2025-01-02 14:15:00-08:00,2025-01-02 14:30:00-08:00,REAL_TIME_15_MIN,DLAP_SCE-APND,DLAP,9.46537,24.85209,-14.46222,-0.9245,0.0
2025-01-02 14:30:00-08:00,2025-01-02 14:30:00-08:00,2025-01-02 14:45:00-08:00,REAL_TIME_15_MIN,DLAP_SCE-APND,DLAP,7.47997,25.56075,-17.13503,-0.94575,0.0
2025-01-02 14:45:00-08:00,2025-01-02 14:45:00-08:00,2025-01-02 15:00:00-08:00,REAL_TIME_15_MIN,DLAP_SCE-APND,DLAP,9.2381,26.18688,-15.9563,-0.99248,0.0
2025-01-02 15:00:00-08:00,2025-01-02 15:00:00-08:00,2025-01-02 15:15:00-08:00,REAL_TIME_15_MIN,DLAP_SCE-APND,DLAP,9.0924,20.71529,-10.84193,-0.78097,0.0
2025-01-02 15:15:00-08:00,2025-01-02 15:15:00-08:00,2025-01-02 15:30:00-08:00,REAL_TIME_15_MIN,DLAP_SCE-APND,DLAP,19.93066,25.92881,-4.9947,-1.00344,0.0
2025-01-02 15:30:00-08:00,2025-01-02 15:30:00-08:00,2025-01-02 15:45:00-08:00,REAL_TIME_15_MIN,DLAP_SCE-APND,DLAP,37.71349,38.83585,0.0,-1.12236,0.0
2025-01-02 15:45:00-08:00,2025-01-02 15:45:00-08:00,2025-01-02 16:00:00-08:00,REAL_TIME_15_MIN,DLAP_SCE-APND,DLAP,45.26737,46.43284,0.0,-1.16546,0.0
2025-01-02 16:00:00-08:00,2025-01-02 16:00:00-08:00,2025-01-02 16:15:00-08:00,REAL_TIME_15_MIN,DLAP_SCE-APND,DLAP,38.52616,39.26433,0.0,-0.73817,0.0
2025-01-02 16:15:00-08:00,2025-01-02 16:15:00-08:00,2025-01-02 16:30:00-08:00,REAL_TIME_15_MIN,DLAP_SCE-APND,DLAP,44.03265,43.9834,0.87614,-0.82689,0.0
2025-01-02 16:30:00-08:00,2025-01-02 16:30:00-08:00,2025-01-02 16:45:00-08:00,REAL_TIME_15_MIN,DLAP_SCE-APND,DLAP,48.5522,49.4965,0.02088,-0.96518,0.0
2025-01-02 16:45:00-08:00,2025-01-02 16:45:00-08:00,2025-01-02 17:00:00-08:00,REAL_TIME_15_MIN,DLAP_SCE-APND,DLAP,52.28621,53.79793,0.0,-1.51172,0.0
2025-01-02 17:00:00-08:00,2025-01-02 17:00:00-08:00,2025-01-02 17:15:00-08:00,REAL_TIME_15_MIN,DLAP_SCE-APND,DLAP,46.35071,47.35065,0.1128,-1.11274,0.0
2025-01-02 17:15:00-08:00,2025-01-02 17:15:00-08:00,2025-01-02 17:30:00-08:00,REAL_TIME_15_MIN,DLAP_SCE-APND,DLAP,47.81205,48.96164,0.11362,-1.26321,0.0
2025-01-02 17:30:00-08:00,2025-01-02 17:30:00-08:00,2025-01-02 17:45:00-08:00,REAL_TIME_15_MIN,DLAP_SCE-APND,DLAP,49.66607,51.18631,0.0,-1.52023,0.0
2025-01-02 17:45:00-08:00,2025-01-02 17:45:00-08:00,2025-01-02 18:00:00-08:00,REAL_TIME_15_MIN,DLAP_SCE-APND,DLAP,49.50671,51.11689,0.0,-1.61018,0.0
2025-01-02 18:00:00-08:00,2025-01-02 18:00:00-08:00,2025-01-02 18:15:00-08:00,REAL_TIME_15_MIN,DLAP_SCE-APND,DLAP,47.18336,48.50762,0.0,-1.32426,0.0
2025-01-02 18:15:00-08:00,2025-01-02 18:15:00-08:00,2025-01-02 18:30:00-08:00,REAL_TIME_15_MIN,DLAP_SCE-APND,DLAP,45.62754,46.8311,0.0,-1.20356,0.0
2025-01-02 18:30:00-08:00,2025-01-02 18:30:00-08:00,2025-01-02 18:45:00-08:00,REAL_TIME_15_MIN,DLAP_SCE-APND,DLAP,45.2864,46.44283,0.0,-1.15643,0.0
2025-01-02 18:45:00-08:00,2025-01-02 18:45:00-08:00,2025-01-02 19:00:00-08:00,REAL_TIME_15_MIN,DLAP_SCE-APND,DLAP,44.328,45.32052,0.0,-0.99252,0.0
2025-01-02 19:00:00-08:00,2025-01-02 19:00:00-08:00,2025-01-02 19:15:00-08:00,REAL_TIME_15_MIN,DLAP_SCE-APND,DLAP,45.60287,46.73382,0.0,-1.13096,0.0
2025-01-02 19:15:00-08:00,2025-01-02 19:15:00-08:00,2025-01-02 19:30:00-08:00,REAL_TIME_15_MIN,DLAP_SCE-APND,DLAP,44.98461,46.06719,0.0,-1.08258,0.0
2025-01-02 19:30:00-08:00,2025-01-02 19:30:00-08:00,2025-01-02 19:45:00-08:00,REAL_TIME_15_MIN,DLAP_SCE-APND,DLAP,45.22568,46.25249,0.0,-1.02681,0.0
2025-01-02 19:45:00-08:00,2025-01-02 19:45:00-08:00,2025-01-02 20:00:00-08:00,REAL_TIME_15_MIN,DLAP_SCE-APND,DLAP,44.84831,45.79629,0.0,-0.94798,0.0
2025-01-02 20:00:00-08:00,2025-01-02 20:00:00-08:00,2025-01-02 20:15:00-08:00,REAL_TIME_15_MIN,DLAP_SCE-APND,DLAP,45.03601,45.96918,0.0,-0.93317,0.0
2025-01-02 20:15:00-08:00,2025-01-02 20:15:00-08:00,2025-01-02 20:30:00-08:00,REAL_TIME_15_MIN,DLAP_SCE-APND,DLAP,45.48178,46.32489,0.0,-0.84311,0.0
2025-01-02 20:30:00-08:00,2025-01-02 20:30:00-08:00,2025-01-02 20:45:00-08:00,REAL_TIME_15_MIN,DLAP_SCE-APND,DLAP,45.38845,46.24396,0.0,-0.85551,0.0
2025-01-02 20:45:00-08:00,2025-01-02 20:45:00-08:00,2025-01-02 21:00:00-08:00,REAL_TIME_15_MIN,DLAP_SCE-APND,DLAP,45.36484,46.18227,0.0,-0.81743,0.0
2025-01-02 21:00:00-08:00,2025-01-02 21:00:00-08:00,2025-01-02 21:15:00-08:00,REAL_TIME_15_MIN,DLAP_SCE-APND,DLAP,44.80709,45.66095,0.0,-0.85386,0.0
2025-01-02 21:15:00-08:00,2025-01-02 21:15:00-08:00,2025-01-02 21:30:00-08:00,REAL_TIME_15_MIN,DLAP_SCE-APND,DLAP,43.97875,44.72113,0.0,-0.74237,0.0
2025-01-02 21:30:00-08:00,2025-01-02 21:30:00-08:00,2025-01-02 21:45:00-08:00,REAL_TIME_15_MIN,DLAP_SCE-APND,DLAP,44.23942,44.87212,0.0,-0.6327,0.0
2025-01-02 21:45:00-08:00,2025-01-02 21:45:00-08:00,2025-01-02 22:00:00-08:00,REAL_TIME_15_MIN,DLAP_SCE-APND,DLAP,43.82412,44.37436,0.0,-0.55024,0.0
2025-01-02 22:00:00-08:00,2025-01-02 22:00:00-08:00,2025-01-02 22:15:00-08:00,REAL_TIME_15_MIN,DLAP_SCE-APND,DLAP,45.11118,45.77027,0.0,-0.65909,0.0
2025-01-02 22:15:00-08:00,2025-01-02 22:15:00-08:00,2025-01-02 22:30:00-08:00,REAL_TIME_15_MIN,DLAP_SCE-APND,DLAP,44.87273,45.47758,0.0,-0.60485,0.0
2025-01-02 22:30:00-08:00,2025-01-02 22:30:00-08:00,2025-01-02 22:45:00-08:00,REAL_TIME_15_MIN,DLAP_SCE-APND,DLAP,44.11957,44.56522,0.0,-0.44565,0.0
2025-01-02 22:45:00-08:00,2025-01-02 22:45:00-08:00,2025-01-02 23:00:00-08:00,REAL_TIME_15_MIN,DLAP_SCE-APND,DLAP,44.10806,44.52661,0.0,-0.41855,0.0
2025-01-02 23:00:00-08:00,2025-01-02 23:00:00-08:00,2025-01-02 23:15:00-08:00,REAL_TIME_15_MIN,DLAP_SCE-APND,DLAP,44.53529,44.99878,0.0,-0.46349,0.0
2025-01-02 23:15:00-08:00,2025-01-02 23:15:00-08:00,2025-01-02 23:30:00-08:00,REAL_TIME_15_MIN,DLAP_SCE-APND,DLAP,43.68815,44.00055,0.0,-0.3124,0.0
2025-01-02 23:30:00-08:00,2025-01-02 23:30:00-08:00,2025-01-02 23:45:00-08:00,REAL_TIME_15_MIN,DLAP_SCE-APND,DLAP,42.02344,42.31968,0.0,-0.29624,0.0
2025-01-02 23:45:00-08:00,2025-01-02 23:45:00-08:00,2025-01-03 00:00:00-08:00,REAL_TIME_15_MIN,DLAP_SCE-APND,DLAP,40.62112,40.92396,0.0,-0.30284,0.0
2025-01-03 00:00:00-08:00,2025-01-03 00:00:00-08:00,2025-01-03 00:15:00-08:00,REAL_TIME_15_MIN,DLAP_SCE-APND,DLAP,47.84698,48.37915,0.0,-0.53217,0.0
2025-01-03 00:15:00-08:00,2025-01-03 00:15:00-08:00,2025-01-03 00:30:00-08:00,REAL_TIME_15_MIN,DLAP_SCE-APND,DLAP,47.50066,47.98047,0.0,-0.4798,0.0
2025-01-03 00:30:00-08:00,2025-01-03 00:30:00-08:00,2025-01-03 00:45:00-08:00,REAL_TIME_15_MIN,DLAP_SCE-APND,DLAP,47.27435,47.64599,0.0,-0.37164,0.0
2025-01-03 00:45:00-08:00,2025-01-03 00:45:00-08:00,2025-01-03 01:00:00-08:00,REAL_TIME_15_MIN,DLAP_SCE-APND,DLAP,45.95847,46.14767,0.0,-0.18921,0.0
2025-01-03 01:00:00-08:00,2025-01-03 01:00:00-08:00,2025-01-03 01:15:00-08:00,REAL_TIME_15_MIN,DLAP_SCE-APND,DLAP,46.90484,47.27834,0.0,-0.3735,0.0
2025-01-03 01:15:00-08:00,2025-01-03 01:15:00-08:00,2025-01-03 01:30:00-08:00,REAL_TIME_15_MIN,DLAP_SCE-APND,DLAP,46.85407,47.18911,0.0,-0.33504,0.0
2025-01-03 01:30:00-08:00,2025-01-03 01:30:00-08:00,2025-01-03 01:45:00-08:00,REAL_TIME_15_MIN,DLAP_SCE-APND,DLAP,46.31519,46.59476,0.0,-0.27957,0.0
2025-01-03 01:45:00-08:00,2025-01-03 01:45:00-08:00,2025-01-03 02:00:00-08:00,REAL_TIME_15_MIN,DLAP_SCE-APND,DLAP,45.8693,46.12298,0.0,-0.25368,0.0
2025-01-03 02:00:00-08:00,2025-01-03 02:00:00-08:00,2025-01-03 02:15:00-08:00,REAL_TIME_15_MIN,DLAP_SCE-APND,DLAP,46.96325,47.41846,0.0,-0.45522,0.0
2025-01-03 02:15:00-08:00,2025-01-03 02:15:00-08:00,2025-01-03 02:30:00-08:00,REAL_TIME_15_MIN,DLAP_SCE-APND,DLAP,46.74065,47.12709,0.0,-0.38644,0.0
2025-01-03 02:30:00-08:00,2025-01-03 02:30:00-08:00,2025-01-03 02:45:00-08:00,REAL_TIME_15_MIN,DLAP_SCE-APND,DLAP,46.81216,47.15165,0.0,-0.33949,0.0
2025-01-03 02:45:00-08:00,2025-01-03 02:45:00-08:00,2025-01-03 03:00:00-08:00,REAL_TIME_15_MIN,DLAP_SCE-APND,DLAP,46.45824,46.73397,0.0,-0.27573,0.0
2025-01-03 03:00:00-08:00,2025-01-03 03:00:00-08:00,2025-01-03 03:15:00-08:00,REAL_TIME_15_MIN,DLAP_SCE-APND,DLAP,46.79914,47.07689,0.0,-0.27775,0.0
2025-01-03 03:15:00-08:00,2025-01-03 03:15:00-08:00,2025-01-03 03:30:00-08:00,REAL_TIME_15_MIN,DLAP_SCE-APND,DLAP,46.93918,47.17506,0.0,-0.23588,0.0
2025-01-03 03:30:00-08:00,2025-01-03 03:30:00-08:00,2025-01-03 03:45:00-08:00,REAL_TIME_15_MIN,DLAP_SCE-APND,DLAP,46.94367,47.1938,0.0,-0.25013,0.0
2025-01-03 03:45:00-08:00,2025-01-03 03:45:00-08:00,2025-01-03 04:00:00-08:00,REAL_TIME_15_MIN,DLAP_SCE-APND,DLAP,46.58889,46.84183,0.0,-0.25295,0.0
2025-01-03 04:00:00-08:00,2025-01-03 04:00:00-08:00,2025-01-03 04:15:00-08:00,REAL_TIME_15_MIN,DLAP_SCE-APND,DLAP,46.73683,46.85866,0.0,-0.12183,0.0
2025-01-03 04:15:00-08:00,2025-01-03 04:15:00-08:00,2025-01-03 04:30:00-08:00,REAL_TIME_15_MIN,DLAP_SCE-APND,DLAP,46.83747,47.03029,0.0,-0.19282,0.0
2025-01-03 04:30:00-08:00,2025-01-03 04:30:00-08:00,2025-01-03 04:45:00-08:00,REAL_TIME_15_MIN,DLAP_SCE-APND,DLAP,47.36979,47.67971,0.0,-0.30992,0.0
2025-01-03 04:45:00-08:00,2025-01-03 04:45:00-08:00,2025-01-03 05:00:00-08:00,REAL_TIME_15_MIN,DLAP_SCE-APND,DLAP,47.20631,47.5343,0.0,-0.32799,0.0
2025-01-03 05:00:00-08:00,2025-01-03 05:00:00-08:00,2025-01-03 05:15:00-08:00,REAL_TIME_15_MIN,DLAP_SCE-APND,DLAP,46.84395,46.90493,0.0,-0.06098,0.0
2025-01-03 05:15:00-08:00,2025-01-03 05:15:00-08:00,2025-01-03 05:30:00-08:00,REAL_TIME_15_MIN,DLAP_SCE-APND,DLAP,47.54045,47.85149,0.0,-0.31103,0.0
2025-01-03 05:30:00-08:00,2025-01-03 05:30:00-08:00,2025-01-03 05:45:00-08:00,REAL_TIME_15_MIN,DLAP_SCE-APND,DLAP,47.56277,47.97536,0.0,-0.41259,0.0
2025-01-03 05:45:00-08:00,2025-01-03 05:45:00-08:00,2025-01-03 06:00:00-08:00,REAL_TIME_15_MIN,DLAP_SCE-APND,DLAP,48.46,48.89517,0.0,-0.43517,0.0
2025-01-03 06:00:00-08:00,2025-01-03 06:00:00-08:00,2025-01-03 06:15:00-08:00,REAL_TIME_15_MIN,DLAP_SCE-APND,DLAP,43.73183,44.04455,0.0,-0.31272,0.0
2025-01-03 06:15:00-08:00,2025-01-03 06:15:00-08:00,2025-01-03 06:30:00-08:00,REAL_TIME_15_MIN,DLAP_SCE-APND,DLAP,45.39114,45.82649,0.0,-0.43535,0.0
2025-01-03 06:30:00-08:00,2025-01-03 06:30:00-08:00,2025-01-03 06:45:00-08:00,REAL_TIME_15_MIN,DLAP_SCE-APND,DLAP,46.03395,46.57421,0.0,-0.54026,0.0
2025-01-03 06:45:00-08:00,2025-01-03 06:45:00-08:00,2025-01-03 07:00:00-08:00,REAL_TIME_15_MIN,DLAP_SCE-APND,DLAP,47.05889,47.78037,0.0,-0.72148,0.0
2025-01-03 07:00:00-08:00,2025-01-03 07:00:00-08:00,2025-01-03 07:15:00-08:00,REAL_TIME_15_MIN,DLAP_SCE-APND,DLAP,47.00099,47.81868,0.0,-0.8177,0.0
2025-01-03 07:15:00-08:00,2025-01-03 07:15:00-08:00,2025-01-03 07:30:00-08:00,REAL_TIME_15_MIN,DLAP_SCE-APND,DLAP,45.5517,46.52405,0.0,-0.97235,0.0
2025-01-03 07:30:00-08:00,2025-01-03 07:30:00-08:00,2025-01-03 07:45:00-08:00,REAL_TIME_15_MIN,DLAP_SCE-APND,DLAP,44.12575,45.35021,0.0,-1.22446,0.0
2025-01-03 07:45:00-08:00,2025-01-03 07:45:00-08:00,2025-01-03 08:00:00-08:00,REAL_TIME_15_MIN,DLAP_SCE-APND,DLAP,40.0584,41.25054,0.0,-1.19214,0.0
2025-01-03 08:00:00-08:00,2025-01-03 08:00:00-08:00,2025-01-03 08:15:00-08:00,REAL_TIME_15_MIN,DLAP_SCE-APND,DLAP,47.56795,49.03407,0.0,-1.46612,0.0
2025-01-03 08:15:00-08:00,2025-01-03 08:15:00-08:00,2025-01-03 08:30:00-08:00,REAL_TIME_15_MIN,DLAP_SCE-APND,DLAP,45.37985,46.89454,0.0,-1.51469,0.0
2025-01-03 08:30:00-08:00,2025-01-03 08:30:00-08:00,2025-01-03 08:45:00-08:00,REAL_TIME_15_MIN,DLAP_SCE-APND,DLAP,40.5458,42.24401,0.0,-1.69821,0.0
2025-01-03 08:45:00-08:00,2025-01-03 08:45:00-08:00,2025-01-03 09:00:00-08:00,REAL_TIME_15_MIN,DLAP_SCE-APND,DLAP,36.28787,38.06121,-0.0035,-1.76985,0.0
2025-01-03 09:00:00-08:00,2025-01-03 09:00:00-08:00,2025-01-03 09:15:00-08:00,REAL_TIME_15_MIN,DLAP_SCE-APND,DLAP,39.78033,41.87844,0.0,-2.09811,0.0
2025-01-03 09:15:00-08:00,2025-01-03 09:15:00-08:00,2025-01-03 09:30:00-08:00,REAL_TIME_15_MIN,DLAP_SCE-APND,DLAP,38.34324,40.41235,0.0,-2.06911,0.0
2025-01-03 09:30:00-08:00,2025-01-03 09:30:00-08:00,2025-01-03 09:45:00-08:00,REAL_TIME_15_MIN,DLAP_SCE-APND,DLAP,36.65558,38.72937,-0.00177,-2.07202,0.0
2025-01-03 09:45:00-08:00,2025-01-03 09:45:00-08:00,2025-01-03 10:00:00-08:00,REAL_TIME_15_MIN,DLAP_SCE-APND,DLAP,37.57961,40.14233,-0.33481,-2.2279,0.0
2025-01-03 10:00:00-08:00,2025-01-03 10:00:00-08:00,2025-01-03 10:15:00-08:00,REAL_TIME_15_MIN,DLAP_SCE-APND,DLAP,41.87685,44.39118,-0.00179,-2.51254,0.0
2025-01-03 10:15:00-08:00,2025-01-03 10:15:00-08:00,2025-01-03 10:30:00-08:00,REAL_TIME_15_MIN,DLAP_SCE-APND,DLAP,42.27559,44.86902,0.0,-2.59343,0.0
2025-01-03 10:30:00-08:00,2025-01-03 10:30:00-08:00,2025-01-03 10:45:00-08:00,REAL_TIME_15_MIN,DLAP_SCE-APND,DLAP,37.70102,40.13866,-0.00122,-2.43642,0.0
2025-01-03 10:45:00-08:00,2025-01-03 10:45:00-08:00,2025-01-03 11:00:00-08:00,REAL_TIME_15_MIN,DLAP_SCE-APND,DLAP,35.90084,38.5774,-0.41592,-2.26064,0.0
2025-01-03 11:00:00-08:00,2025-01-03 11:00:00-08:00,2025-01-03 11:15:00-08:00,REAL_TIME_15_MIN,DLAP_SCE-APND,DLAP,36.03625,38.49672,-0.32775,-2.13272,0.0
2025-01-03 11:15:00-08:00,2025-01-03 11:15:00-08:00,2025-01-03 11:30:00-08:00,REAL_TIME_15_MIN,DLAP_SCE-APND,DLAP,34.80112,36.89311,-0.07025,-2.02174,0.0
2025-01-03 11:30:00-08:00,2025-01-03 11:30:00-08:00,2025-01-03 11:45:00-08:00,REAL_TIME_15_MIN,DLAP_SCE-APND,DLAP,34.10902,36.04462,0.0,-1.9356,0.0
2025-01-03 11:45:00-08:00,2025-01-03 11:45:00-08:00,2025-01-03 12:00:00-08:00,REAL_TIME_15_MIN,DLAP_SCE-APND,DLAP,34.37331,37.29926,-0.75141,-2.17455,0.0
2025-01-03 12:00:00-08:00,2025-01-03 12:00:00-08:00,2025-01-03 12:15:00-08:00,REAL_TIME_15_MIN,DLAP_SCE-APND,DLAP,34.09546,36.96126,-0.80336,-2.06244,0.0
2025-01-03 12:15:00-08:00,2025-01-03 12:15:00-08:00,2025-01-03 12:30:00-08:00,REAL_TIME_15_MIN,DLAP_SCE-APND,DLAP,34.54299,36.85856,-0.23306,-2.08251,0.0
2025-01-03 12:30:00-08:00,2025-01-03 12:30:00-08:00,2025-01-03 12:45:00-08:00,REAL_TIME_15_MIN,DLAP_SCE-APND,DLAP,32.38516,35.99425,-1.88497,-1.72412,0.0
2025-01-03 12:45:00-08:00,2025-01-03 12:45:00-08:00,2025-01-03 13:00:00-08:00,REAL_TIME_15_MIN,DLAP_SCE-APND,DLAP,30.92293,34.31395,-1.88121,-1.50981,0.0
2025-01-03 13:00:00-08:00,2025-01-03 13:00:00-08:00,2025-01-03 13:15:00-08:00,REAL_TIME_15_MIN,DLAP_SCE-APND,DLAP,31.41511,32.95623,-0.00866,-1.53246,0.0
2025-01-03 13:15:00-08:00,2025-01-03 13:15:00-08:00,2025-01-03 13:30:00-08:00,REAL_TIME_15_MIN,DLAP_SCE-APND,DLAP,31.16224,32.57851,-0.00562,-1.41065,0.0
2025-01-03 13:30:00-08:00,2025-01-03 13:30:00-08:00,2025-01-03 13:45:00-08:00,REAL_TIME_15_MIN,DLAP_SCE-APND,DLAP,31.23823,32.6057,-0.00455,-1.36292,0.0
2025-01-03 13:45:00-08:00,2025-01-03 13:45:00-08:00,2025-01-03 14:00:00-08:00,REAL_TIME_15_MIN,DLAP_SCE-APND,DLAP,31.0346,32.47407,0.00562,-1.4451,0.0
2025-01-03 14:00:00-08:00,2025-01-03 14:00:00-08:00,2025-01-03 14:15:00-08:00,REAL_TIME_15_MIN,DLAP_SCE-APND,DLAP,29.19822,30.43505,-0.02856,-1.20827,0.0
2025-01-03 14:15:00-08:00,2025-01-03 14:15:00-08:00,2025-01-03 14:30:00-08:00,REAL_TIME_15_MIN,DLAP_SCE-APND,DLAP,31.18212,32.29595,0.19416,-1.30799,0.0
2025-01-03 14:30:00-08:00,2025-01-03 14:30:00-08:00,2025-01-03 14:45:00-08:00,REAL_TIME_15_MIN,DLAP_SCE-APND,DLAP,34.32942,33.31231,2.26299,-1.24588,0.0
2025-01-03 14:45:00-08:00,2025-01-03 14:45:00-08:00,2025-01-03 15:00:00-08:00,REAL_TIME_15_MIN,DLAP_SCE-APND,DLAP,31.19699,32.38623,0.01229,-1.20153,0.0
2025-01-03 15:00:00-08:00,2025-01-03 15:00:00-08:00,2025-01-03 15:15:00-08:00,REAL_TIME_15_MIN,DLAP_SCE-APND,DLAP,31.57917,32.31493,0.54714,-1.2829,0.0
2025-01-03 15:15:00-08:00,2025-01-03 15:15:00-08:00,2025-01-03 15:30:00-08:00,REAL_TIME_15_MIN,DLAP_SCE-APND,DLAP,32.39123,33.71979,0.0,-1.32856,0.0
2025-01-03 15:30:00-08:00,2025-01-03 15:30:00-08:00,2025-01-03 15:45:00-08:00,REAL_TIME_15_MIN,DLAP_SCE-APND,DLAP,35.28482,36.51539,0.0,-1.23057,0.0
2025-01-03 15:45:00-08:00,2025-01-03 15:45:00-08:00,2025-01-03 16:00:00-08:00,REAL_TIME_15_MIN,DLAP_SCE-APND,DLAP,40.25127,41.65073,0.0,-1.39946,0.0
2025-01-03 16:00:00-08:00,2025-01-03 16:00:00-08:00,2025-01-03 16:15:00-08:00,REAL_TIME_15_MIN,DLAP_SCE-APND,DLAP,35.53474,36.6262,0.0,-1.09146,0.0
2025-01-03 16:15:00-08:00,2025-01-03 16:15:00-08:00,2025-01-03 16:30:00-08:00,REAL_TIME_15_MIN,DLAP_SCE-APND,DLAP,36.31059,37.39504,0.0,-1.08446,0.0
2025-01-03 16:30:00-08:00,2025-01-03 16:30:00-08:00,2025-01-03 16:45:00-08:00,REAL_TIME_15_MIN,DLAP_SCE-APND,DLAP,44.66995,45.90446,0.2023,-1.43681,0.0
2025-01-03 16:45:00-08:00,2025-01-03 16:45:00-08:00,2025-01-03 17:00:00-08:00,REAL_TIME_15_MIN,DLAP_SCE-APND,DLAP,45.94734,47.38794,0.0,-1.44059,0.0
2025-01-03 17:00:00-08:00,2025-01-03 17:00:00-08:00,2025-01-03 17:15:00-08:00,REAL_TIME_15_MIN,DLAP_SCE-APND,DLAP,46.32683,47.38837,0.47858,-1.54012,0.0
2025-01-03 17:15:00-08:00,2025-01-03 17:15:00-08:00,2025-01-03 17:30:00-08:00,REAL_TIME_15_MIN,DLAP_SCE-APND,DLAP,46.6255,47.84689,0.40541,-1.62679,0.0
2025-01-03 17:30:00-08:00,2025-01-03 17:30:00-08:00,2025-01-03 17:45:00-08:00,REAL_TIME_15_MIN,DLAP_SCE-APND,DLAP,47.03943,47.75657,0.8636,-1.58074,0.0
2025-01-03 17:45:00-08:00,2025-01-03 17:45:00-08:00,2025-01-03 18:00:00-08:00,REAL_TIME_15_MIN,DLAP_SCE-APND,DLAP,45.73,46.65146,0.64603,-1.56749,0.0
2025-01-03 18:00:00-08:00,2025-01-03 18:00:00-08:00,2025-01-03 18:15:00-08:00,REAL_TIME_15_MIN,DLAP_SCE-APND,DLAP,45.81397,47.32359,0.0,-1.50962,0.0
2025-01-03 18:15:00-08:00,2025-01-03 18:15:00-08:00,2025-01-03 18:30:00-08:00,REAL_TIME_15_MIN,DLAP_SCE-APND,DLAP,43.67089,45.13787,0.0,-1.46698,0.0
2025-01-03 18:30:00-08:00,2025-01-03 18:30:00-08:00,2025-01-03 18:45:00-08:00,REAL_TIME_15_MIN,DLAP_SCE-APND,DLAP,42.73684,44.12228,0.0,-1.38544,0.0
2025-01-03 18:45:00-08:00,2025-01-03 18:45:00-08:00,2025-01-03 19:00:00-08:00,REAL_TIME_15_MIN,DLAP_SCE-APND,DLAP,42.06958,43.48726,0.0,-1.41768,0.0
2025-01-03 19:00:00-08:00,2025-01-03 19:00:00-08:00,2025-01-03 19:15:00-08:00,REAL_TIME_15_MIN,DLAP_SCE-APND,DLAP,40.45778,41.61466,0.0,-1.15689,0.0
2025-01-03 19:15:00-08:00,2025-01-03 19:15:00-08:00,2025-01-03 19:30:00-08:00,REAL_TIME_15_MIN,DLAP_SCE-APND,DLAP,41.04462,41.27958,0.90848,-1.14344,0.0
2025-01-03 19:30:00-08:00,2025-01-03 19:30:00-08:00,2025-01-03 19:45:00-08:00,REAL_TIME_15_MIN,DLAP_SCE-APND,DLAP,41.24307,41.47074,0.90033,-1.128,0.0
2025-01-03 19:45:00-08:00,2025-01-03 19:45:00-08:00,2025-01-03 20:00:00-08:00,REAL_TIME_15_MIN,DLAP_SCE-APND,DLAP,40.36816,41.53958,0.0,-1.17142,0.0
2025-01-03 20:00:00-08:00,2025-01-03 20:00:00-08:00,2025-01-03 20:15:00-08:00,REAL_TIME_15_MIN,DLAP_SCE-APND,DLAP,39.30894,40.27334,0.21158,-1.17598,0.0
2025-01-03 20:15:00-08:00,2025-01-03 20:15:00-08:00,2025-01-03 20:30:00-08:00,REAL_TIME_15_MIN,DLAP_SCE-APND,DLAP,38.85859,39.98208,0.0,-1.1235,0.0
2025-01-03 20:30:00-08:00,2025-01-03 20:30:00-08:00,2025-01-03 20:45:00-08:00,REAL_TIME_15_MIN,DLAP_SCE-APND,DLAP,39.27459,40.41427,0.0,-1.13968,0.0
2025-01-03 20:45:00-08:00,2025-01-03 20:45:00-08:00,2025-01-03 21:00:00-08:00,REAL_TIME_15_MIN,DLAP_SCE-APND,DLAP,38.75917,39.89621,0.0,-1.13704,0.0
2025-01-03 21:00:00-08:00,2025-01-03 21:00:00-08:00,2025-01-03 21:15:00-08:00,REAL_TIME_15_MIN,DLAP_SCE-APND,DLAP,38.23066,39.2512,0.0,-1.02053,0.0
2025-01-03 21:15:00-08:00,2025-01-03 21:15:00-08:00,2025-01-03 21:30:00-08:00,REAL_TIME_15_MIN,DLAP_SCE-APND,DLAP,40.08091,41.04127,0.0,-0.96037,0.0
2025-01-03 21:30:00-08:00,2025-01-03 21:30:00-08:00,2025-01-03 21:45:00-08:00,REAL_TIME_15_MIN,DLAP_SCE-APND,DLAP,38.15903,38.96562,0.0,-0.80659,0.0
2025-01-03 21:45:00-08:00,2025-01-03 21:45:00-08:00,2025-01-03 22:00:00-08:00,REAL_TIME_15_MIN,DLAP_SCE-APND,DLAP,37.66777,38.44042,0.0,-0.77265,0.0
2025-01-03 22:00:00-08:00,2025-01-03 22:00:00-08:00,2025-01-03 22:15:00-08:00,REAL_TIME_15_MIN,DLAP_SCE-APND,DLAP,37.80835,38.83356,0.0,-1.02521,0.0
2025-01-03 22:15:00-08:00,2025-01-03 22:15:00-08:00,2025-01-03 22:30:00-08:00,REAL_TIME_15_MIN,DLAP_SCE-APND,DLAP,37.08365,38.02281,0.0,-0.93916,0.0
2025-01-03 22:30:00-08:00,2025-01-03 22:30:00-08:00,2025-01-03 22:45:00-08:00,REAL_TIME_15_MIN,DLAP_SCE-APND,DLAP,36.66014,37.50781,0.0,-0.84768,0.0
2025-01-03 22:45:00-08:00,2025-01-03 22:45:00-08:00,2025-01-03 23:00:00-08:00,REAL_TIME_15_MIN,DLAP_SCE-APND,DLAP,35.62413,36.37714,0.0,-0.75301,0.0
2025-01-03 23:00:00-08:00,2025-01-03 23:00:00-08:00,2025-01-03 23:15:00-08:00,REAL_TIME_15_MIN,DLAP_SCE-APND,DLAP,36.60224,37.40648,0.0,-0.80424,0.0
2025-01-03 23:15:00-08:00,2025-01-03 23:15:00-08:00,2025-01-03 23:30:00-08:00,REAL_TIME_15_MIN,DLAP_SCE-APND,DLAP,35.63051,36.37251,0.0,-0.742,0.0
2025-01-03 23:30:00-08:00,2025-01-03 23:30:00-08:00,2025-01-03 23:45:00-08:00,REAL_TIME_15_MIN,DLAP_SCE-APND,DLAP,35.21419,35.96588,0.0,-0.75169,0.0
2025-01-03 23:45:00-08:00,2025-01-03 23:45:00-08:00,2025-01-04 00:00:00-08:00,REAL_TIME_15_MIN,DLAP_SCE-APND,DLAP,33.55118,34.334,0.0,-0.78282,0.0
2025-01-04 00:00:00-08:00,2025-01-04 00:00:00-08:00,2025-01-04 00:15:00-08:00,REAL_TIME_15_MIN,DLAP_SCE-APND,DLAP,31.85683,33.10209,-0.01386,-1.2314,0.0
2025-01-04 00:15:00-08:00,2025-01-04 00:15:00-08:00,2025-01-04 00:30:00-08:00,REAL_TIME_15_MIN,DLAP_SCE-APND,DLAP,31.69841,32.89241,0.0,-1.19399,0.0
2025-01-04 00:30:00-08:00,2025-01-04 00:30:00-08:00,2025-01-04 00:45:00-08:00,REAL_TIME_15_MIN,DLAP_SCE-APND,DLAP,30.78768,31.77599,0.06983,-1.05814,0.0
2025-01-04 00:45:00-08:00,2025-01-04 00:45:00-08:00,2025-01-04 01:00:00-08:00,REAL_TIME_15_MIN,DLAP_SCE-APND,DLAP,30.45772,31.41134,0.07667,-1.03029,0.0
2025-01-04 01:00:00-08:00,2025-01-04 01:00:00-08:00,2025-01-04 01:15:00-08:00,REAL_TIME_15_MIN,DLAP_SCE-APND,DLAP,30.48503,31.55039,0.02313,-1.08849,0.0
2025-01-04 01:15:00-08:00,2025-01-04 01:15:00-08:00,2025-01-04 01:30:00-08:00,REAL_TIME_15_MIN,DLAP_SCE-APND,DLAP,29.66676,30.69535,0.06416,-1.09275,0.0
2025-01-04 01:30:00-08:00,2025-01-04 01:30:00-08:00,2025-01-04 01:45:00-08:00,REAL_TIME_15_MIN,DLAP_SCE-APND,DLAP,30.47387,31.49103,0.0,-1.01716,0.0
2025-01-04 01:45:00-08:00,2025-01-04 01:45:00-08:00,2025-01-04 02:00:00-08:00,REAL_TIME_15_MIN,DLAP_SCE-APND,DLAP,29.75704,30.71545,0.00606,-0.96447,0.0
2025-01-04 02:00:00-08:00,2025-01-04 02:00:00-08:00,2025-01-04 02:15:00-08:00,REAL_TIME_15_MIN,DLAP_SCE-APND,DLAP,30.12852,31.24069,0.0,-1.11217,0.0
2025-01-04 02:15:00-08:00,2025-01-04 02:15:00-08:00,2025-01-04 02:30:00-08:00,REAL_TIME_15_MIN,DLAP_SCE-APND,DLAP,30.45854,31.58617,0.0,-1.12763,0.0
2025-01-04 02:30:00-08:00,2025-01-04 02:30:00-08:00,2025-01-04 02:45:00-08:00,REAL_TIME_15_MIN,DLAP_SCE-APND,DLAP,30.44962,31.53767,0.0,-1.08805,0.0
2025-01-04 02:45:00-08:00,2025-01-04 02:45:00-08:00,2025-01-04 03:00:00-08:00,REAL_TIME_15_MIN,DLAP_SCE-APND,DLAP,29.66019,30.62804,0.0,-0.96785,0.0
2025-01-04 03:00:00-08:00,2025-01-04 03:00:00-08:00,2025-01-04 03:15:00-08:00,REAL_TIME_15_MIN,DLAP_SCE-APND,DLAP,29.66633,30.64387,0.0,-0.97754,0.0
2025-01-04 03:15:00-08:00,2025-01-04 03:15:00-08:00,2025-01-04 03:30:00-08:00,REAL_TIME_15_MIN,DLAP_SCE-APND,DLAP,29.7225,30.68287,0.0,-0.96037,0.0
2025-01-04 03:30:00-08:00,2025-01-04 03:30:00-08:00,2025-01-04 03:45:00-08:00,REAL_TIME_15_MIN,DLAP_SCE-APND,DLAP,32.46099,33.44425,0.0,-0.98326,0.0
2025-01-04 03:45:00-08:00,2025-01-04 03:45:00-08:00,2025-01-04 04:00:00-08:00,REAL_TIME_15_MIN,DLAP_SCE-APND,DLAP,31.47613,32.42288,0.0,-0.94675,0.0
2025-01-04 04:00:00-08:00,2025-01-04 04:00:00-08:00,2025-01-04 04:15:00-08:00,REAL_TIME_15_MIN,DLAP_SCE-APND,DLAP,33.33846,34.28824,0.0,-0.94978,0.0
2025-01-04 04:15:00-08:00,2025-01-04 04:15:00-08:00,2025-01-04 04:30:00-08:00,REAL_TIME_15_MIN,DLAP_SCE-APND,DLAP,33.34477,34.30179,0.0,-0.95702,0.0
2025-01-04 04:30:00-08:00,2025-01-04 04:30:00-08:00,2025-01-04 04:45:00-08:00,REAL_TIME_15_MIN,DLAP_SCE-APND,DLAP,34.27826,35.0924,0.0,-0.81414,0.0
2025-01-04 04:45:00-08:00,2025-01-04 04:45:00-08:00,2025-01-04 05:00:00-08:00,REAL_TIME_15_MIN,DLAP_SCE-APND,DLAP,34.17251,35.01282,0.0,-0.84031,0.0
2025-01-04 05:00:00-08:00,2025-01-04 05:00:00-08:00,2025-01-04 05:15:00-08:00,REAL_TIME_15_MIN,DLAP_SCE-APND,DLAP,34.25506,35.05429,0.0,-0.79924,0.0
2025-01-04 05:15:00-08:00,2025-01-04 05:15:00-08:00,2025-01-04 05:30:00-08:00,REAL_TIME_15_MIN,DLAP_SCE-APND,DLAP,38.19526,39.10243,0.0,-0.90718,0.0
2025-01-04 05:30:00-08:00,2025-01-04 05:30:00-08:00,2025-01-04 05:45:00-08:00,REAL_TIME_15_MIN,DLAP_SCE-APND,DLAP,36.29811,37.26322,0.0,-0.96512,0.0
2025-01-04 05:45:00-08:00,2025-01-04 05:45:00-08:00,2025-01-04 06:00:00-08:00,REAL_TIME_15_MIN,DLAP_SCE-APND,DLAP,35.14244,36.12133,0.0,-0.97889,0.0
2025-01-04 06:00:00-08:00,2025-01-04 06:00:00-08:00,2025-01-04 06:15:00-08:00,REAL_TIME_15_MIN,DLAP_SCE-APND,DLAP,35.06923,35.86178,0.0,-0.79255,0.0
2025-01-04 06:15:00-08:00,2025-01-04 06:15:00-08:00,2025-01-04 06:30:00-08:00,REAL_TIME_15_MIN,DLAP_SCE-APND,DLAP,35.33718,36.18759,0.0,-0.85041,0.0
2025-01-04 06:30:00-08:00,2025-01-04 06:30:00-08:00,2025-01-04 06:45:00-08:00,REAL_TIME_15_MIN,DLAP_SCE-APND,DLAP,36.41474,37.36378,0.0,-0.94904,0.0
2025-01-04 06:45:00-08:00,2025-01-04 06:45:00-08:00,2025-01-04 07:00:00-08:00,REAL_TIME_15_MIN,DLAP_SCE-APND,DLAP,36.57208,37.63334,0.0,-1.06126,0.0
2025-01-04 07:00:00-08:00,2025-01-04 07:00:00-08:00,2025-01-04 07:15:00-08:00,REAL_TIME_15_MIN,DLAP_SCE-APND,DLAP,36.48395,37.78762,0.0,-1.30367,0.0
2025-01-04 07:15:00-08:00,2025-01-04 07:15:00-08:00,2025-01-04 07:30:00-08:00,REAL_TIME_15_MIN,DLAP_SCE-APND,DLAP,36.35146,37.79131,0.0,-1.43985,0.0
2025-01-04 07:30:00-08:00,2025-01-04 07:30:00-08:00,2025-01-04 07:45:00-08:00,REAL_TIME_15_MIN,DLAP_SCE-APND,DLAP,32.56005,34.03856,-0.00123,-1.47727,0.0
2025-01-04 07:45:00-08:00,2025-01-04 07:45:00-08:00,2025-01-04 08:00:00-08:00,REAL_TIME_15_MIN,DLAP_SCE-APND,DLAP,25.03277,29.51041,-3.17623,-1.30141,0.0
2025-01-04 08:00:00-08:00,2025-01-04 08:00:00-08:00,2025-01-04 08:15:00-08:00,REAL_TIME_15_MIN,DLAP_SCE-APND,DLAP,29.99851,32.86269,-1.34263,-1.52154,0.0
2025-01-04 08:15:00-08:00,2025-01-04 08:15:00-08:00,2025-01-04 08:30:00-08:00,REAL_TIME_15_MIN,DLAP_SCE-APND,DLAP,23.73944,29.27131,-4.15612,-1.37575,0.0
2025-01-04 08:30:00-08:00,2025-01-04 08:30:00-08:00,2025-01-04 08:45:00-08:00,REAL_TIME_15_MIN,DLAP_SCE-APND,DLAP,22.39619,25.92403,-2.22386,-1.30398,0.0
2025-01-04 08:45:00-08:00,2025-01-04 08:45:00-08:00,2025-01-04 09:00:00-08:00,REAL_TIME_15_MIN,DLAP_SCE-APND,DLAP,13.60795,22.91812,-8.3499,-0.96027,0.0
2025-01-04 09:00:00-08:00,2025-01-04 09:00:00-08:00,2025-01-04 09:15:00-08:00,REAL_TIME_15_MIN,DLAP_SCE-APND,DLAP,19.87091,26.77231,-5.94027,-0.96113,0.0
2025-01-04 09:15:00-08:00,2025-01-04 09:15:00-08:00,2025-01-04 09:30:00-08:00,REAL_TIME_15_MIN,DLAP_SCE-APND,DLAP,18.41903,25.91963,-6.59601,-0.9046,0.0
2025-01-04 09:30:00-08:00,2025-01-04 09:30:00-08:00,2025-01-04 09:45:00-08:00,REAL_TIME_15_MIN,DLAP_SCE-APND,DLAP,17.14713,24.34052,-6.33173,-0.86165,0.0
2025-01-04 09:45:00-08:00,2025-01-04 09:45:00-08:00,2025-01-04 10:00:00-08:00,REAL_TIME_15_MIN,DLAP_SCE-APND,DLAP,10.84096,19.27414,-7.76243,-0.67074,0.0
2025-01-04 10:00:00-08:00,2025-01-04 10:00:00-08:00,2025-01-04 10:15:00-08:00,REAL_TIME_15_MIN,DLAP_SCE-APND,DLAP,9.72608,19.41451,-8.99145,-0.69698,0.0
2025-01-04 10:15:00-08:00,2025-01-04 10:15:00-08:00,2025-01-04 10:30:00-08:00,REAL_TIME_15_MIN,DLAP_SCE-APND,DLAP,9.72479,18.82413,-8.45366,-0.64567,0.0
2025-01-04 10:30:00-08:00,2025-01-04 10:30:00-08:00,2025-01-04 10:45:00-08:00,REAL_TIME_15_MIN,DLAP_SCE-APND,DLAP,7.47673,17.45904,-9.35728,-0.62503,0.0
2025-01-04 10:45:00-08:00,2025-01-04 10:45:00-08:00,2025-01-04 11:00:00-08:00,REAL_TIME_15_MIN,DLAP_SCE-APND,DLAP,6.05175,15.33193,-8.7221,-0.55808,0.0
2025-01-04 11:00:00-08:00,2025-01-04 11:00:00-08:00,2025-01-04 11:15:00-08:00,REAL_TIME_15_MIN,DLAP_SCE-APND,DLAP,7.26665,16.12614,-8.25476,-0.60473,0.0
2025-01-04 11:15:00-08:00,2025-01-04 11:15:00-08:00,2025-01-04 11:30:00-08:00,REAL_TIME_15_MIN,DLAP_SCE-APND,DLAP,11.00546,16.23402,-4.64088,-0.58767,0.0
2025-01-04 11:30:00-08:00,2025-01-04 11:30:00-08:00,2025-01-04 11:45:00-08:00,REAL_TIME_15_MIN,DLAP_SCE-APND,DLAP,8.14085,13.54354,-4.9395,-0.46319,0.0
2025-01-04 11:45:00-08:00,2025-01-04 11:45:00-08:00,2025-01-04 12:00:00-08:00,REAL_TIME_15_MIN,DLAP_SCE-APND,DLAP,7.62766,13.95511,-5.82228,-0.50517,0.0
2025-01-04 12:00:00-08:00,2025-01-04 12:00:00-08:00,2025-01-04 12:15:00-08:00,REAL_TIME_15_MIN,DLAP_SCE-APND,DLAP,13.2606,22.10809,-7.95874,-0.88875,0.0
2025-01-04 12:15:00-08:00,2025-01-04 12:15:00-08:00,2025-01-04 12:30:00-08:00,REAL_TIME_15_MIN,DLAP_SCE-APND,DLAP,14.81033,22.44169,-6.76511,-0.86625,0.0
2025-01-04 12:30:00-08:00,2025-01-04 12:30:00-08:00,2025-01-04 12:45:00-08:00,REAL_TIME_15_MIN,DLAP_SCE-APND,DLAP,7.53845,20.75761,-12.38885,-0.8303,0.0
2025-01-04 12:45:00-08:00,2025-01-04 12:45:00-08:00,2025-01-04 13:00:00-08:00,REAL_TIME_15_MIN,DLAP_SCE-APND,DLAP,1.69225,20.17686,-17.64727,-0.83734,0.0
2025-01-04 13:00:00-08:00,2025-01-04 13:00:00-08:00,2025-01-04 13:15:00-08:00,REAL_TIME_15_MIN,DLAP_SCE-APND,DLAP,0.7991,15.33912,-13.90038,-0.63964,0.0
2025-01-04 13:15:00-08:00,2025-01-04 13:15:00-08:00,2025-01-04 13:30:00-08:00,REAL_TIME_15_MIN,DLAP_SCE-APND,DLAP,-3.71141,13.3587,-16.50102,-0.56908,0.0
2025-01-04 13:30:00-08:00,2025-01-04 13:30:00-08:00,2025-01-04 13:45:00-08:00,REAL_TIME_15_MIN,DLAP_SCE-APND,DLAP,-9.69932,13.75011,-22.84443,-0.605,0.0
2025-01-04 13:45:00-08:00,2025-01-04 13:45:00-08:00,2025-01-04 14:00:00-08:00,REAL_TIME_15_MIN,DLAP_SCE-APND,DLAP,-8.08785,14.06386,-21.54274,-0.60897,0.0
2025-01-04 14:00:00-08:00,2025-01-04 14:00:00-08:00,2025-01-04 14:15:00-08:00,REAL_TIME_15_MIN,DLAP_SCE-APND,DLAP,-6.84426,13.80116,-20.0506,-0.59483,0.0
2025-01-04 14:15:00-08:00,2025-01-04 14:15:00-08:00,2025-01-04 14:30:00-08:00,REAL_TIME_15_MIN,DLAP_SCE-APND,DLAP,-5.13052,15.53968,-19.98956,-0.68064,0.0
2025-01-04 14:30:00-08:00,2025-01-04 14:30:00-08:00,2025-01-04 14:45:00-08:00,REAL_TIME_15_MIN,DLAP_SCE-APND,DLAP,-5.30725,17.16528,-21.70697,-0.76557,0.0
2025-01-04 14:45:00-08:00,2025-01-04 14:45:00-08:00,2025-01-04 15:00:00-08:00,REAL_TIME_15_MIN,DLAP_SCE-APND,DLAP,0.9235,19.88877,-18.10011,-0.86516,0.0
2025-01-04 15:00:00-08:00,2025-01-04 15:00:00-08:00,2025-01-04 15:15:00-08:00,REAL_TIME_15_MIN,DLAP_SCE-APND,DLAP,-3.82728,16.13963,-19.23579,-0.73113,0.0
2025-01-04 15:15:00-08:00,2025-01-04 15:15:00-08:00,2025-01-04 15:30:00-08:00,REAL_TIME_15_MIN,DLAP_SCE-APND,DLAP,19.66212,25.99079,-5.09671,-1.23196,0.0
2025-01-04 15:30:00-08:00,2025-01-04 15:30:00-08:00,2025-01-04 15:45:00-08:00,REAL_TIME_15_MIN,DLAP_SCE-APND,DLAP,35.2467,35.2467,0.0,0.0,0.0
2025-01-04 15:45:00-08:00,2025-01-04 15:45:00-08:00,2025-01-04 16:00:00-08:00,REAL_TIME_15_MIN,DLAP_SCE-APND,DLAP,41.25782,42.99481,0.0,-1.73699,0.0
2025-01-04 16:00:00-08:00,2025-01-04 16:00:00-08:00,2025-01-04 16:15:00-08:00,REAL_TIME_15_MIN,DLAP_SCE-APND,DLAP,32.93908,30.90085,3.04252,-1.00428,0.0
2025-01-04 16:15:00-08:00,2025-01-04 16:15:00-08:00,2025-01-04 16:30:00-08:00,REAL_TIME_15_MIN,DLAP_SCE-APND,DLAP,36.0639,36.16035,0.97751,-1.07396,0.0
2025-01-04 16:30:00-08:00,2025-01-04 16:30:00-08:00,2025-01-04 16:45:00-08:00,REAL_TIME_15_MIN,DLAP_SCE-APND,DLAP,41.16186,41.44307,0.92893,-1.21014,0.0
2025-01-04 16:45:00-08:00,2025-01-04 16:45:00-08:00,2025-01-04 17:00:00-08:00,REAL_TIME_15_MIN,DLAP_SCE-APND,DLAP,44.91135,45.16332,1.36487,-1.61685,0.0
2025-01-04 17:00:00-08:00,2025-01-04 17:00:00-08:00,2025-01-04 17:15:00-08:00,REAL_TIME_15_MIN,DLAP_SCE-APND,DLAP,38.10049,35.14785,4.46049,-1.50784,0.0
2025-01-04 17:15:00-08:00,2025-01-04 17:15:00-08:00,2025-01-04 17:30:00-08:00,REAL_TIME_15_MIN,DLAP_SCE-APND,DLAP,38.43426,36.34991,3.71283,-1.62848,0.0
2025-01-04 17:30:00-08:00,2025-01-04 17:30:00-08:00,2025-01-04 17:45:00-08:00,REAL_TIME_15_MIN,DLAP_SCE-APND,DLAP,39.34163,38.77181,2.31067,-1.74085,0.0
2025-01-04 17:45:00-08:00,2025-01-04 17:45:00-08:00,2025-01-04 18:00:00-08:00,REAL_TIME_15_MIN,DLAP_SCE-APND,DLAP,39.73658,38.75622,2.72439,-1.74403,0.0
2025-01-04 18:00:00-08:00,2025-01-04 18:00:00-08:00,2025-01-04 18:15:00-08:00,REAL_TIME_15_MIN,DLAP_SCE-APND,DLAP,38.8313,41.78876,-1.31098,-1.64648,0.0
2025-01-04 18:15:00-08:00,2025-01-04 18:15:00-08:00,2025-01-04 18:30:00-08:00,REAL_TIME_15_MIN,DLAP_SCE-APND,DLAP,37.91142,39.9713,-0.505,-1.55488,0.0
2025-01-04 18:30:00-08:00,2025-01-04 18:30:00-08:00,2025-01-04 18:45:00-08:00,REAL_TIME_15_MIN,DLAP_SCE-APND,DLAP,37.9271,38.59426,0.84573,-1.5129,0.0
2025-01-04 18:45:00-08:00,2025-01-04 18:45:00-08:00,2025-01-04 19:00:00-08:00,REAL_TIME_15_MIN,DLAP_SCE-APND,DLAP,37.66459,36.56498,2.59877,-1.49916,0.0
2025-01-04 19:00:00-08:00,2025-01-04 19:00:00-08:00,2025-01-04 19:15:00-08:00,REAL_TIME_15_MIN,DLAP_SCE-APND,DLAP,36.85492,37.46595,0.94381,-1.55484,0.0
2025-01-04 19:15:00-08:00,2025-01-04 19:15:00-08:00,2025-01-04 19:30:00-08:00,REAL_TIME_15_MIN,DLAP_SCE-APND,DLAP,36.90755,37.33553,1.18866,-1.61663,0.0
2025-01-04 19:30:00-08:00,2025-01-04 19:30:00-08:00,2025-01-04 19:45:00-08:00,REAL_TIME_15_MIN,DLAP_SCE-APND,DLAP,41.51603,42.17062,1.02801,-1.68261,0.0
2025-01-04 19:45:00-08:00,2025-01-04 19:45:00-08:00,2025-01-04 20:00:00-08:00,REAL_TIME_15_MIN,DLAP_SCE-APND,DLAP,41.59121,42.24441,0.98166,-1.63486,0.0
2025-01-04 20:00:00-08:00,2025-01-04 20:00:00-08:00,2025-01-04 20:15:00-08:00,REAL_TIME_15_MIN,DLAP_SCE-APND,DLAP,41.73295,39.76254,3.58079,-1.61038,0.0
2025-01-04 20:15:00-08:00,2025-01-04 20:15:00-08:00,2025-01-04 20:30:00-08:00,REAL_TIME_15_MIN,DLAP_SCE-APND,DLAP,40.97316,39.66951,2.9658,-1.66215,0.0
2025-01-04 20:30:00-08:00,2025-01-04 20:30:00-08:00,2025-01-04 20:45:00-08:00,REAL_TIME_15_MIN,DLAP_SCE-APND,DLAP,38.91425,39.50675,1.02727,-1.61978,0.0
2025-01-04 20:45:00-08:00,2025-01-04 20:45:00-08:00,2025-01-04 21:00:00-08:00,REAL_TIME_15_MIN,DLAP_SCE-APND,DLAP,37.06406,37.58959,0.96301,-1.48855,0.0
2025-01-04 21:00:00-08:00,2025-01-04 21:00:00-08:00,2025-01-04 21:15:00-08:00,REAL_TIME_15_MIN,DLAP_SCE-APND,DLAP,37.16488,37.93061,0.99805,-1.76377,0.0
2025-01-04 21:15:00-08:00,2025-01-04 21:15:00-08:00,2025-01-04 21:30:00-08:00,REAL_TIME_15_MIN,DLAP_SCE-APND,DLAP,37.55843,37.47759,1.68488,-1.60404,0.0
2025-01-04 21:30:00-08:00,2025-01-04 21:30:00-08:00,2025-01-04 21:45:00-08:00,REAL_TIME_15_MIN,DLAP_SCE-APND,DLAP,39.06949,37.98554,2.46662,-1.38267,0.0
2025-01-04 21:45:00-08:00,2025-01-04 21:45:00-08:00,2025-01-04 22:00:00-08:00,REAL_TIME_15_MIN,DLAP_SCE-APND,DLAP,39.73139,40.17418,0.9151,-1.35789,0.0
2025-01-04 22:00:00-08:00,2025-01-04 22:00:00-08:00,2025-01-04 22:15:00-08:00,REAL_TIME_15_MIN,DLAP_SCE-APND,DLAP,39.41522,40.55128,0.09264,-1.2287,0.0
2025-01-04 22:15:00-08:00,2025-01-04 22:15:00-08:00,2025-01-04 22:30:00-08:00,REAL_TIME_15_MIN,DLAP_SCE-APND,DLAP,38.19844,38.88559,0.44442,-1.13157,0.0
2025-01-04 22:30:00-08:00,2025-01-04 22:30:00-08:00,2025-01-04 22:45:00-08:00,REAL_TIME_15_MIN,DLAP_SCE-APND,DLAP,38.73595,39.39246,0.41497,-1.07147,0.0
2025-01-04 22:45:00-08:00,2025-01-04 22:45:00-08:00,2025-01-04 23:00:00-08:00,REAL_TIME_15_MIN,DLAP_SCE-APND,DLAP,37.65629,38.64562,0.0,-0.98933,0.0
2025-01-04 23:00:00-08:00,2025-01-04 23:00:00-08:00,2025-01-04 23:15:00-08:00,REAL_TIME_15_MIN,DLAP_SCE-APND,DLAP,38.17745,36.92126,2.19399,-0.9378,0.0
2025-01-04 23:15:00-08:00,2025-01-04 23:15:00-08:00,2025-01-04 23:30:00-08:00,REAL_TIME_15_MIN,DLAP_SCE-APND,DLAP,35.31962,35.35997,0.76233,-0.80267,0.0
2025-01-04 23:30:00-08:00,2025-01-04 23:30:00-08:00,2025-01-04 23:45:00-08:00,REAL_TIME_15_MIN,DLAP_SCE-APND,DLAP,34.42669,35.17235,0.0,-0.74565,0.0
2025-01-04 23:45:00-08:00,2025-01-04 23:45:00-08:00,2025-01-05 00:00:00-08:00,REAL_TIME_15_MIN,DLAP_SCE-APND,DLAP,35.20954,35.18664,0.72663,-0.70373,0.0
2025-01-05 00:00:00-08:00,2025-01-05 00:00:00-08:00,2025-01-05 00:15:00-08:00,REAL_TIME_15_MIN,DLAP_SCE-APND,DLAP,42.39527,41.94434,1.26884,-0.81791,0.0
2025-01-05 00:15:00-08:00,2025-01-05 00:15:00-08:00,2025-01-05 00:30:00-08:00,REAL_TIME_15_MIN,DLAP_SCE-APND,DLAP,41.36449,40.79381,1.37839,-0.80772,0.0
2025-01-05 00:30:00-08:00,2025-01-05 00:30:00-08:00,2025-01-05 00:45:00-08:00,REAL_TIME_15_MIN,DLAP_SCE-APND,DLAP,43.44573,43.11965,1.10655,-0.78047,0.0
2025-01-05 00:45:00-08:00,2025-01-05 00:45:00-08:00,2025-01-05 01:00:00-08:00,REAL_TIME_15_MIN,DLAP_SCE-APND,DLAP,41.41985,40.67813,1.39257,-0.65085,0.0
2025-01-05 01:00:00-08:00,2025-01-05 01:00:00-08:00,2025-01-05 01:15:00-08:00,REAL_TIME_15_MIN,DLAP_SCE-APND,DLAP,40.11309,40.76119,0.0,-0.6481,0.0
2025-01-05 01:15:00-08:00,2025-01-05 01:15:00-08:00,2025-01-05 01:30:00-08:00,REAL_TIME_15_MIN,DLAP_SCE-APND,DLAP,40.03731,40.71315,0.0,-0.67584,0.0
2025-01-05 01:30:00-08:00,2025-01-05 01:30:00-08:00,2025-01-05 01:45:00-08:00,REAL_TIME_15_MIN,DLAP_SCE-APND,DLAP,38.91346,39.59852,0.0,-0.68505,0.0
2025-01-05 01:45:00-08:00,2025-01-05 01:45:00-08:00,2025-01-05 02:00:00-08:00,REAL_TIME_15_MIN,DLAP_SCE-APND,DLAP,36.27466,36.857,0.0,-0.58234,0.0
2025-01-05 02:00:00-08:00,2025-01-05 02:00:00-08:00,2025-01-05 02:15:00-08:00,REAL_TIME_15_MIN,DLAP_SCE-APND,DLAP,37.0139,36.70494,0.91092,-0.60196,0.0
2025-01-05 02:15:00-08:00,2025-01-05 02:15:00-08:00,2025-01-05 02:30:00-08:00,REAL_TIME_15_MIN,DLAP_SCE-APND,DLAP,35.05463,35.61015,0.0,-0.55552,0.0
2025-01-05 02:30:00-08:00,2025-01-05 02:30:00-08:00,2025-01-05 02:45:00-08:00,REAL_TIME_15_MIN,DLAP_SCE-APND,DLAP,34.74914,35.33212,0.0,-0.58298,0.0
2025-01-05 02:45:00-08:00,2025-01-05 02:45:00-08:00,2025-01-05 03:00:00-08:00,REAL_TIME_15_MIN,DLAP_SCE-APND,DLAP,34.48979,35.03992,0.0,-0.55013,0.0
2025-01-05 03:00:00-08:00,2025-01-05 03:00:00-08:00,2025-01-05 03:15:00-08:00,REAL_TIME_15_MIN,DLAP_SCE-APND,DLAP,34.8666,35.42994,0.0,-0.56334,0.0
2025-01-05 03:15:00-08:00,2025-01-05 03:15:00-08:00,2025-01-05 03:30:00-08:00,REAL_TIME_15_MIN,DLAP_SCE-APND,DLAP,34.77039,35.32499,0.0,-0.5546,0.0
2025-01-05 03:30:00-08:00,2025-01-05 03:30:00-08:00,2025-01-05 03:45:00-08:00,REAL_TIME_15_MIN,DLAP_SCE-APND,DLAP,34.85634,35.41231,0.0,-0.55597,0.0
2025-01-05 03:45:00-08:00,2025-01-05 03:45:00-08:00,2025-01-05 04:00:00-08:00,REAL_TIME_15_MIN,DLAP_SCE-APND,DLAP,34.91579,35.45111,0.0,-0.53531,0.0
2025-01-05 04:00:00-08:00,2025-01-05 04:00:00-08:00,2025-01-05 04:15:00-08:00,REAL_TIME_15_MIN,DLAP_SCE-APND,DLAP,34.69234,35.11726,0.0,-0.42492,0.0
2025-01-05 04:15:00-08:00,2025-01-05 04:15:00-08:00,2025-01-05 04:30:00-08:00,REAL_TIME_15_MIN,DLAP_SCE-APND,DLAP,34.77039,35.2034,0.0,-0.433,0.0
2025-01-05 04:30:00-08:00,2025-01-05 04:30:00-08:00,2025-01-05 04:45:00-08:00,REAL_TIME_15_MIN,DLAP_SCE-APND,DLAP,34.78801,35.19985,0.0,-0.41184,0.0
2025-01-05 04:45:00-08:00,2025-01-05 04:45:00-08:00,2025-01-05 05:00:00-08:00,REAL_TIME_15_MIN,DLAP_SCE-APND,DLAP,42.59056,42.97302,0.0,-0.38246,0.0
2025-01-05 05:00:00-08:00,2025-01-05 05:00:00-08:00,2025-01-05 05:15:00-08:00,REAL_TIME_15_MIN,DLAP_SCE-APND,DLAP,35.38238,35.73616,0.0,-0.35379,0.0
2025-01-05 05:15:00-08:00,2025-01-05 05:15:00-08:00,2025-01-05 05:30:00-08:00,REAL_TIME_15_MIN,DLAP_SCE-APND,DLAP,35.97745,36.33352,0.0,-0.35607,0.0
2025-01-05 05:30:00-08:00,2025-01-05 05:30:00-08:00,2025-01-05 05:45:00-08:00,REAL_TIME_15_MIN,DLAP_SCE-APND,DLAP,38.84511,39.23352,0.0,-0.38841,0.0
2025-01-05 05:45:00-08:00,2025-01-05 05:45:00-08:00,2025-01-05 06:00:00-08:00,REAL_TIME_15_MIN,DLAP_SCE-APND,DLAP,39.31361,39.69868,0.0,-0.38508,0.0
2025-01-05 06:00:00-08:00,2025-01-05 06:00:00-08:00,2025-01-05 06:15:00-08:00,REAL_TIME_15_MIN,DLAP_SCE-APND,DLAP,37.49716,37.87592,0.0,-0.37876,0.0
2025-01-05 06:15:00-08:00,2025-01-05 06:15:00-08:00,2025-01-05 06:30:00-08:00,REAL_TIME_15_MIN,DLAP_SCE-APND,DLAP,38.59045,38.98812,0.0,-0.39768,0.0
2025-01-05 06:30:00-08:00,2025-01-05 06:30:00-08:00,2025-01-05 06:45:00-08:00,REAL_TIME_15_MIN,DLAP_SCE-APND,DLAP,40.85007,41.30025,0.0,-0.45017,0.0
2025-01-05 06:45:00-08:00,2025-01-05 06:45:00-08:00,2025-01-05 07:00:00-08:00,REAL_TIME_15_MIN,DLAP_SCE-APND,DLAP,44.18189,44.75475,0.0,-0.57286,0.0
2025-01-05 07:00:00-08:00,2025-01-05 07:00:00-08:00,2025-01-05 07:15:00-08:00,REAL_TIME_15_MIN,DLAP_SCE-APND,DLAP,46.93195,47.78734,0.0,-0.85539,0.0
2025-01-05 07:15:00-08:00,2025-01-05 07:15:00-08:00,2025-01-05 07:30:00-08:00,REAL_TIME_15_MIN,DLAP_SCE-APND,DLAP,44.8838,45.86063,0.0,-0.97683,0.0
2025-01-05 07:30:00-08:00,2025-01-05 07:30:00-08:00,2025-01-05 07:45:00-08:00,REAL_TIME_15_MIN,DLAP_SCE-APND,DLAP,35.23834,36.40325,0.0,-1.1649,0.0
2025-01-05 07:45:00-08:00,2025-01-05 07:45:00-08:00,2025-01-05 08:00:00-08:00,REAL_TIME_15_MIN,DLAP_SCE-APND,DLAP,35.44899,35.6777,0.90584,-1.13455,0.0
2025-01-05 08:00:00-08:00,2025-01-05 08:00:00-08:00,2025-01-05 08:15:00-08:00,REAL_TIME_15_MIN,DLAP_SCE-APND,DLAP,40.67778,41.21614,0.94954,-1.4879,0.0
2025-01-05 08:15:00-08:00,2025-01-05 08:15:00-08:00,2025-01-05 08:30:00-08:00,REAL_TIME_15_MIN,DLAP_SCE-APND,DLAP,31.27788,31.74888,0.91959,-1.3906,0.0
2025-01-05 08:30:00-08:00,2025-01-05 08:30:00-08:00,2025-01-05 08:45:00-08:00,REAL_TIME_15_MIN,DLAP_SCE-APND,DLAP,25.74169,26.95069,0.11967,-1.32867,0.0
2025-01-05 08:45:00-08:00,2025-01-05 08:45:00-08:00,2025-01-05 09:00:00-08:00,REAL_TIME_15_MIN,DLAP_SCE-APND,DLAP,24.20481,24.55942,0.86108,-1.21569,0.0
2025-01-05 09:00:00-08:00,2025-01-05 09:00:00-08:00,2025-01-05 09:15:00-08:00,REAL_TIME_15_MIN,DLAP_SCE-APND,DLAP,24.32683,27.64449,-2.09577,-1.22189,0.0
2025-01-05 09:15:00-08:00,2025-01-05 09:15:00-08:00,2025-01-05 09:30:00-08:00,REAL_TIME_15_MIN,DLAP_SCE-APND,DLAP,22.51663,27.03848,-3.40787,-1.11399,0.0
2025-01-05 09:30:00-08:00,2025-01-05 09:30:00-08:00,2025-01-05 09:45:00-08:00,REAL_TIME_15_MIN,DLAP_SCE-APND,DLAP,20.78911,26.4413,-4.62362,-1.02857,0.0
2025-01-05 09:45:00-08:00,2025-01-05 09:45:00-08:00,2025-01-05 10:00:00-08:00,REAL_TIME_15_MIN,DLAP_SCE-APND,DLAP,18.14313,23.003,-3.98116,-0.87871,0.0
2025-01-05 10:00:00-08:00,2025-01-05 10:00:00-08:00,2025-01-05 10:15:00-08:00,REAL_TIME_15_MIN,DLAP_SCE-APND,DLAP,23.27425,24.83381,-0.61836,-0.9412,0.0
2025-01-05 10:15:00-08:00,2025-01-05 10:15:00-08:00,2025-01-05 10:30:00-08:00,REAL_TIME_15_MIN,DLAP_SCE-APND,DLAP,21.92107,23.50187,-0.75824,-0.82257,0.0
2025-01-05 10:30:00-08:00,2025-01-05 10:30:00-08:00,2025-01-05 10:45:00-08:00,REAL_TIME_15_MIN,DLAP_SCE-APND,DLAP,20.92404,22.66531,-0.98198,-0.75929,0.0
2025-01-05 10:45:00-08:00,2025-01-05 10:45:00-08:00,2025-01-05 11:00:00-08:00,REAL_TIME_15_MIN,DLAP_SCE-APND,DLAP,16.05376,19.68106,-3.02112,-0.60618,0.0
2025-01-05 11:00:00-08:00,2025-01-05 11:00:00-08:00,2025-01-05 11:15:00-08:00,REAL_TIME_15_MIN,DLAP_SCE-APND,DLAP,21.85211,21.61461,0.82757,-0.59008,0.0
2025-01-05 11:15:00-08:00,2025-01-05 11:15:00-08:00,2025-01-05 11:30:00-08:00,REAL_TIME_15_MIN,DLAP_SCE-APND,DLAP,20.99155,20.97494,0.58084,-0.56423,0.0
2025-01-05 11:30:00-08:00,2025-01-05 11:30:00-08:00,2025-01-05 11:45:00-08:00,REAL_TIME_15_MIN,DLAP_SCE-APND,DLAP,17.90982,20.41378,-1.98137,-0.52259,0.0
2025-01-05 11:45:00-08:00,2025-01-05 11:45:00-08:00,2025-01-05 12:00:00-08:00,REAL_TIME_15_MIN,DLAP_SCE-APND,DLAP,17.4515,20.29279,-2.31571,-0.52558,0.0
2025-01-05 12:00:00-08:00,2025-01-05 12:00:00-08:00,2025-01-05 12:15:00-08:00,REAL_TIME_15_MIN,DLAP_SCE-APND,DLAP,22.33467,22.9686,0.0,-0.63393,0.0
2025-01-05 12:15:00-08:00,2025-01-05 12:15:00-08:00,2025-01-05 12:30:00-08:00,REAL_TIME_15_MIN,DLAP_SCE-APND,DLAP,22.70209,23.39939,0.0,-0.6973,0.0
2025-01-05 12:30:00-08:00,2025-01-05 12:30:00-08:00,2025-01-05 12:45:00-08:00,REAL_TIME_15_MIN,DLAP_SCE-APND,DLAP,20.40834,21.13091,-0.12668,-0.59589,0.0
2025-01-05 12:45:00-08:00,2025-01-05 12:45:00-08:00,2025-01-05 13:00:00-08:00,REAL_TIME_15_MIN,DLAP_SCE-APND,DLAP,20.2377,21.08197,-0.23922,-0.60505,0.0
2025-01-05 13:00:00-08:00,2025-01-05 13:00:00-08:00,2025-01-05 13:15:00-08:00,REAL_TIME_15_MIN,DLAP_SCE-APND,DLAP,19.70144,21.11212,-0.86177,-0.54892,0.0
2025-01-05 13:15:00-08:00,2025-01-05 13:15:00-08:00,2025-01-05 13:30:00-08:00,REAL_TIME_15_MIN,DLAP_SCE-APND,DLAP,19.5898,21.63104,-1.44422,-0.59702,0.0
2025-01-05 13:30:00-08:00,2025-01-05 13:30:00-08:00,2025-01-05 13:45:00-08:00,REAL_TIME_15_MIN,DLAP_SCE-APND,DLAP,17.18904,20.65437,-2.84569,-0.61963,0.0
2025-01-05 13:45:00-08:00,2025-01-05 13:45:00-08:00,2025-01-05 14:00:00-08:00,REAL_TIME_15_MIN,DLAP_SCE-APND,DLAP,17.95892,20.30389,-1.75007,-0.5949,0.0
2025-01-05 14:00:00-08:00,2025-01-05 14:00:00-08:00,2025-01-05 14:15:00-08:00,REAL_TIME_15_MIN,DLAP_SCE-APND,DLAP,15.4748,21.79436,-5.70496,-0.6146,0.0
2025-01-05 14:15:00-08:00,2025-01-05 14:15:00-08:00,2025-01-05 14:30:00-08:00,REAL_TIME_15_MIN,DLAP_SCE-APND,DLAP,16.2394,22.64597,-5.7204,-0.68617,0.0
2025-01-05 14:30:00-08:00,2025-01-05 14:30:00-08:00,2025-01-05 14:45:00-08:00,REAL_TIME_15_MIN,DLAP_SCE-APND,DLAP,19.58857,26.46911,-6.04147,-0.83907,0.0
2025-01-05 14:45:00-08:00,2025-01-05 14:45:00-08:00,2025-01-05 15:00:00-08:00,REAL_TIME_15_MIN,DLAP_SCE-APND,DLAP,22.67549,28.73443,-5.13944,-0.9195,0.0
2025-01-05 15:00:00-08:00,2025-01-05 15:00:00-08:00,2025-01-05 15:15:00-08:00,REAL_TIME_15_MIN,DLAP_SCE-APND,DLAP,11.81248,22.42692,-9.7981,-0.81634,0.0
2025-01-05 15:15:00-08:00,2025-01-05 15:15:00-08:00,2025-01-05 15:30:00-08:00,REAL_TIME_15_MIN,DLAP_SCE-APND,DLAP,15.99901,28.87486,-11.76128,-1.11457,0.0
2025-01-05 15:30:00-08:00,2025-01-05 15:30:00-08:00,2025-01-05 15:45:00-08:00,REAL_TIME_15_MIN,DLAP_SCE-APND,DLAP,35.66258,38.95133,-1.69563,-1.59311,0.0
2025-01-05 15:45:00-08:00,2025-01-05 15:45:00-08:00,2025-01-05 16:00:00-08:00,REAL_TIME_15_MIN,DLAP_SCE-APND,DLAP,44.14341,45.52275,0.0,-1.37934,0.0
2025-01-05 16:00:00-08:00,2025-01-05 16:00:00-08:00,2025-01-05 16:15:00-08:00,REAL_TIME_15_MIN,DLAP_SCE-APND,DLAP,35.45521,36.49909,0.0,-1.04387,0.0
2025-01-05 16:15:00-08:00,2025-01-05 16:15:00-08:00,2025-01-05 16:30:00-08:00,REAL_TIME_15_MIN,DLAP_SCE-APND,DLAP,40.35395,41.64064,0.0,-1.2867,0.0
2025-01-05 16:30:00-08:00,2025-01-05 16:30:00-08:00,2025-01-05 16:45:00-08:00,REAL_TIME_15_MIN,DLAP_SCE-APND,DLAP,46.31317,47.77509,0.0,-1.46192,0.0
2025-01-05 16:45:00-08:00,2025-01-05 16:45:00-08:00,2025-01-05 17:00:00-08:00,REAL_TIME_15_MIN,DLAP_SCE-APND,DLAP,52.2303,53.58602,0.0,-1.35573,0.0
2025-01-05 17:00:00-08:00,2025-01-05 17:00:00-08:00,2025-01-05 17:15:00-08:00,REAL_TIME_15_MIN,DLAP_SCE-APND,DLAP,43.81252,45.57632,0.0,-1.7638,0.0
2025-01-05 17:15:00-08:00,2025-01-05 17:15:00-08:00,2025-01-05 17:30:00-08:00,REAL_TIME_15_MIN,DLAP_SCE-APND,DLAP,46.70402,48.77704,0.0,-2.07302,0.0
2025-01-05 17:30:00-08:00,2025-01-05 17:30:00-08:00,2025-01-05 17:45:00-08:00,REAL_TIME_15_MIN,DLAP_SCE-APND,DLAP,48.06351,50.33677,0.00196,-2.27522,0.0
2025-01-05 17:45:00-08:00,2025-01-05 17:45:00-08:00,2025-01-05 18:00:00-08:00,REAL_TIME_15_MIN,DLAP_SCE-APND,DLAP,49.47451,51.87893,0.03389,-2.43831,0.0
2025-01-05 18:00:00-08:00,2025-01-05 18:00:00-08:00,2025-01-05 18:15:00-08:00,REAL_TIME_15_MIN,DLAP_SCE-APND,DLAP,49.43605,51.70054,0.0,-2.26448,0.0
2025-01-05 18:15:00-08:00,2025-01-05 18:15:00-08:00,2025-01-05 18:30:00-08:00,REAL_TIME_15_MIN,DLAP_SCE-APND,DLAP,48.3979,50.36726,0.0,-1.96936,0.0
2025-01-05 18:30:00-08:00,2025-01-05 18:30:00-08:00,2025-01-05 18:45:00-08:00,REAL_TIME_15_MIN,DLAP_SCE-APND,DLAP,47.77297,49.69621,0.0,-1.92324,0.0
2025-01-05 18:45:00-08:00,2025-01-05 18:45:00-08:00,2025-01-05 19:00:00-08:00,REAL_TIME_15_MIN,DLAP_SCE-APND,DLAP,47.29661,49.18533,0.0,-1.88872,0.0
2025-01-05 19:00:00-08:00,2025-01-05 19:00:00-08:00,2025-01-05 19:15:00-08:00,REAL_TIME_15_MIN,DLAP_SCE-APND,DLAP,44.70334,46.40164,0.0,-1.6983,0.0
2025-01-05 19:15:00-08:00,2025-01-05 19:15:00-08:00,2025-01-05 19:30:00-08:00,REAL_TIME_15_MIN,DLAP_SCE-APND,DLAP,45.46656,47.11072,0.0,-1.64416,0.0
2025-01-05 19:30:00-08:00,2025-01-05 19:30:00-08:00,2025-01-05 19:45:00-08:00,REAL_TIME_15_MIN,DLAP_SCE-APND,DLAP,48.61094,50.24906,0.0,-1.63812,0.0
2025-01-05 19:45:00-08:00,2025-01-05 19:45:00-08:00,2025-01-05 20:00:00-08:00,REAL_TIME_15_MIN,DLAP_SCE-APND,DLAP,49.50864,51.15057,0.0,-1.64193,0.0
2025-01-05 20:00:00-08:00,2025-01-05 20:00:00-08:00,2025-01-05 20:15:00-08:00,REAL_TIME_15_MIN,DLAP_SCE-APND,DLAP,50.21116,51.76942,0.0,-1.55826,0.0
2025-01-05 20:15:00-08:00,2025-01-05 20:15:00-08:00,2025-01-05 20:30:00-08:00,REAL_TIME_15_MIN,DLAP_SCE-APND,DLAP,50.52454,52.10326,0.0,-1.57873,0.0
2025-01-05 20:30:00-08:00,2025-01-05 20:30:00-08:00,2025-01-05 20:45:00-08:00,REAL_TIME_15_MIN,DLAP_SCE-APND,DLAP,51.81761,53.26098,0.0,-1.44337,0.0
2025-01-05 20:45:00-08:00,2025-01-05 20:45:00-08:00,2025-01-05 21:00:00-08:00,REAL_TIME_15_MIN,DLAP_SCE-APND,DLAP,53.06358,54.49685,0.0,-1.43327,0.0
2025-01-05 21:00:00-08:00,2025-01-05 21:00:00-08:00,2025-01-05 21:15:00-08:00,REAL_TIME_15_MIN,DLAP_SCE-APND,DLAP,55.03193,56.79835,0.0,-1.76643,0.0
2025-01-05 21:15:00-08:00,2025-01-05 21:15:00-08:00,2025-01-05 21:30:00-08:00,REAL_TIME_15_MIN,DLAP_SCE-APND,DLAP,56.38636,58.10631,0.0,-1.71995,0.0
2025-01-05 21:30:00-08:00,2025-01-05 21:30:00-08:00,2025-01-05 21:45:00-08:00,REAL_TIME_15_MIN,DLAP_SCE-APND,DLAP,55.83594,57.25588,0.0,-1.41995,0.0
2025-01-05 21:45:00-08:00,2025-01-05 21:45:00-08:00,2025-01-05 22:00:00-08:00,REAL_TIME_15_MIN,DLAP_SCE-APND,DLAP,58.8686,60.24212,0.0,-1.37352,0.0
2025-01-05 22:00:00-08:00,2025-01-05 22:00:00-08:00,2025-01-05 22:15:00-08:00,REAL_TIME_15_MIN,DLAP_SCE-APND,DLAP,56.4882,57.68222,0.0,-1.19402,0.0
2025-01-05 22:15:00-08:00,2025-01-05 22:15:00-08:00,2025-01-05 22:30:00-08:00,REAL_TIME_15_MIN,DLAP_SCE-APND,DLAP,54.76684,55.79344,0.0,-1.0266,0.0
2025-01-05 22:30:00-08:00,2025-01-05 22:30:00-08:00,2025-01-05 22:45:00-08:00,REAL_TIME_15_MIN,DLAP_SCE-APND,DLAP,51.21267,52.14608,0.0,-0.93341,0.0
2025-01-05 22:45:00-08:00,2025-01-05 22:45:00-08:00,2025-01-05 23:00:00-08:00,REAL_TIME_15_MIN,DLAP_SCE-APND,DLAP,51.16286,52.01592,0.0,-0.85306,0.0
2025-01-05 23:00:00-08:00,2025-01-05 23:00:00-08:00,2025-01-05 23:15:00-08:00,REAL_TIME_15_MIN,DLAP_SCE-APND,DLAP,52.22497,52.97725,0.0,-0.75228,0.0
2025-01-05 23:15:00-08:00,2025-01-05 23:15:00-08:00,2025-01-05 23:30:00-08:00,REAL_TIME_15_MIN,DLAP_SCE-APND,DLAP,50.66093,51.183,0.0,-0.52207,0.0
2025-01-05 23:30:00-08:00,2025-01-05 23:30:00-08:00,2025-01-05 23:45:00-08:00,REAL_TIME_15_MIN,DLAP_SCE-APND,DLAP,51.03441,51.42525,0.0,-0.39083,0.0
2025-01-05 23:45:00-08:00,2025-01-05 23:45:00-08:00,2025-01-06 00:00:00-08:00,REAL_TIME_15_MIN,DLAP_SCE-APND,DLAP,50.73631,51.09396,0.0,-0.35766,0.0
2025-01-06 00:00:00-08:00,2025-01-06 00:00:00-08:00,2025-01-06 00:15:00-08:00,REAL_TIME_15_MIN,DLAP_SCE-APND,DLAP,51.66878,52.08547,0.0,-0.41668,0.0
2025-01-06 00:15:00-08:00,2025-01-06 00:15:00-08:00,2025-01-06 00:30:00-08:00,REAL_TIME_15_MIN,DLAP_SCE-APND,DLAP,50.61986,51.00752,0.0,-0.38766,0.0
2025-01-06 00:30:00-08:00,2025-01-06 00:30:00-08:00,2025-01-06 00:45:00-08:00,REAL_TIME_15_MIN,DLAP_SCE-APND,DLAP,50.32383,50.61741,0.0,-0.29358,0.0
2025-01-06 00:45:00-08:00,2025-01-06 00:45:00-08:00,2025-01-06 01:00:00-08:00,REAL_TIME_15_MIN,DLAP_SCE-APND,DLAP,50.1373,50.40444,0.0,-0.26714,0.0
2025-01-06 01:00:00-08:00,2025-01-06 01:00:00-08:00,2025-01-06 01:15:00-08:00,REAL_TIME_15_MIN,DLAP_SCE-APND,DLAP,51.45761,52.04573,0.0,-0.58812,0.0
2025-01-06 01:15:00-08:00,2025-01-06 01:15:00-08:00,2025-01-06 01:30:00-08:00,REAL_TIME_15_MIN,DLAP_SCE-APND,DLAP,50.10774,50.60877,0.0,-0.50103,0.0
2025-01-06 01:30:00-08:00,2025-01-06 01:30:00-08:00,2025-01-06 01:45:00-08:00,REAL_TIME_15_MIN,DLAP_SCE-APND,DLAP,50.1788,50.69078,0.0,-0.51198,0.0
2025-01-06 01:45:00-08:00,2025-01-06 01:45:00-08:00,2025-01-06 02:00:00-08:00,REAL_TIME_15_MIN,DLAP_SCE-APND,DLAP,53.17096,53.65385,0.0,-0.48288,0.0
2025-01-06 02:00:00-08:00,2025-01-06 02:00:00-08:00,2025-01-06 02:15:00-08:00,REAL_TIME_15_MIN,DLAP_SCE-APND,DLAP,52.96037,53.43595,0.0,-0.47558,0.0
2025-01-06 02:15:00-08:00,2025-01-06 02:15:00-08:00,2025-01-06 02:30:00-08:00,REAL_TIME_15_MIN,DLAP_SCE-APND,DLAP,50.36616,50.79282,0.0,-0.42666,0.0
2025-01-06 02:30:00-08:00,2025-01-06 02:30:00-08:00,2025-01-06 02:45:00-08:00,REAL_TIME_15_MIN,DLAP_SCE-APND,DLAP,50.73757,51.12098,0.0,-0.38341,0.0
2025-01-06 02:45:00-08:00,2025-01-06 02:45:00-08:00,2025-01-06 03:00:00-08:00,REAL_TIME_15_MIN,DLAP_SCE-APND,DLAP,51.4247,51.82896,0.0,-0.40427,0.0
2025-01-06 03:00:00-08:00,2025-01-06 03:00:00-08:00,2025-01-06 03:15:00-08:00,REAL_TIME_15_MIN,DLAP_SCE-APND,DLAP,50.87718,51.35997,0.0,-0.48278,0.0
2025-01-06 03:15:00-08:00,2025-01-06 03:15:00-08:00,2025-01-06 03:30:00-08:00,REAL_TIME_15_MIN,DLAP_SCE-APND,DLAP,50.17838,50.61365,0.0,-0.43528,0.0
2025-01-06 03:30:00-08:00,2025-01-06 03:30:00-08:00,2025-01-06 03:45:00-08:00,REAL_TIME_15_MIN,DLAP_SCE-APND,DLAP,50.80318,51.31635,0.0,-0.51316,0.0
2025-01-06 03:45:00-08:00,2025-01-06 03:45:00-08:00,2025-01-06 04:00:00-08:00,REAL_TIME_15_MIN,DLAP_SCE-APND,DLAP,50.05658,50.45009,0.0,-0.39351,0.0
2025-01-06 04:00:00-08:00,2025-01-06 04:00:00-08:00,2025-01-06 04:15:00-08:00,REAL_TIME_15_MIN,DLAP_SCE-APND,DLAP,54.52964,54.88088,0.0,-0.35124,0.0
2025-01-06 04:15:00-08:00,2025-01-06 04:15:00-08:00,2025-01-06 04:30:00-08:00,REAL_TIME_15_MIN,DLAP_SCE-APND,DLAP,54.45512,54.78383,0.0,-0.3287,0.0
2025-01-06 04:30:00-08:00,2025-01-06 04:30:00-08:00,2025-01-06 04:45:00-08:00,REAL_TIME_15_MIN,DLAP_SCE-APND,DLAP,63.94316,64.30326,0.0,-0.3601,0.0
2025-01-06 04:45:00-08:00,2025-01-06 04:45:00-08:00,2025-01-06 05:00:00-08:00,REAL_TIME_15_MIN,DLAP_SCE-APND,DLAP,69.13504,69.48245,0.0,-0.34741,0.0
2025-01-06 05:00:00-08:00,2025-01-06 05:00:00-08:00,2025-01-06 05:15:00-08:00,REAL_TIME_15_MIN,DLAP_SCE-APND,DLAP,68.01026,68.43455,0.0,-0.42429,0.0
2025-01-06 05:15:00-08:00,2025-01-06 05:15:00-08:00,2025-01-06 05:30:00-08:00,REAL_TIME_15_MIN,DLAP_SCE-APND,DLAP,72.84763,73.19163,0.0,-0.344,0.0
2025-01-06 05:30:00-08:00,2025-01-06 05:30:00-08:00,2025-01-06 05:45:00-08:00,REAL_TIME_15_MIN,DLAP_SCE-APND,DLAP,81.97154,82.19347,0.0,-0.22192,0.0
2025-01-06 05:45:00-08:00,2025-01-06 05:45:00-08:00,2025-01-06 06:00:00-08:00,REAL_TIME_15_MIN,DLAP_SCE-APND,DLAP,81.51477,81.81632,0.09935,-0.4009,0.0
2025-01-06 06:00:00-08:00,2025-01-06 06:00:00-08:00,2025-01-06 06:15:00-08:00,REAL_TIME_15_MIN,DLAP_SCE-APND,DLAP,74.9765,75.33848,0.07499,-0.43696,0.0
2025-01-06 06:15:00-08:00,2025-01-06 06:15:00-08:00,2025-01-06 06:30:00-08:00,REAL_TIME_15_MIN,DLAP_SCE-APND,DLAP,75.7377,76.72748,0.0,-0.98978,0.0
2025-01-06 06:30:00-08:00,2025-01-06 06:30:00-08:00,2025-01-06 06:45:00-08:00,REAL_TIME_15_MIN,DLAP_SCE-APND,DLAP,85.46822,86.6554,0.0,-1.18718,0.0
2025-01-06 06:45:00-08:00,2025-01-06 06:45:00-08:00,2025-01-06 07:00:00-08:00,REAL_TIME_15_MIN,DLAP_SCE-APND,DLAP,88.87751,90.15775,0.0,-1.28024,0.0
2025-01-06 07:00:00-08:00,2025-01-06 07:00:00-08:00,2025-01-06 07:15:00-08:00,REAL_TIME_15_MIN,DLAP_SCE-APND,DLAP,96.28,96.28,0.0,0.0,0.0
2025-01-06 07:15:00-08:00,2025-01-06 07:15:00-08:00,2025-01-06 07:30:00-08:00,REAL_TIME_15_MIN,DLAP_SCE-APND,DLAP,83.5248,83.5248,0.0,0.0,0.0
2025-01-06 07:30:00-08:00,2025-01-06 07:30:00-08:00,2025-01-06 07:45:00-08:00,REAL_TIME_15_MIN,DLAP_SCE-APND,DLAP,66.60678,66.58012,0.02666,0.0,0.0
2025-01-06 07:45:00-08:00,2025-01-06 07:45:00-08:00,2025-01-06 08:00:00-08:00,REAL_TIME_15_MIN,DLAP_SCE-APND,DLAP,56.20102,51.27994,4.92108,0.0,0.0
2025-01-06 08:00:00-08:00,2025-01-06 08:00:00-08:00,2025-01-06 08:15:00-08:00,REAL_TIME_15_MIN,DLAP_SCE-APND,DLAP,56.11064,58.76691,0.0,-2.65626,0.0
2025-01-06 08:15:00-08:00,2025-01-06 08:15:00-08:00,2025-01-06 08:30:00-08:00,REAL_TIME_15_MIN,DLAP_SCE-APND,DLAP,55.3401,50.95614,6.96234,-2.57838,0.0
2025-01-06 08:30:00-08:00,2025-01-06 08:30:00-08:00,2025-01-06 08:45:00-08:00,REAL_TIME_15_MIN,DLAP_SCE-APND,DLAP,44.02153,40.97693,5.22458,-2.17997,0.0
2025-01-06 08:45:00-08:00,2025-01-06 08:45:00-08:00,2025-01-06 09:00:00-08:00,REAL_TIME_15_MIN,DLAP_SCE-APND,DLAP,42.18322,40.09577,3.87572,-1.78827,0.0
2025-01-06 09:00:00-08:00,2025-01-06 09:00:00-08:00,2025-01-06 09:15:00-08:00,REAL_TIME_15_MIN,DLAP_SCE-APND,DLAP,41.21671,46.19687,-3.17848,-1.80168,0.0
2025-01-06 09:15:00-08:00,2025-01-06 09:15:00-08:00,2025-01-06 09:30:00-08:00,REAL_TIME_15_MIN,DLAP_SCE-APND,DLAP,40.95122,45.2359,-2.75119,-1.5335,0.0
2025-01-06 09:30:00-08:00,2025-01-06 09:30:00-08:00,2025-01-06 09:45:00-08:00,REAL_TIME_15_MIN,DLAP_SCE-APND,DLAP,39.00807,43.45556,-3.1221,-1.32539,0.0
2025-01-06 09:45:00-08:00,2025-01-06 09:45:00-08:00,2025-01-06 10:00:00-08:00,REAL_TIME_15_MIN,DLAP_SCE-APND,DLAP,36.85095,38.28918,-0.25509,-1.18314,0.0
2025-01-06 10:00:00-08:00,2025-01-06 10:00:00-08:00,2025-01-06 10:15:00-08:00,REAL_TIME_15_MIN,DLAP_SCE-APND,DLAP,37.53439,39.06869,-0.30363,-1.23066,0.0
2025-01-06 10:15:00-08:00,2025-01-06 10:15:00-08:00,2025-01-06 10:30:00-08:00,REAL_TIME_15_MIN,DLAP_SCE-APND,DLAP,33.15974,37.67258,-3.30732,-1.20552,0.0
2025-01-06 10:30:00-08:00,2025-01-06 10:30:00-08:00,2025-01-06 10:45:00-08:00,REAL_TIME_15_MIN,DLAP_SCE-APND,DLAP,30.33073,35.77481,-4.22773,-1.21634,0.0
2025-01-06 10:45:00-08:00,2025-01-06 10:45:00-08:00,2025-01-06 11:00:00-08:00,REAL_TIME_15_MIN,DLAP_SCE-APND,DLAP,26.73285,31.80799,-4.06047,-1.01467,0.0
2025-01-06 11:00:00-08:00,2025-01-06 11:00:00-08:00,2025-01-06 11:15:00-08:00,REAL_TIME_15_MIN,DLAP_SCE-APND,DLAP,29.45532,33.55922,-3.12061,-0.98329,0.0
2025-01-06 11:15:00-08:00,2025-01-06 11:15:00-08:00,2025-01-06 11:30:00-08:00,REAL_TIME_15_MIN,DLAP_SCE-APND,DLAP,28.74783,32.82148,-3.13168,-0.94198,0.0
2025-01-06 11:30:00-08:00,2025-01-06 11:30:00-08:00,2025-01-06 11:45:00-08:00,REAL_TIME_15_MIN,DLAP_SCE-APND,DLAP,29.07239,32.9765,-3.00715,-0.89696,0.0
2025-01-06 11:45:00-08:00,2025-01-06 11:45:00-08:00,2025-01-06 12:00:00-08:00,REAL_TIME_15_MIN,DLAP_SCE-APND,DLAP,29.29513,33.22925,-3.04358,-0.89054,0.0
2025-01-06 12:00:00-08:00,2025-01-06 12:00:00-08:00,2025-01-06 12:15:00-08:00,REAL_TIME_15_MIN,DLAP_SCE-APND,DLAP,34.2421,38.13821,-2.88545,-1.01066,0.0
2025-01-06 12:15:00-08:00,2025-01-06 12:15:00-08:00,2025-01-06 12:30:00-08:00,REAL_TIME_15_MIN,DLAP_SCE-APND,DLAP,33.81708,37.82243,-3.00306,-1.00229,0.0
2025-01-06 12:30:00-08:00,2025-01-06 12:30:00-08:00,2025-01-06 12:45:00-08:00,REAL_TIME_15_MIN,DLAP_SCE-APND,DLAP,32.4234,35.754,-2.44033,-0.89027,0.0
2025-01-06 12:45:00-08:00,2025-01-06 12:45:00-08:00,2025-01-06 13:00:00-08:00,REAL_TIME_15_MIN,DLAP_SCE-APND,DLAP,30.17888,33.8507,-2.90341,-0.76841,0.0
2025-01-06 13:00:00-08:00,2025-01-06 13:00:00-08:00,2025-01-06 13:15:00-08:00,REAL_TIME_15_MIN,DLAP_SCE-APND,DLAP,34.86329,37.328,-1.68455,-0.78016,0.0
2025-01-06 13:15:00-08:00,2025-01-06 13:15:00-08:00,2025-01-06 13:30:00-08:00,REAL_TIME_15_MIN,DLAP_SCE-APND,DLAP,33.93453,36.7648,-2.04718,-0.78309,0.0
2025-01-06 13:30:00-08:00,2025-01-06 13:30:00-08:00,2025-01-06 13:45:00-08:00,REAL_TIME_15_MIN,DLAP_SCE-APND,DLAP,31.81422,34.25415,-1.66579,-0.77414,0.0
2025-01-06 13:45:00-08:00,2025-01-06 13:45:00-08:00,2025-01-06 14:00:00-08:00,REAL_TIME_15_MIN,DLAP_SCE-APND,DLAP,32.82345,34.95271,-1.33932,-0.78993,0.0
2025-01-06 14:00:00-08:00,2025-01-06 14:00:00-08:00,2025-01-06 14:15:00-08:00,REAL_TIME_15_MIN,DLAP_SCE-APND,DLAP,35.29269,36.21136,-0.14374,-0.77492,0.0
2025-01-06 14:15:00-08:00,2025-01-06 14:15:00-08:00,2025-01-06 14:30:00-08:00,REAL_TIME_15_MIN,DLAP_SCE-APND,DLAP,37.84908,37.67915,1.078,-0.90807,0.0
2025-01-06 14:30:00-08:00,2025-01-06 14:30:00-08:00,2025-01-06 14:45:00-08:00,REAL_TIME_15_MIN,DLAP_SCE-APND,DLAP,41.02881,37.7358,4.31565,-1.02264,0.0
2025-01-06 14:45:00-08:00,2025-01-06 14:45:00-08:00,2025-01-06 15:00:00-08:00,REAL_TIME_15_MIN,DLAP_SCE-APND,DLAP,44.29411,39.69413,5.76699,-1.16701,0.0
2025-01-06 15:00:00-08:00,2025-01-06 15:00:00-08:00,2025-01-06 15:15:00-08:00,REAL_TIME_15_MIN,DLAP_SCE-APND,DLAP,40.27829,35.0923,6.29491,-1.10892,0.0
2025-01-06 15:15:00-08:00,2025-01-06 15:15:00-08:00,2025-01-06 15:30:00-08:00,REAL_TIME_15_MIN,DLAP_SCE-APND,DLAP,42.65193,36.44009,7.33784,-1.126,0.0
2025-01-06 15:30:00-08:00,2025-01-06 15:30:00-08:00,2025-01-06 15:45:00-08:00,REAL_TIME_15_MIN,DLAP_SCE-APND,DLAP,49.94334,50.41376,0.89076,-1.36117,0.0
2025-01-06 15:45:00-08:00,2025-01-06 15:45:00-08:00,2025-01-06 16:00:00-08:00,REAL_TIME_15_MIN,DLAP_SCE-APND,DLAP,57.1467,58.20616,0.41316,-1.47262,0.0
2025-01-06 16:00:00-08:00,2025-01-06 16:00:00-08:00,2025-01-06 16:15:00-08:00,REAL_TIME_15_MIN,DLAP_SCE-APND,DLAP,49.57917,51.1485,-0.42872,-1.14061,0.0
2025-01-06 16:15:00-08:00,2025-01-06 16:15:00-08:00,2025-01-06 16:30:00-08:00,REAL_TIME_15_MIN,DLAP_SCE-APND,DLAP,51.93298,53.30834,0.0,-1.37536,0.0
2025-01-06 16:30:00-08:00,2025-01-06 16:30:00-08:00,2025-01-06 16:45:00-08:00,REAL_TIME_15_MIN,DLAP_SCE-APND,DLAP,61.08487,62.70903,0.0,-1.62416,0.0
2025-01-06 16:45:00-08:00,2025-01-06 16:45:00-08:00,2025-01-06 17:00:00-08:00,REAL_TIME_15_MIN,DLAP_SCE-APND,DLAP,64.82836,66.52474,0.0,-1.69638,0.0
2025-01-06 17:00:00-08:00,2025-01-06 17:00:00-08:00,2025-01-06 17:15:00-08:00,REAL_TIME_15_MIN,DLAP_SCE-APND,DLAP,60.80612,62.46135,0.0,-1.65523,0.0
2025-01-06 17:15:00-08:00,2025-01-06 17:15:00-08:00,2025-01-06 17:30:00-08:00,REAL_TIME_15_MIN,DLAP_SCE-APND,DLAP,72.55285,75.09092,0.0,-2.53807,0.0
2025-01-06 17:30:00-08:00,2025-01-06 17:30:00-08:00,2025-01-06 17:45:00-08:00,REAL_TIME_15_MIN,DLAP_SCE-APND,DLAP,76.30808,79.1824,0.0,-2.87432,0.0
2025-01-06 17:45:00-08:00,2025-01-06 17:45:00-08:00,2025-01-06 18:00:00-08:00,REAL_TIME_15_MIN,DLAP_SCE-APND,DLAP,65.8655,68.26148,0.0,-2.39598,0.0
2025-01-06 18:00:00-08:00,2025-01-06 18:00:00-08:00,2025-01-06 18:15:00-08:00,REAL_TIME_15_MIN,DLAP_SCE-APND,DLAP,64.82616,67.38219,-0.62217,-1.93387,0.0
2025-01-06 18:15:00-08:00,2025-01-06 18:15:00-08:00,2025-01-06 18:30:00-08:00,REAL_TIME_15_MIN,DLAP_SCE-APND,DLAP,61.89013,64.23258,-0.65313,-1.68932,0.0
2025-01-06 18:30:00-08:00,2025-01-06 18:30:00-08:00,2025-01-06 18:45:00-08:00,REAL_TIME_15_MIN,DLAP_SCE-APND,DLAP,62.30059,64.37018,-0.25435,-1.81524,0.0
2025-01-06 18:45:00-08:00,2025-01-06 18:45:00-08:00,2025-01-06 19:00:00-08:00,REAL_TIME_15_MIN,DLAP_SCE-APND,DLAP,60.62527,58.40922,3.59451,-1.37846,0.0
2025-01-06 19:00:00-08:00,2025-01-06 19:00:00-08:00,2025-01-06 19:15:00-08:00,REAL_TIME_15_MIN,DLAP_SCE-APND,DLAP,55.5188,57.84204,-1.18375,-1.13949,0.0
2025-01-06 19:15:00-08:00,2025-01-06 19:15:00-08:00,2025-01-06 19:30:00-08:00,REAL_TIME_15_MIN,DLAP_SCE-APND,DLAP,56.31067,58.21855,-0.9007,-1.00718,0.0
2025-01-06 19:30:00-08:00,2025-01-06 19:30:00-08:00,2025-01-06 19:45:00-08:00,REAL_TIME_15_MIN,DLAP_SCE-APND,DLAP,59.08606,61.13707,-1.0667,-0.98431,0.0
2025-01-06 19:45:00-08:00,2025-01-06 19:45:00-08:00,2025-01-06 20:00:00-08:00,REAL_TIME_15_MIN,DLAP_SCE-APND,DLAP,59.52699,61.57034,-1.16289,-0.88046,0.0
2025-01-06 20:00:00-08:00,2025-01-06 20:00:00-08:00,2025-01-06 20:15:00-08:00,REAL_TIME_15_MIN,DLAP_SCE-APND,DLAP,59.83018,62.21898,-1.11331,-1.27549,0.0
2025-01-06 20:15:00-08:00,2025-01-06 20:15:00-08:00,2025-01-06 20:30:00-08:00,REAL_TIME_15_MIN,DLAP_SCE-APND,DLAP,60.12214,61.86495,-0.62305,-1.11976,0.0
2025-01-06 20:30:00-08:00,2025-01-06 20:30:00-08:00,2025-01-06 20:45:00-08:00,REAL_TIME_15_MIN,DLAP_SCE-APND,DLAP,60.71752,62.45299,-0.62381,-1.11166,0.0
2025-01-06 20:45:00-08:00,2025-01-06 20:45:00-08:00,2025-01-06 21:00:00-08:00,REAL_TIME_15_MIN,DLAP_SCE-APND,DLAP,59.54398,60.42007,0.0,-0.87609,0.0
2025-01-06 21:00:00-08:00,2025-01-06 21:00:00-08:00,2025-01-06 21:15:00-08:00,REAL_TIME_15_MIN,DLAP_SCE-APND,DLAP,59.9748,61.14886,0.0,-1.17406,0.0
2025-01-06 21:15:00-08:00,2025-01-06 21:15:00-08:00,2025-01-06 21:30:00-08:00,REAL_TIME_15_MIN,DLAP_SCE-APND,DLAP,59.45884,60.47481,0.0,-1.01598,0.0
2025-01-06 21:30:00-08:00,2025-01-06 21:30:00-08:00,2025-01-06 21:45:00-08:00,REAL_TIME_15_MIN,DLAP_SCE-APND,DLAP,57.2673,57.94526,0.0,-0.67796,0.0
2025-01-06 21:45:00-08:00,2025-01-06 21:45:00-08:00,2025-01-06 22:00:00-08:00,REAL_TIME_15_MIN,DLAP_SCE-APND,DLAP,51.20968,51.78972,0.0,-0.58004,0.0
2025-01-06 22:00:00-08:00,2025-01-06 22:00:00-08:00,2025-01-06 22:15:00-08:00,REAL_TIME_15_MIN,DLAP_SCE-APND,DLAP,50.79365,51.35341,0.0,-0.55975,0.0
2025-01-06 22:15:00-08:00,2025-01-06 22:15:00-08:00,2025-01-06 22:30:00-08:00,REAL_TIME_15_MIN,DLAP_SCE-APND,DLAP,50.06723,50.60363,0.0,-0.5364,0.0
2025-01-06 22:30:00-08:00,2025-01-06 22:30:00-08:00,2025-01-06 22:45:00-08:00,REAL_TIME_15_MIN,DLAP_SCE-APND,DLAP,49.9679,50.36579,0.0,-0.39789,0.0
2025-01-06 22:45:00-08:00,2025-01-06 22:45:00-08:00,2025-01-06 23:00:00-08:00,REAL_TIME_15_MIN,DLAP_SCE-APND,DLAP,46.07546,46.25586,0.0,-0.1804,0.0
2025-01-06 23:00:00-08:00,2025-01-06 23:00:00-08:00,2025-01-06 23:15:00-08:00,REAL_TIME_15_MIN,DLAP_SCE-APND,DLAP,44.40371,44.73474,0.0,-0.33104,0.0
2025-01-06 23:15:00-08:00,2025-01-06 23:15:00-08:00,2025-01-06 23:30:00-08:00,REAL_TIME_15_MIN,DLAP_SCE-APND,DLAP,42.78318,43.00682,0.0,-0.22364,0.0
2025-01-06 23:30:00-08:00,2025-01-06 23:30:00-08:00,2025-01-06 23:45:00-08:00,REAL_TIME_15_MIN,DLAP_SCE-APND,DLAP,42.67437,42.86296,0.0,-0.1886,0.0
2025-01-06 23:45:00-08:00,2025-01-06 23:45:00-08:00,2025-01-07 00:00:00-08:00,REAL_TIME_15_MIN,DLAP_SCE-APND,DLAP,41.96713,42.1103,0.0,-0.14318,0.0
2025-01-07 00:00:00-08:00,2025-01-07 00:00:00-08:00,2025-01-07 00:15:00-08:00,REAL_TIME_15_MIN,DLAP_SCE-APND,DLAP,48.32909,48.65018,0.0,-0.32109,0.0
2025-01-07 00:15:00-08:00,2025-01-07 00:15:00-08:00,2025-01-07 00:30:00-08:00,REAL_TIME_15_MIN,DLAP_SCE-APND,DLAP,47.79586,48.14734,0.0,-0.35148,0.0
2025-01-07 00:30:00-08:00,2025-01-07 00:30:00-08:00,2025-01-07 00:45:00-08:00,REAL_TIME_15_MIN,DLAP_SCE-APND,DLAP,46.03913,46.31237,0.0,-0.27324,0.0
2025-01-07 00:45:00-08:00,2025-01-07 00:45:00-08:00,2025-01-07 01:00:00-08:00,REAL_TIME_15_MIN,DLAP_SCE-APND,DLAP,45.9165,46.21226,0.0,-0.29576,0.0
2025-01-07 01:00:00-08:00,2025-01-07 01:00:00-08:00,2025-01-07 01:15:00-08:00,REAL_TIME_15_MIN,DLAP_SCE-APND,DLAP,46.34801,46.7312,0.0,-0.3832,0.0
2025-01-07 01:15:00-08:00,2025-01-07 01:15:00-08:00,2025-01-07 01:30:00-08:00,REAL_TIME_15_MIN,DLAP_SCE-APND,DLAP,46.53603,46.85464,0.0,-0.31861,0.0
2025-01-07 01:30:00-08:00,2025-01-07 01:30:00-08:00,2025-01-07 01:45:00-08:00,REAL_TIME_15_MIN,DLAP_SCE-APND,DLAP,45.83755,46.11887,0.0,-0.28133,0.0
2025-01-07 01:45:00-08:00,2025-01-07 01:45:00-08:00,2025-01-07 02:00:00-08:00,REAL_TIME_15_MIN,DLAP_SCE-APND,DLAP,44.8402,45.11995,0.0,-0.27974,0.0
2025-01-07 02:00:00-08:00,2025-01-07 02:00:00-08:00,2025-01-07 02:15:00-08:00,REAL_TIME_15_MIN,DLAP_SCE-APND,DLAP,45.58239,45.85754,0.0,-0.27515,0.0
2025-01-07 02:15:00-08:00,2025-01-07 02:15:00-08:00,2025-01-07 02:30:00-08:00,REAL_TIME_15_MIN,DLAP_SCE-APND,DLAP,45.3696,45.62969,0.0,-0.26009,0.0
2025-01-07 02:30:00-08:00,2025-01-07 02:30:00-08:00,2025-01-07 02:45:00-08:00,REAL_TIME_15_MIN,DLAP_SCE-APND,DLAP,46.31651,46.56798,0.0,-0.25147,0.0
2025-01-07 02:45:00-08:00,2025-01-07 02:45:00-08:00,2025-01-07 03:00:00-08:00,REAL_TIME_15_MIN,DLAP_SCE-APND,DLAP,45.79691,46.06408,0.0,-0.26717,0.0
2025-01-07 03:00:00-08:00,2025-01-07 03:00:00-08:00,2025-01-07 03:15:00-08:00,REAL_TIME_15_MIN,DLAP_SCE-APND,DLAP,45.7833,46.10604,0.0,-0.32274,0.0
2025-01-07 03:15:00-08:00,2025-01-07 03:15:00-08:00,2025-01-07 03:30:00-08:00,REAL_TIME_15_MIN,DLAP_SCE-APND,DLAP,45.49471,45.80619,0.0,-0.31148,0.0
2025-01-07 03:30:00-08:00,2025-01-07 03:30:00-08:00,2025-01-07 03:45:00-08:00,REAL_TIME_15_MIN,DLAP_SCE-APND,DLAP,45.3287,45.65284,0.0,-0.32414,0.0
2025-01-07 03:45:00-08:00,2025-01-07 03:45:00-08:00,2025-01-07 04:00:00-08:00,REAL_TIME_15_MIN,DLAP_SCE-APND,DLAP,46.95056,47.23872,0.0,-0.28816,0.0
2025-01-07 04:00:00-08:00,2025-01-07 04:00:00-08:00,2025-01-07 04:15:00-08:00,REAL_TIME_15_MIN,DLAP_SCE-APND,DLAP,46.78854,46.78386,0.0,0.00468,0.0
2025-01-07 04:15:00-08:00,2025-01-07 04:15:00-08:00,2025-01-07 04:30:00-08:00,REAL_TIME_15_MIN,DLAP_SCE-APND,DLAP,46.99636,47.05282,0.0,-0.05646,0.0
2025-01-07 04:30:00-08:00,2025-01-07 04:30:00-08:00,2025-01-07 04:45:00-08:00,REAL_TIME_15_MIN,DLAP_SCE-APND,DLAP,49.02342,49.10198,0.0,-0.07856,0.0
2025-01-07 04:45:00-08:00,2025-01-07 04:45:00-08:00,2025-01-07 05:00:00-08:00,REAL_TIME_15_MIN,DLAP_SCE-APND,DLAP,51.32789,51.47717,0.0,-0.14928,0.0
2025-01-07 05:00:00-08:00,2025-01-07 05:00:00-08:00,2025-01-07 05:15:00-08:00,REAL_TIME_15_MIN,DLAP_SCE-APND,DLAP,44.83989,44.94326,0.0,-0.10337,0.0
2025-01-07 05:15:00-08:00,2025-01-07 05:15:00-08:00,2025-01-07 05:30:00-08:00,REAL_TIME_15_MIN,DLAP_SCE-APND,DLAP,45.00321,45.21572,0.0,-0.21251,0.0
2025-01-07 05:30:00-08:00,2025-01-07 05:30:00-08:00,2025-01-07 05:45:00-08:00,REAL_TIME_15_MIN,DLAP_SCE-APND,DLAP,49.95787,50.24426,0.0,-0.28639,0.0
2025-01-07 05:45:00-08:00,2025-01-07 05:45:00-08:00,2025-01-07 06:00:00-08:00,REAL_TIME_15_MIN,DLAP_SCE-APND,DLAP,55.11766,55.53976,0.0,-0.4221,0.0
2025-01-07 06:00:00-08:00,2025-01-07 06:00:00-08:00,2025-01-07 06:15:00-08:00,REAL_TIME_15_MIN,DLAP_SCE-APND,DLAP,47.24211,47.56235,0.02221,-0.34245,0.0
2025-01-07 06:15:00-08:00,2025-01-07 06:15:00-08:00,2025-01-07 06:30:00-08:00,REAL_TIME_15_MIN,DLAP_SCE-APND,DLAP,52.43227,53.07447,0.0,-0.6422,0.0
2025-01-07 06:30:00-08:00,2025-01-07 06:30:00-08:00,2025-01-07 06:45:00-08:00,REAL_TIME_15_MIN,DLAP_SCE-APND,DLAP,54.54586,55.18595,0.00558,-0.64568,0.0
2025-01-07 06:45:00-08:00,2025-01-07 06:45:00-08:00,2025-01-07 07:00:00-08:00,REAL_TIME_15_MIN,DLAP_SCE-APND,DLAP,54.52299,54.52299,0.0,0.0,0.0
2025-01-07 07:00:00-08:00,2025-01-07 07:00:00-08:00,2025-01-07 07:15:00-08:00,REAL_TIME_15_MIN,DLAP_SCE-APND,DLAP,52.00099,53.10559,0.0,-1.1046,0.0
2025-01-07 07:15:00-08:00,2025-01-07 07:15:00-08:00,2025-01-07 07:30:00-08:00,REAL_TIME_15_MIN,DLAP_SCE-APND,DLAP,51.27086,52.54777,0.0,-1.27691,0.0
2025-01-07 07:30:00-08:00,2025-01-07 07:30:00-08:00,2025-01-07 07:45:00-08:00,REAL_TIME_15_MIN,DLAP_SCE-APND,DLAP,44.36969,45.84593,0.0,-1.47624,0.0
2025-01-07 07:45:00-08:00,2025-01-07 07:45:00-08:00,2025-01-07 08:00:00-08:00,REAL_TIME_15_MIN,DLAP_SCE-APND,DLAP,41.03018,42.37953,0.00255,-1.35191,0.0
2025-01-07 08:00:00-08:00,2025-01-07 08:00:00-08:00,2025-01-07 08:15:00-08:00,REAL_TIME_15_MIN,DLAP_SCE-APND,DLAP,54.16073,55.98286,0.0365,-1.85863,0.0
2025-01-07 08:15:00-08:00,2025-01-07 08:15:00-08:00,2025-01-07 08:30:00-08:00,REAL_TIME_15_MIN,DLAP_SCE-APND,DLAP,52.58268,49.32856,4.82277,-1.56865,0.0
2025-01-07 08:30:00-08:00,2025-01-07 08:30:00-08:00,2025-01-07 08:45:00-08:00,REAL_TIME_15_MIN,DLAP_SCE-APND,DLAP,48.71626,44.86436,5.33242,-1.48052,0.0
2025-01-07 08:45:00-08:00,2025-01-07 08:45:00-08:00,2025-01-07 09:00:00-08:00,REAL_TIME_15_MIN,DLAP_SCE-APND,DLAP,52.04433,45.75758,7.35747,-1.07073,0.0
2025-01-07 09:00:00-08:00,2025-01-07 09:00:00-08:00,2025-01-07 09:15:00-08:00,REAL_TIME_15_MIN,DLAP_SCE-APND,DLAP,52.62862,46.88886,6.8182,-1.07844,0.0
2025-01-07 09:15:00-08:00,2025-01-07 09:15:00-08:00,2025-01-07 09:30:00-08:00,REAL_TIME_15_MIN,DLAP_SCE-APND,DLAP,52.37095,47.53497,6.11942,-1.28344,0.0
2025-01-07 09:30:00-08:00,2025-01-07 09:30:00-08:00,2025-01-07 09:45:00-08:00,REAL_TIME_15_MIN,DLAP_SCE-APND,DLAP,46.9768,44.44204,3.71691,-1.18216,0.0
2025-01-07 09:45:00-08:00,2025-01-07 09:45:00-08:00,2025-01-07 10:00:00-08:00,REAL_TIME_15_MIN,DLAP_SCE-APND,DLAP,39.49141,39.25957,1.1034,-0.87156,0.0
2025-01-07 10:00:00-08:00,2025-01-07 10:00:00-08:00,2025-01-07 10:15:00-08:00,REAL_TIME_15_MIN,DLAP_SCE-APND,DLAP,39.73487,40.56472,0.15994,-0.98978,0.0
2025-01-07 10:15:00-08:00,2025-01-07 10:15:00-08:00,2025-01-07 10:30:00-08:00,REAL_TIME_15_MIN,DLAP_SCE-APND,DLAP,37.47526,38.39063,-0.1514,-0.76397,0.0
2025-01-07 10:30:00-08:00,2025-01-07 10:30:00-08:00,2025-01-07 10:45:00-08:00,REAL_TIME_15_MIN,DLAP_SCE-APND,DLAP,34.48597,36.30364,-1.20051,-0.61716,0.0
2025-01-07 10:45:00-08:00,2025-01-07 10:45:00-08:00,2025-01-07 11:00:00-08:00,REAL_TIME_15_MIN,DLAP_SCE-APND,DLAP,33.84643,34.59942,-0.12674,-0.62625,0.0
2025-01-07 11:00:00-08:00,2025-01-07 11:00:00-08:00,2025-01-07 11:15:00-08:00,REAL_TIME_15_MIN,DLAP_SCE-APND,DLAP,38.99886,40.64308,-0.84355,-0.80067,0.0
2025-01-07 11:15:00-08:00,2025-01-07 11:15:00-08:00,2025-01-07 11:30:00-08:00,REAL_TIME_15_MIN,DLAP_SCE-APND,DLAP,30.07136,36.97988,-6.22069,-0.68783,0.0
2025-01-07 11:30:00-08:00,2025-01-07 11:30:00-08:00,2025-01-07 11:45:00-08:00,REAL_TIME_15_MIN,DLAP_SCE-APND,DLAP,26.92035,34.51959,-6.96063,-0.63861,0.0
2025-01-07 11:45:00-08:00,2025-01-07 11:45:00-08:00,2025-01-07 12:00:00-08:00,REAL_TIME_15_MIN,DLAP_SCE-APND,DLAP,23.46882,32.49355,-8.23188,-0.79284,0.0
2025-01-07 12:00:00-08:00,2025-01-07 12:00:00-08:00,2025-01-07 12:15:00-08:00,REAL_TIME_15_MIN,DLAP_SCE-APND,DLAP,22.14882,31.49898,-8.55953,-0.79062,0.0
2025-01-07 12:15:00-08:00,2025-01-07 12:15:00-08:00,2025-01-07 12:30:00-08:00,REAL_TIME_15_MIN,DLAP_SCE-APND,DLAP,21.83756,31.37681,-8.75169,-0.78756,0.0
2025-01-07 12:30:00-08:00,2025-01-07 12:30:00-08:00,2025-01-07 12:45:00-08:00,REAL_TIME_15_MIN,DLAP_SCE-APND,DLAP,17.79692,30.55216,-11.93338,-0.82185,0.0
2025-01-07 12:45:00-08:00,2025-01-07 12:45:00-08:00,2025-01-07 13:00:00-08:00,REAL_TIME_15_MIN,DLAP_SCE-APND,DLAP,15.21764,28.64985,-12.58704,-0.84517,0.0
2025-01-07 13:00:00-08:00,2025-01-07 13:00:00-08:00,2025-01-07 13:15:00-08:00,REAL_TIME_15_MIN,DLAP_SCE-APND,DLAP,14.62198,29.71455,-14.17439,-0.91818,0.0
2025-01-07 13:15:00-08:00,2025-01-07 13:15:00-08:00,2025-01-07 13:30:00-08:00,REAL_TIME_15_MIN,DLAP_SCE-APND,DLAP,14.37963,28.59226,-13.37488,-0.83775,0.0
2025-01-07 13:30:00-08:00,2025-01-07 13:30:00-08:00,2025-01-07 13:45:00-08:00,REAL_TIME_15_MIN,DLAP_SCE-APND,DLAP,14.20204,27.97343,-12.88183,-0.88956,0.0
2025-01-07 13:45:00-08:00,2025-01-07 13:45:00-08:00,2025-01-07 14:00:00-08:00,REAL_TIME_15_MIN,DLAP_SCE-APND,DLAP,14.95395,27.80748,-11.93032,-0.92321,0.0
2025-01-07 14:00:00-08:00,2025-01-07 14:00:00-08:00,2025-01-07 14:15:00-08:00,REAL_TIME_15_MIN,DLAP_SCE-APND,DLAP,14.51181,26.80075,-11.42595,-0.86298,0.0
2025-01-07 14:15:00-08:00,2025-01-07 14:15:00-08:00,2025-01-07 14:30:00-08:00,REAL_TIME_15_MIN,DLAP_SCE-APND,DLAP,16.34246,27.99432,-10.70565,-0.94621,0.0
2025-01-07 14:30:00-08:00,2025-01-07 14:30:00-08:00,2025-01-07 14:45:00-08:00,REAL_TIME_15_MIN,DLAP_SCE-APND,DLAP,19.32564,30.15938,-9.87166,-0.96208,0.0
2025-01-07 14:45:00-08:00,2025-01-07 14:45:00-08:00,2025-01-07 15:00:00-08:00,REAL_TIME_15_MIN,DLAP_SCE-APND,DLAP,21.54597,30.79962,-8.37278,-0.88087,0.0
2025-01-07 15:00:00-08:00,2025-01-07 15:00:00-08:00,2025-01-07 15:15:00-08:00,REAL_TIME_15_MIN,DLAP_SCE-APND,DLAP,19.82778,30.4694,-9.73363,-0.90799,0.0
2025-01-07 15:15:00-08:00,2025-01-07 15:15:00-08:00,2025-01-07 15:30:00-08:00,REAL_TIME_15_MIN,DLAP_SCE-APND,DLAP,35.35899,40.23908,-3.68096,-1.19912,0.0
2025-01-07 15:30:00-08:00,2025-01-07 15:30:00-08:00,2025-01-07 15:45:00-08:00,REAL_TIME_15_MIN,DLAP_SCE-APND,DLAP,56.77899,58.39657,0.0,-1.61759,0.0
2025-01-07 15:45:00-08:00,2025-01-07 15:45:00-08:00,2025-01-07 16:00:00-08:00,REAL_TIME_15_MIN,DLAP_SCE-APND,DLAP,60.02454,61.36224,0.0,-1.3377,0.0
2025-01-07 16:00:00-08:00,2025-01-07 16:00:00-08:00,2025-01-07 16:15:00-08:00,REAL_TIME_15_MIN,DLAP_SCE-APND,DLAP,45.03289,45.97985,0.03701,-0.98397,0.0
2025-01-07 16:15:00-08:00,2025-01-07 16:15:00-08:00,2025-01-07 16:30:00-08:00,REAL_TIME_15_MIN,DLAP_SCE-APND,DLAP,51.47866,52.80946,0.0,-1.3308,0.0
2025-01-07 16:30:00-08:00,2025-01-07 16:30:00-08:00,2025-01-07 16:45:00-08:00,REAL_TIME_15_MIN,DLAP_SCE-APND,DLAP,56.70224,58.16211,0.0,-1.45987,0.0
2025-01-07 16:45:00-08:00,2025-01-07 16:45:00-08:00,2025-01-07 17:00:00-08:00,REAL_TIME_15_MIN,DLAP_SCE-APND,DLAP,62.51458,64.80881,0.0,-2.29423,0.0
2025-01-07 17:00:00-08:00,2025-01-07 17:00:00-08:00,2025-01-07 17:15:00-08:00,REAL_TIME_15_MIN,DLAP_SCE-APND,DLAP,56.68232,58.12818,0.77464,-2.2205,0.0
2025-01-07 17:15:00-08:00,2025-01-07 17:15:00-08:00,2025-01-07 17:30:00-08:00,REAL_TIME_15_MIN,DLAP_SCE-APND,DLAP,57.83714,58.94352,1.25136,-2.35774,0.0
2025-01-07 17:30:00-08:00,2025-01-07 17:30:00-08:00,2025-01-07 17:45:00-08:00,REAL_TIME_15_MIN,DLAP_SCE-APND,DLAP,58.36156,59.50342,1.33944,-2.48129,0.0
2025-01-07 17:45:00-08:00,2025-01-07 17:45:00-08:00,2025-01-07 18:00:00-08:00,REAL_TIME_15_MIN,DLAP_SCE-APND,DLAP,61.51736,62.47461,1.56672,-2.52397,0.0
2025-01-07 18:00:00-08:00,2025-01-07 18:00:00-08:00,2025-01-07 18:15:00-08:00,REAL_TIME_15_MIN,DLAP_SCE-APND,DLAP,55.55964,56.89406,0.83325,-2.16766,0.0
2025-01-07 18:15:00-08:00,2025-01-07 18:15:00-08:00,2025-01-07 18:30:00-08:00,REAL_TIME_15_MIN,DLAP_SCE-APND,DLAP,53.35791,54.96781,0.39643,-2.00633,0.0
2025-01-07 18:30:00-08:00,2025-01-07 18:30:00-08:00,2025-01-07 18:45:00-08:00,REAL_TIME_15_MIN,DLAP_SCE-APND,DLAP,52.935,54.36052,0.32489,-1.75041,0.0
2025-01-07 18:45:00-08:00,2025-01-07 18:45:00-08:00,2025-01-07 19:00:00-08:00,REAL_TIME_15_MIN,DLAP_SCE-APND,DLAP,51.27429,52.5197,0.27766,-1.52307,0.0
2025-01-07 19:00:00-08:00,2025-01-07 19:00:00-08:00,2025-01-07 19:15:00-08:00,REAL_TIME_15_MIN,DLAP_SCE-APND,DLAP,52.39565,53.45109,0.44119,-1.49663,0.0
2025-01-07 19:15:00-08:00,2025-01-07 19:15:00-08:00,2025-01-07 19:30:00-08:00,REAL_TIME_15_MIN,DLAP_SCE-APND,DLAP,51.40193,52.81201,0.0,-1.41008,0.0
2025-01-07 19:30:00-08:00,2025-01-07 19:30:00-08:00,2025-01-07 19:45:00-08:00,REAL_TIME_15_MIN,DLAP_SCE-APND,DLAP,50.352,51.65367,0.0,-1.30167,0.0
2025-01-07 19:45:00-08:00,2025-01-07 19:45:00-08:00,2025-01-07 20:00:00-08:00,REAL_TIME_15_MIN,DLAP_SCE-APND,DLAP,49.35286,50.64395,0.00033,-1.29142,0.0
2025-01-07 20:00:00-08:00,2025-01-07 20:00:00-08:00,2025-01-07 20:15:00-08:00,REAL_TIME_15_MIN,DLAP_SCE-APND,DLAP,47.82847,47.44911,1.651,-1.27164,0.0
2025-01-07 20:15:00-08:00,2025-01-07 20:15:00-08:00,2025-01-07 20:30:00-08:00,REAL_TIME_15_MIN,DLAP_SCE-APND,DLAP,47.59279,47.52815,1.30988,-1.24524,0.0
2025-01-07 20:30:00-08:00,2025-01-07 20:30:00-08:00,2025-01-07 20:45:00-08:00,REAL_TIME_15_MIN,DLAP_SCE-APND,DLAP,46.60341,47.81799,0.0,-1.21458,0.0
2025-01-07 20:45:00-08:00,2025-01-07 20:45:00-08:00,2025-01-07 21:00:00-08:00,REAL_TIME_15_MIN,DLAP_SCE-APND,DLAP,46.3177,47.47685,0.00403,-1.16318,0.0
2025-01-07 21:00:00-08:00,2025-01-07 21:00:00-08:00,2025-01-07 21:15:00-08:00,REAL_TIME_15_MIN,DLAP_SCE-APND,DLAP,47.14682,48.39542,0.0,-1.2486,0.0
2025-01-07 21:15:00-08:00,2025-01-07 21:15:00-08:00,2025-01-07 21:30:00-08:00,REAL_TIME_15_MIN,DLAP_SCE-APND,DLAP,46.72011,47.74666,0.0,-1.02655,0.0
2025-01-07 21:30:00-08:00,2025-01-07 21:30:00-08:00,2025-01-07 21:45:00-08:00,REAL_TIME_15_MIN,DLAP_SCE-APND,DLAP,46.82272,47.65529,0.03952,-0.87209,0.0
2025-01-07 21:45:00-08:00,2025-01-07 21:45:00-08:00,2025-01-07 22:00:00-08:00,REAL_TIME_15_MIN,DLAP_SCE-APND,DLAP,44.94985,45.62048,0.08211,-0.75274,0.0
2025-01-07 22:00:00-08:00,2025-01-07 22:00:00-08:00,2025-01-07 22:15:00-08:00,REAL_TIME_15_MIN,DLAP_SCE-APND,DLAP,58.92533,49.15285,10.59333,-0.82085,0.0
2025-01-07 22:15:00-08:00,2025-01-07 22:15:00-08:00,2025-01-07 22:30:00-08:00,REAL_TIME_15_MIN,DLAP_SCE-APND,DLAP,57.25189,46.39206,11.3655,-0.50567,0.0
2025-01-07 22:30:00-08:00,2025-01-07 22:30:00-08:00,2025-01-07 22:45:00-08:00,REAL_TIME_15_MIN,DLAP_SCE-APND,DLAP,50.08698,45.49574,5.09624,-0.505,0.0
2025-01-07 22:45:00-08:00,2025-01-07 22:45:00-08:00,2025-01-07 23:00:00-08:00,REAL_TIME_15_MIN,DLAP_SCE-APND,DLAP,49.37117,46.19334,3.81992,-0.64209,0.0
2025-01-07 23:00:00-08:00,2025-01-07 23:00:00-08:00,2025-01-07 23:15:00-08:00,REAL_TIME_15_MIN,DLAP_SCE-APND,DLAP,52.95229,53.42779,0.0,-0.47551,0.0
2025-01-07 23:15:00-08:00,2025-01-07 23:15:00-08:00,2025-01-07 23:30:00-08:00,REAL_TIME_15_MIN,DLAP_SCE-APND,DLAP,50.7864,51.20113,0.0,-0.41473,0.0
2025-01-07 23:30:00-08:00,2025-01-07 23:30:00-08:00,2025-01-07 23:45:00-08:00,REAL_TIME_15_MIN,DLAP_SCE-APND,DLAP,60.49445,57.08963,4.00426,-0.59944,0.0
2025-01-07 23:45:00-08:00,2025-01-07 23:45:00-08:00,2025-01-08 00:00:00-08:00,REAL_TIME_15_MIN,DLAP_SCE-APND,DLAP,59.02565,54.31496,5.11262,-0.40193,0.0
2025-01-08 00:00:00-08:00,2025-01-08 00:00:00-08:00,2025-01-08 00:15:00-08:00,REAL_TIME_15_MIN,DLAP_SCE-APND,DLAP,59.77344,55.7918,4.2885,-0.30685,0.0
2025-01-08 00:15:00-08:00,2025-01-08 00:15:00-08:00,2025-01-08 00:30:00-08:00,REAL_TIME_15_MIN,DLAP_SCE-APND,DLAP,59.90043,50.52564,9.58194,-0.20716,0.0
2025-01-08 00:30:00-08:00,2025-01-08 00:30:00-08:00,2025-01-08 00:45:00-08:00,REAL_TIME_15_MIN,DLAP_SCE-APND,DLAP,60.56351,50.4268,10.27287,-0.13615,0.0
2025-01-08 00:45:00-08:00,2025-01-08 00:45:00-08:00,2025-01-08 01:00:00-08:00,REAL_TIME_15_MIN,DLAP_SCE-APND,DLAP,50.55686,41.1089,9.32874,0.11922,0.0
2025-01-08 01:00:00-08:00,2025-01-08 01:00:00-08:00,2025-01-08 01:15:00-08:00,REAL_TIME_15_MIN,DLAP_SCE-APND,DLAP,49.46697,41.81359,7.63247,0.02091,0.0
2025-01-08 01:15:00-08:00,2025-01-08 01:15:00-08:00,2025-01-08 01:30:00-08:00,REAL_TIME_15_MIN,DLAP_SCE-APND,DLAP,47.62705,40.46805,7.04568,0.11331,0.0
2025-01-08 01:30:00-08:00,2025-01-08 01:30:00-08:00,2025-01-08 01:45:00-08:00,REAL_TIME_15_MIN,DLAP_SCE-APND,DLAP,44.75489,41.03077,3.53128,0.19284,0.0
2025-01-08 01:45:00-08:00,2025-01-08 01:45:00-08:00,2025-01-08 02:00:00-08:00,REAL_TIME_15_MIN,DLAP_SCE-APND,DLAP,44.58349,45.11818,-0.69712,0.16243,0.0
2025-01-08 02:00:00-08:00,2025-01-08 02:00:00-08:00,2025-01-08 02:15:00-08:00,REAL_TIME_15_MIN,DLAP_SCE-APND,DLAP,42.65756,42.54003,0.06648,0.05105,0.0
2025-01-08 02:15:00-08:00,2025-01-08 02:15:00-08:00,2025-01-08 02:30:00-08:00,REAL_TIME_15_MIN,DLAP_SCE-APND,DLAP,43.19859,43.12044,0.00054,0.07762,0.0
2025-01-08 02:30:00-08:00,2025-01-08 02:30:00-08:00,2025-01-08 02:45:00-08:00,REAL_TIME_15_MIN,DLAP_SCE-APND,DLAP,45.3099,45.30936,0.00054,0.0,0.0
2025-01-08 02:45:00-08:00,2025-01-08 02:45:00-08:00,2025-01-08 03:00:00-08:00,REAL_TIME_15_MIN,DLAP_SCE-APND,DLAP,47.93297,47.80194,0.03543,0.0956,0.0
2025-01-08 03:00:00-08:00,2025-01-08 03:00:00-08:00,2025-01-08 03:15:00-08:00,REAL_TIME_15_MIN,DLAP_SCE-APND,DLAP,45.6373,45.41929,0.0,0.21801,0.0
2025-01-08 03:15:00-08:00,2025-01-08 03:15:00-08:00,2025-01-08 03:30:00-08:00,REAL_TIME_15_MIN,DLAP_SCE-APND,DLAP,42.97484,42.80363,0.0,0.17121,0.0
2025-01-08 03:30:00-08:00,2025-01-08 03:30:00-08:00,2025-01-08 03:45:00-08:00,REAL_TIME_15_MIN,DLAP_SCE-APND,DLAP,42.87793,42.65612,0.0,0.22181,0.0
2025-01-08 03:45:00-08:00,2025-01-08 03:45:00-08:00,2025-01-08 04:00:00-08:00,REAL_TIME_15_MIN,DLAP_SCE-APND,DLAP,42.01705,41.85382,0.0,0.16323,0.0
2025-01-08 04:00:00-08:00,2025-01-08 04:00:00-08:00,2025-01-08 04:15:00-08:00,REAL_TIME_15_MIN,DLAP_SCE-APND,DLAP,41.25972,40.93633,0.0,0.3234,0.0
2025-01-08 04:15:00-08:00,2025-01-08 04:15:00-08:00,2025-01-08 04:30:00-08:00,REAL_TIME_15_MIN,DLAP_SCE-APND,DLAP,41.246,40.93084,0.0,0.31517,0.0
2025-01-08 04:30:00-08:00,2025-01-08 04:30:00-08:00,2025-01-08 04:45:00-08:00,REAL_TIME_15_MIN,DLAP_SCE-APND,DLAP,44.42207,43.92984,0.12761,0.36462,0.0
2025-01-08 04:45:00-08:00,2025-01-08 04:45:00-08:00,2025-01-08 05:00:00-08:00,REAL_TIME_15_MIN,DLAP_SCE-APND,DLAP,45.06879,44.71995,0.15654,0.1923,0.0
2025-01-08 05:00:00-08:00,2025-01-08 05:00:00-08:00,2025-01-08 05:15:00-08:00,REAL_TIME_15_MIN,DLAP_SCE-APND,DLAP,41.08379,40.814,0.04123,0.22856,0.0
2025-01-08 05:15:00-08:00,2025-01-08 05:15:00-08:00,2025-01-08 05:30:00-08:00,REAL_TIME_15_MIN,DLAP_SCE-APND,DLAP,43.55511,43.21525,0.13675,0.20311,0.0
2025-01-08 05:30:00-08:00,2025-01-08 05:30:00-08:00,2025-01-08 05:45:00-08:00,REAL_TIME_15_MIN,DLAP_SCE-APND,DLAP,47.72817,46.77976,0.92034,0.02807,0.0
2025-01-08 05:45:00-08:00,2025-01-08 05:45:00-08:00,2025-01-08 06:00:00-08:00,REAL_TIME_15_MIN,DLAP_SCE-APND,DLAP,57.16011,56.93537,0.27598,-0.05124,0.0
2025-01-08 06:00:00-08:00,2025-01-08 06:00:00-08:00,2025-01-08 06:15:00-08:00,REAL_TIME_15_MIN,DLAP_SCE-APND,DLAP,49.69199,48.9942,0.79088,-0.09309,0.0
2025-01-08 06:15:00-08:00,2025-01-08 06:15:00-08:00,2025-01-08 06:30:00-08:00,REAL_TIME_15_MIN,DLAP_SCE-APND,DLAP,61.9944,56.226,6.23508,-0.46668,0.0
2025-01-08 06:30:00-08:00,2025-01-08 06:30:00-08:00,2025-01-08 06:45:00-08:00,REAL_TIME_15_MIN,DLAP_SCE-APND,DLAP,65.20251,58.2976,7.57534,-0.67042,0.0
2025-01-08 06:45:00-08:00,2025-01-08 06:45:00-08:00,2025-01-08 07:00:00-08:00,REAL_TIME_15_MIN,DLAP_SCE-APND,DLAP,74.07988,56.61946,18.00397,-0.54355,0.0
2025-01-08 07:00:00-08:00,2025-01-08 07:00:00-08:00,2025-01-08 07:15:00-08:00,REAL_TIME_15_MIN,DLAP_SCE-APND,DLAP,65.07044,54.54261,11.21506,-0.68724,0.0
2025-01-08 07:15:00-08:00,2025-01-08 07:15:00-08:00,2025-01-08 07:30:00-08:00,REAL_TIME_15_MIN,DLAP_SCE-APND,DLAP,63.53532,52.18321,12.24966,-0.89755,0.0
2025-01-08 07:30:00-08:00,2025-01-08 07:30:00-08:00,2025-01-08 07:45:00-08:00,REAL_TIME_15_MIN,DLAP_SCE-APND,DLAP,63.30203,49.34968,14.99362,-1.04128,0.0
2025-01-08 07:45:00-08:00,2025-01-08 07:45:00-08:00,2025-01-08 08:00:00-08:00,REAL_TIME_15_MIN,DLAP_SCE-APND,DLAP,61.94931,46.65351,16.19154,-0.89575,0.0
2025-01-08 08:00:00-08:00,2025-01-08 08:00:00-08:00,2025-01-08 08:15:00-08:00,REAL_TIME_15_MIN,DLAP_SCE-APND,DLAP,66.25288,55.72122,12.19773,-1.66606,0.0
2025-01-08 08:15:00-08:00,2025-01-08 08:15:00-08:00,2025-01-08 08:30:00-08:00,REAL_TIME_15_MIN,DLAP_SCE-APND,DLAP,69.08656,51.35944,18.91352,-1.1864,0.0
2025-01-08 08:30:00-08:00,2025-01-08 08:30:00-08:00,2025-01-08 08:45:00-08:00,REAL_TIME_15_MIN,DLAP_SCE-APND,DLAP,51.48615,34.46559,17.85118,-0.83062,0.0
2025-01-08 08:45:00-08:00,2025-01-08 08:45:00-08:00,2025-01-08 09:00:00-08:00,REAL_TIME_15_MIN,DLAP_SCE-APND,DLAP,50.55734,38.73559,12.60808,-0.78633,0.0
2025-01-08 09:00:00-08:00,2025-01-08 09:00:00-08:00,2025-01-08 09:15:00-08:00,REAL_TIME_15_MIN,DLAP_SCE-APND,DLAP,44.54725,37.77147,8.25265,-1.47686,0.0
2025-01-08 09:15:00-08:00,2025-01-08 09:15:00-08:00,2025-01-08 09:30:00-08:00,REAL_TIME_15_MIN,DLAP_SCE-APND,DLAP,47.61572,38.95228,10.17868,-1.51524,0.0
2025-01-08 09:30:00-08:00,2025-01-08 09:30:00-08:00,2025-01-08 09:45:00-08:00,REAL_TIME_15_MIN,DLAP_SCE-APND,DLAP,40.75833,35.01445,6.9939,-1.25002,0.0
2025-01-08 09:45:00-08:00,2025-01-08 09:45:00-08:00,2025-01-08 10:00:00-08:00,REAL_TIME_15_MIN,DLAP_SCE-APND,DLAP,38.25216,32.91282,6.19178,-0.85244,0.0
2025-01-08 10:00:00-08:00,2025-01-08 10:00:00-08:00,2025-01-08 10:15:00-08:00,REAL_TIME_15_MIN,DLAP_SCE-APND,DLAP,44.01486,36.82527,8.27594,-1.08635,0.0
2025-01-08 10:15:00-08:00,2025-01-08 10:15:00-08:00,2025-01-08 10:30:00-08:00,REAL_TIME_15_MIN,DLAP_SCE-APND,DLAP,42.71151,35.90265,7.57717,-0.76832,0.0
2025-01-08 10:30:00-08:00,2025-01-08 10:30:00-08:00,2025-01-08 10:45:00-08:00,REAL_TIME_15_MIN,DLAP_SCE-APND,DLAP,37.70618,32.80725,5.74863,-0.84971,0.0
2025-01-08 10:45:00-08:00,2025-01-08 10:45:00-08:00,2025-01-08 11:00:00-08:00,REAL_TIME_15_MIN,DLAP_SCE-APND,DLAP,34.19344,30.23554,4.741,-0.7831,0.0
2025-01-08 11:00:00-08:00,2025-01-08 11:00:00-08:00,2025-01-08 11:15:00-08:00,REAL_TIME_15_MIN,DLAP_SCE-APND,DLAP,33.00663,30.64177,3.17687,-0.81201,0.0
2025-01-08 11:15:00-08:00,2025-01-08 11:15:00-08:00,2025-01-08 11:30:00-08:00,REAL_TIME_15_MIN,DLAP_SCE-APND,DLAP,31.05488,29.07882,2.74374,-0.76768,0.0
2025-01-08 11:30:00-08:00,2025-01-08 11:30:00-08:00,2025-01-08 11:45:00-08:00,REAL_TIME_15_MIN,DLAP_SCE-APND,DLAP,26.04806,26.79827,0.15826,-0.90846,0.0
2025-01-08 11:45:00-08:00,2025-01-08 11:45:00-08:00,2025-01-08 12:00:00-08:00,REAL_TIME_15_MIN,DLAP_SCE-APND,DLAP,30.47972,26.72726,4.58902,-0.83656,0.0
2025-01-08 12:00:00-08:00,2025-01-08 12:00:00-08:00,2025-01-08 12:15:00-08:00,REAL_TIME_15_MIN,DLAP_SCE-APND,DLAP,27.41687,28.80362,-0.41031,-0.97644,0.0
2025-01-08 12:15:00-08:00,2025-01-08 12:15:00-08:00,2025-01-08 12:30:00-08:00,REAL_TIME_15_MIN,DLAP_SCE-APND,DLAP,25.39043,25.89554,0.37275,-0.87786,0.0
2025-01-08 12:30:00-08:00,2025-01-08 12:30:00-08:00,2025-01-08 12:45:00-08:00,REAL_TIME_15_MIN,DLAP_SCE-APND,DLAP,24.63368,25.60439,-0.15905,-0.81166,0.0
2025-01-08 12:45:00-08:00,2025-01-08 12:45:00-08:00,2025-01-08 13:00:00-08:00,REAL_TIME_15_MIN,DLAP_SCE-APND,DLAP,16.47923,22.09384,-4.96063,-0.65398,0.0
2025-01-08 13:00:00-08:00,2025-01-08 13:00:00-08:00,2025-01-08 13:15:00-08:00,REAL_TIME_15_MIN,DLAP_SCE-APND,DLAP,13.22326,21.42266,-7.41747,-0.78193,0.0
2025-01-08 13:15:00-08:00,2025-01-08 13:15:00-08:00,2025-01-08 13:30:00-08:00,REAL_TIME_15_MIN,DLAP_SCE-APND,DLAP,14.78846,22.67009,-7.06551,-0.81612,0.0
2025-01-08 13:30:00-08:00,2025-01-08 13:30:00-08:00,2025-01-08 13:45:00-08:00,REAL_TIME_15_MIN,DLAP_SCE-APND,DLAP,12.76246,21.60173,-8.04865,-0.79062,0.0
2025-01-08 13:45:00-08:00,2025-01-08 13:45:00-08:00,2025-01-08 14:00:00-08:00,REAL_TIME_15_MIN,DLAP_SCE-APND,DLAP,12.82915,21.06619,-7.49551,-0.74153,0.0
2025-01-08 14:00:00-08:00,2025-01-08 14:00:00-08:00,2025-01-08 14:15:00-08:00,REAL_TIME_15_MIN,DLAP_SCE-APND,DLAP,12.90552,21.6545,-8.01489,-0.73409,0.0
2025-01-08 14:15:00-08:00,2025-01-08 14:15:00-08:00,2025-01-08 14:30:00-08:00,REAL_TIME_15_MIN,DLAP_SCE-APND,DLAP,15.51482,24.04836,-7.75918,-0.77436,0.0
2025-01-08 14:30:00-08:00,2025-01-08 14:30:00-08:00,2025-01-08 14:45:00-08:00,REAL_TIME_15_MIN,DLAP_SCE-APND,DLAP,17.4068,25.30875,-7.03134,-0.87062,0.0
2025-01-08 14:45:00-08:00,2025-01-08 14:45:00-08:00,2025-01-08 15:00:00-08:00,REAL_TIME_15_MIN,DLAP_SCE-APND,DLAP,18.48736,25.84656,-6.52953,-0.82967,0.0
2025-01-08 15:00:00-08:00,2025-01-08 15:00:00-08:00,2025-01-08 15:15:00-08:00,REAL_TIME_15_MIN,DLAP_SCE-APND,DLAP,18.30635,22.67975,-3.68167,-0.69173,0.0
2025-01-08 15:15:00-08:00,2025-01-08 15:15:00-08:00,2025-01-08 15:30:00-08:00,REAL_TIME_15_MIN,DLAP_SCE-APND,DLAP,24.01452,27.11744,-2.29754,-0.80539,0.0
2025-01-08 15:30:00-08:00,2025-01-08 15:30:00-08:00,2025-01-08 15:45:00-08:00,REAL_TIME_15_MIN,DLAP_SCE-APND,DLAP,37.71242,38.61208,0.0,-0.89966,0.0
2025-01-08 15:45:00-08:00,2025-01-08 15:45:00-08:00,2025-01-08 16:00:00-08:00,REAL_TIME_15_MIN,DLAP_SCE-APND,DLAP,51.06707,52.22116,0.0,-1.15409,0.0
2025-01-08 16:00:00-08:00,2025-01-08 16:00:00-08:00,2025-01-08 16:15:00-08:00,REAL_TIME_15_MIN,DLAP_SCE-APND,DLAP,42.19424,42.82415,0.03386,-0.66377,0.0
2025-01-08 16:15:00-08:00,2025-01-08 16:15:00-08:00,2025-01-08 16:30:00-08:00,REAL_TIME_15_MIN,DLAP_SCE-APND,DLAP,48.13893,49.05351,0.03215,-0.94673,0.0
2025-01-08 16:30:00-08:00,2025-01-08 16:30:00-08:00,2025-01-08 16:45:00-08:00,REAL_TIME_15_MIN,DLAP_SCE-APND,DLAP,56.04425,56.89767,0.15936,-1.01278,0.0
2025-01-08 16:45:00-08:00,2025-01-08 16:45:00-08:00,2025-01-08 17:00:00-08:00,REAL_TIME_15_MIN,DLAP_SCE-APND,DLAP,59.63811,60.61697,0.22136,-1.20022,0.0
2025-01-08 17:00:00-08:00,2025-01-08 17:00:00-08:00,2025-01-08 17:15:00-08:00,REAL_TIME_15_MIN,DLAP_SCE-APND,DLAP,52.79475,52.63158,1.38422,-1.22105,0.0
2025-01-08 17:15:00-08:00,2025-01-08 17:15:00-08:00,2025-01-08 17:30:00-08:00,REAL_TIME_15_MIN,DLAP_SCE-APND,DLAP,55.47706,55.40047,1.46715,-1.39055,0.0
2025-01-08 17:30:00-08:00,2025-01-08 17:30:00-08:00,2025-01-08 17:45:00-08:00,REAL_TIME_15_MIN,DLAP_SCE-APND,DLAP,56.82873,56.69368,1.65444,-1.51939,0.0
2025-01-08 17:45:00-08:00,2025-01-08 17:45:00-08:00,2025-01-08 18:00:00-08:00,REAL_TIME_15_MIN,DLAP_SCE-APND,DLAP,55.97854,55.75587,1.65002,-1.42735,0.0
2025-01-08 18:00:00-08:00,2025-01-08 18:00:00-08:00,2025-01-08 18:15:00-08:00,REAL_TIME_15_MIN,DLAP_SCE-APND,DLAP,52.41974,52.18609,1.4235,-1.18984,0.0
2025-01-08 18:15:00-08:00,2025-01-08 18:15:00-08:00,2025-01-08 18:30:00-08:00,REAL_TIME_15_MIN,DLAP_SCE-APND,DLAP,49.44003,48.80412,1.56807,-0.93216,0.0
2025-01-08 18:30:00-08:00,2025-01-08 18:30:00-08:00,2025-01-08 18:45:00-08:00,REAL_TIME_15_MIN,DLAP_SCE-APND,DLAP,49.42247,48.58443,1.56195,-0.72391,0.0
2025-01-08 18:45:00-08:00,2025-01-08 18:45:00-08:00,2025-01-08 19:00:00-08:00,REAL_TIME_15_MIN,DLAP_SCE-APND,DLAP,47.92524,47.78582,0.73674,-0.59732,0.0
2025-01-08 19:00:00-08:00,2025-01-08 19:00:00-08:00,2025-01-08 19:15:00-08:00,REAL_TIME_15_MIN,DLAP_SCE-APND,DLAP,49.85661,48.88662,1.58596,-0.61597,0.0
2025-01-08 19:15:00-08:00,2025-01-08 19:15:00-08:00,2025-01-08 19:30:00-08:00,REAL_TIME_15_MIN,DLAP_SCE-APND,DLAP,49.81705,49.2052,1.15802,-0.54618,0.0
2025-01-08 19:30:00-08:00,2025-01-08 19:30:00-08:00,2025-01-08 19:45:00-08:00,REAL_TIME_15_MIN,DLAP_SCE-APND,DLAP,50.36918,49.68566,1.18534,-0.50183,0.0
2025-01-08 19:45:00-08:00,2025-01-08 19:45:00-08:00,2025-01-08 20:00:00-08:00,REAL_TIME_15_MIN,DLAP_SCE-APND,DLAP,49.17351,49.66887,0.00132,-0.49669,0.0
2025-01-08 20:00:00-08:00,2025-01-08 20:00:00-08:00,2025-01-08 20:15:00-08:00,REAL_TIME_15_MIN,DLAP_SCE-APND,DLAP,51.10798,51.43643,0.21678,-0.54523,0.0
2025-01-08 20:15:00-08:00,2025-01-08 20:15:00-08:00,2025-01-08 20:30:00-08:00,REAL_TIME_15_MIN,DLAP_SCE-APND,DLAP,50.62472,50.92056,0.1879,-0.48375,0.0
2025-01-08 20:30:00-08:00,2025-01-08 20:30:00-08:00,2025-01-08 20:45:00-08:00,REAL_TIME_15_MIN,DLAP_SCE-APND,DLAP,50.48528,50.60228,0.18155,-0.29855,0.0
2025-01-08 20:45:00-08:00,2025-01-08 20:45:00-08:00,2025-01-08 21:00:00-08:00,REAL_TIME_15_MIN,DLAP_SCE-APND,DLAP,49.9382,50.16394,0.0,-0.22574,0.0
2025-01-08 21:00:00-08:00,2025-01-08 21:00:00-08:00,2025-01-08 21:15:00-08:00,REAL_TIME_15_MIN,DLAP_SCE-APND,DLAP,54.07187,54.21795,0.11959,-0.26567,0.0
2025-01-08 21:15:00-08:00,2025-01-08 21:15:00-08:00,2025-01-08 21:30:00-08:00,REAL_TIME_15_MIN,DLAP_SCE-APND,DLAP,53.43546,53.34975,0.26177,-0.17605,0.0
2025-01-08 21:30:00-08:00,2025-01-08 21:30:00-08:00,2025-01-08 21:45:00-08:00,REAL_TIME_15_MIN,DLAP_SCE-APND,DLAP,51.16786,51.08888,0.14029,-0.06131,0.0
2025-01-08 21:45:00-08:00,2025-01-08 21:45:00-08:00,2025-01-08 22:00:00-08:00,REAL_TIME_15_MIN,DLAP_SCE-APND,DLAP,49.98936,49.98436,0.0,0.005,0.0
2025-01-08 22:00:00-08:00,2025-01-08 22:00:00-08:00,2025-01-08 22:15:00-08:00,REAL_TIME_15_MIN,DLAP_SCE-APND,DLAP,50.12941,50.32653,0.10484,-0.30196,0.0
2025-01-08 22:15:00-08:00,2025-01-08 22:15:00-08:00,2025-01-08 22:30:00-08:00,REAL_TIME_15_MIN,DLAP_SCE-APND,DLAP,49.24079,49.49923,0.05341,-0.31185,0.0
2025-01-08 22:30:00-08:00,2025-01-08 22:30:00-08:00,2025-01-08 22:45:00-08:00,REAL_TIME_15_MIN,DLAP_SCE-APND,DLAP,46.2972,46.20774,0.22346,-0.134,0.0
2025-01-08 22:45:00-08:00,2025-01-08 22:45:00-08:00,2025-01-08 23:00:00-08:00,REAL_TIME_15_MIN,DLAP_SCE-APND,DLAP,45.224,45.29648,0.0,-0.07247,0.0
2025-01-08 23:00:00-08:00,2025-01-08 23:00:00-08:00,2025-01-08 23:15:00-08:00,REAL_TIME_15_MIN,DLAP_SCE-APND,DLAP,50.63344,50.77891,0.05765,-0.20312,0.0
2025-01-08 23:15:00-08:00,2025-01-08 23:15:00-08:00,2025-01-08 23:30:00-08:00,REAL_TIME_15_MIN,DLAP_SCE-APND,DLAP,48.91423,49.0168,0.04939,-0.15195,0.0
2025-01-08 23:30:00-08:00,2025-01-08 23:30:00-08:00,2025-01-08 23:45:00-08:00,REAL_TIME_15_MIN,DLAP_SCE-APND,DLAP,46.10115,46.16819,0.04376,-0.1108,0.0
2025-01-08 23:45:00-08:00,2025-01-08 23:45:00-08:00,2025-01-09 00:00:00-08:00,REAL_TIME_15_MIN,DLAP_SCE-APND,DLAP,45.01786,44.98188,0.0,0.03599,0.0
2025-01-09 00:00:00-08:00,2025-01-09 00:00:00-08:00,2025-01-09 00:15:00-08:00,REAL_TIME_15_MIN,DLAP_SCE-APND,DLAP,49.77593,46.3982,3.51692,-0.13919,0.0
2025-01-09 00:15:00-08:00,2025-01-09 00:15:00-08:00,2025-01-09 00:30:00-08:00,REAL_TIME_15_MIN,DLAP_SCE-APND,DLAP,47.82662,47.21599,0.73339,-0.12276,0.0
2025-01-09 00:30:00-08:00,2025-01-09 00:30:00-08:00,2025-01-09 00:45:00-08:00,REAL_TIME_15_MIN,DLAP_SCE-APND,DLAP,47.27103,46.54202,0.79417,-0.06516,0.0
2025-01-09 00:45:00-08:00,2025-01-09 00:45:00-08:00,2025-01-09 01:00:00-08:00,REAL_TIME_15_MIN,DLAP_SCE-APND,DLAP,44.49854,44.34326,0.11537,0.03991,0.0
2025-01-09 01:00:00-08:00,2025-01-09 01:00:00-08:00,2025-01-09 01:15:00-08:00,REAL_TIME_15_MIN,DLAP_SCE-APND,DLAP,44.24438,44.22776,0.05642,-0.0398,0.0
2025-01-09 01:15:00-08:00,2025-01-09 01:15:00-08:00,2025-01-09 01:30:00-08:00,REAL_TIME_15_MIN,DLAP_SCE-APND,DLAP,43.20632,43.09555,0.18834,-0.07757,0.0
2025-01-09 01:30:00-08:00,2025-01-09 01:30:00-08:00,2025-01-09 01:45:00-08:00,REAL_TIME_15_MIN,DLAP_SCE-APND,DLAP,41.53035,41.12919,0.42583,-0.02468,0.0
2025-01-09 01:45:00-08:00,2025-01-09 01:45:00-08:00,2025-01-09 02:00:00-08:00,REAL_TIME_15_MIN,DLAP_SCE-APND,DLAP,41.73043,41.71792,0.0,0.01252,0.0
2025-01-09 02:00:00-08:00,2025-01-09 02:00:00-08:00,2025-01-09 02:15:00-08:00,REAL_TIME_15_MIN,DLAP_SCE-APND,DLAP,42.73485,42.78914,0.03556,-0.08986,0.0
2025-01-09 02:15:00-08:00,2025-01-09 02:15:00-08:00,2025-01-09 02:30:00-08:00,REAL_TIME_15_MIN,DLAP_SCE-APND,DLAP,43.01065,42.54473,0.57654,-0.11062,0.0
2025-01-09 02:30:00-08:00,2025-01-09 02:30:00-08:00,2025-01-09 02:45:00-08:00,REAL_TIME_15_MIN,DLAP_SCE-APND,DLAP,42.65768,42.65763,0.10243,-0.10238,0.0
2025-01-09 02:45:00-08:00,2025-01-09 02:45:00-08:00,2025-01-09 03:00:00-08:00,REAL_TIME_15_MIN,DLAP_SCE-APND,DLAP,42.3612,42.3612,0.0,0.0,0.0
2025-01-09 03:00:00-08:00,2025-01-09 03:00:00-08:00,2025-01-09 03:15:00-08:00,REAL_TIME_15_MIN,DLAP_SCE-APND,DLAP,42.42182,42.3612,0.06062,0.0,0.0
2025-01-09 03:15:00-08:00,2025-01-09 03:15:00-08:00,2025-01-09 03:30:00-08:00,REAL_TIME_15_MIN,DLAP_SCE-APND,DLAP,42.42492,42.3788,0.04612,0.0,0.0
2025-01-09 03:30:00-08:00,2025-01-09 03:30:00-08:00,2025-01-09 03:45:00-08:00,REAL_TIME_15_MIN,DLAP_SCE-APND,DLAP,42.40925,42.3612,0.04805,0.0,0.0
2025-01-09 03:45:00-08:00,2025-01-09 03:45:00-08:00,2025-01-09 04:00:00-08:00,REAL_TIME_15_MIN,DLAP_SCE-APND,DLAP,42.9,42.9,0.0,0.0,0.0
2025-01-09 04:00:00-08:00,2025-01-09 04:00:00-08:00,2025-01-09 04:15:00-08:00,REAL_TIME_15_MIN,DLAP_SCE-APND,DLAP,42.89143,42.85714,0.0,0.03429,0.0
2025-01-09 04:15:00-08:00,2025-01-09 04:15:00-08:00,2025-01-09 04:30:00-08:00,REAL_TIME_15_MIN,DLAP_SCE-APND,DLAP,43.02939,42.99929,0.0,0.0301,0.0
2025-01-09 04:30:00-08:00,2025-01-09 04:30:00-08:00,2025-01-09 04:45:00-08:00,REAL_TIME_15_MIN,DLAP_SCE-APND,DLAP,43.39492,43.32992,0.0,0.06499,0.0
2025-01-09 04:45:00-08:00,2025-01-09 04:45:00-08:00,2025-01-09 05:00:00-08:00,REAL_TIME_15_MIN,DLAP_SCE-APND,DLAP,45.43317,45.43317,0.0,0.0,0.0
2025-01-09 05:00:00-08:00,2025-01-09 05:00:00-08:00,2025-01-09 05:15:00-08:00,REAL_TIME_15_MIN,DLAP_SCE-APND,DLAP,41.62982,41.65065,0.0,-0.02083,0.0
2025-01-09 05:15:00-08:00,2025-01-09 05:15:00-08:00,2025-01-09 05:30:00-08:00,REAL_TIME_15_MIN,DLAP_SCE-APND,DLAP,43.02708,43.12627,0.0,-0.09919,0.0
2025-01-09 05:30:00-08:00,2025-01-09 05:30:00-08:00,2025-01-09 05:45:00-08:00,REAL_TIME_15_MIN,DLAP_SCE-APND,DLAP,45.74119,45.90645,0.0,-0.16526,0.0
2025-01-09 05:45:00-08:00,2025-01-09 05:45:00-08:00,2025-01-09 06:00:00-08:00,REAL_TIME_15_MIN,DLAP_SCE-APND,DLAP,49.85958,50.24648,0.0,-0.3869,0.0
2025-01-09 06:00:00-08:00,2025-01-09 06:00:00-08:00,2025-01-09 06:15:00-08:00,REAL_TIME_15_MIN,DLAP_SCE-APND,DLAP,44.39213,44.53911,0.0,-0.14698,0.0
2025-01-09 06:15:00-08:00,2025-01-09 06:15:00-08:00,2025-01-09 06:30:00-08:00,REAL_TIME_15_MIN,DLAP_SCE-APND,DLAP,47.36169,47.60925,0.0,-0.24757,0.0
2025-01-09 06:30:00-08:00,2025-01-09 06:30:00-08:00,2025-01-09 06:45:00-08:00,REAL_TIME_15_MIN,DLAP_SCE-APND,DLAP,48.80042,49.22871,0.0,-0.42829,0.0
2025-01-09 06:45:00-08:00,2025-01-09 06:45:00-08:00,2025-01-09 07:00:00-08:00,REAL_TIME_15_MIN,DLAP_SCE-APND,DLAP,49.78535,50.47689,0.0,-0.69153,0.0
2025-01-09 07:00:00-08:00,2025-01-09 07:00:00-08:00,2025-01-09 07:15:00-08:00,REAL_TIME_15_MIN,DLAP_SCE-APND,DLAP,47.5672,48.20349,0.0,-0.63629,0.0
2025-01-09 07:15:00-08:00,2025-01-09 07:15:00-08:00,2025-01-09 07:30:00-08:00,REAL_TIME_15_MIN,DLAP_SCE-APND,DLAP,46.17664,47.11422,0.0,-0.93757,0.0
2025-01-09 07:30:00-08:00,2025-01-09 07:30:00-08:00,2025-01-09 07:45:00-08:00,REAL_TIME_15_MIN,DLAP_SCE-APND,DLAP,39.56976,40.4713,0.20332,-1.10487,0.0
2025-01-09 07:45:00-08:00,2025-01-09 07:45:00-08:00,2025-01-09 08:00:00-08:00,REAL_TIME_15_MIN,DLAP_SCE-APND,DLAP,35.06951,35.60661,0.60587,-1.14297,0.0
2025-01-09 08:00:00-08:00,2025-01-09 08:00:00-08:00,2025-01-09 08:15:00-08:00,REAL_TIME_15_MIN,DLAP_SCE-APND,DLAP,37.26718,38.42629,0.39716,-1.55626,0.0
2025-01-09 08:15:00-08:00,2025-01-09 08:15:00-08:00,2025-01-09 08:30:00-08:00,REAL_TIME_15_MIN,DLAP_SCE-APND,DLAP,35.42687,36.30414,0.69833,-1.5756,0.0
2025-01-09 08:30:00-08:00,2025-01-09 08:30:00-08:00,2025-01-09 08:45:00-08:00,REAL_TIME_15_MIN,DLAP_SCE-APND,DLAP,23.12881,28.67793,-4.11235,-1.43676,0.0
2025-01-09 08:45:00-08:00,2025-01-09 08:45:00-08:00,2025-01-09 09:00:00-08:00,REAL_TIME_15_MIN,DLAP_SCE-APND,DLAP,17.86627,24.67541,-5.65186,-1.15728,0.0
2025-01-09 09:00:00-08:00,2025-01-09 09:00:00-08:00,2025-01-09 09:15:00-08:00,REAL_TIME_15_MIN,DLAP_SCE-APND,DLAP,19.9415,29.08218,-7.78545,-1.35523,0.0
2025-01-09 09:15:00-08:00,2025-01-09 09:15:00-08:00,2025-01-09 09:30:00-08:00,REAL_TIME_15_MIN,DLAP_SCE-APND,DLAP,14.06872,27.05183,-11.76577,-1.21733,0.0
2025-01-09 09:30:00-08:00,2025-01-09 09:30:00-08:00,2025-01-09 09:45:00-08:00,REAL_TIME_15_MIN,DLAP_SCE-APND,DLAP,10.94293,25.31691,-13.31067,-1.06331,0.0
2025-01-09 09:45:00-08:00,2025-01-09 09:45:00-08:00,2025-01-09 10:00:00-08:00,REAL_TIME_15_MIN,DLAP_SCE-APND,DLAP,4.63219,20.55511,-15.13361,-0.78932,0.0
2025-01-09 10:00:00-08:00,2025-01-09 10:00:00-08:00,2025-01-09 10:15:00-08:00,REAL_TIME_15_MIN,DLAP_SCE-APND,DLAP,8.08878,23.60785,-14.55587,-0.9632,0.0
2025-01-09 10:15:00-08:00,2025-01-09 10:15:00-08:00,2025-01-09 10:30:00-08:00,REAL_TIME_15_MIN,DLAP_SCE-APND,DLAP,7.47396,21.76227,-13.39171,-0.89661,0.0
2025-01-09 10:30:00-08:00,2025-01-09 10:30:00-08:00,2025-01-09 10:45:00-08:00,REAL_TIME_15_MIN,DLAP_SCE-APND,DLAP,2.03925,18.90801,-16.09921,-0.76956,0.0
2025-01-09 10:45:00-08:00,2025-01-09 10:45:00-08:00,2025-01-09 11:00:00-08:00,REAL_TIME_15_MIN,DLAP_SCE-APND,DLAP,3.80821,20.10178,-15.47543,-0.81814,0.0
2025-01-09 11:00:00-08:00,2025-01-09 11:00:00-08:00,2025-01-09 11:15:00-08:00,REAL_TIME_15_MIN,DLAP_SCE-APND,DLAP,2.28791,19.20212,-16.20565,-0.70856,0.0
2025-01-09 11:15:00-08:00,2025-01-09 11:15:00-08:00,2025-01-09 11:30:00-08:00,REAL_TIME_15_MIN,DLAP_SCE-APND,DLAP,1.44681,17.31631,-15.24958,-0.61992,0.0
2025-01-09 11:30:00-08:00,2025-01-09 11:30:00-08:00,2025-01-09 11:45:00-08:00,REAL_TIME_15_MIN,DLAP_SCE-APND,DLAP,-0.63224,14.09268,-14.20772,-0.5172,0.0
2025-01-09 11:45:00-08:00,2025-01-09 11:45:00-08:00,2025-01-09 12:00:00-08:00,REAL_TIME_15_MIN,DLAP_SCE-APND,DLAP,-0.05264,13.93903,-13.47593,-0.51574,0.0
2025-01-09 12:00:00-08:00,2025-01-09 12:00:00-08:00,2025-01-09 12:15:00-08:00,REAL_TIME_15_MIN,DLAP_SCE-APND,DLAP,-0.92326,15.24464,-15.55049,-0.61741,0.0
2025-01-09 12:15:00-08:00,2025-01-09 12:15:00-08:00,2025-01-09 12:30:00-08:00,REAL_TIME_15_MIN,DLAP_SCE-APND,DLAP,-0.3828,15.5621,-15.36132,-0.58358,0.0
2025-01-09 12:30:00-08:00,2025-01-09 12:30:00-08:00,2025-01-09 12:45:00-08:00,REAL_TIME_15_MIN,DLAP_SCE-APND,DLAP,-3.30016,9.31697,-12.22489,-0.39224,0.0
2025-01-09 12:45:00-08:00,2025-01-09 12:45:00-08:00,2025-01-09 13:00:00-08:00,REAL_TIME_15_MIN,DLAP_SCE-APND,DLAP,-3.67936,6.18207,-9.63146,-0.22997,0.0
2025-01-09 13:00:00-08:00,2025-01-09 13:00:00-08:00,2025-01-09 13:15:00-08:00,REAL_TIME_15_MIN,DLAP_SCE-APND,DLAP,-4.55985,4.56823,-8.95266,-0.17542,0.0
2025-01-09 13:15:00-08:00,2025-01-09 13:15:00-08:00,2025-01-09 13:30:00-08:00,REAL_TIME_15_MIN,DLAP_SCE-APND,DLAP,-4.87926,4.19676,-8.91822,-0.1578,0.0
2025-01-09 13:30:00-08:00,2025-01-09 13:30:00-08:00,2025-01-09 13:45:00-08:00,REAL_TIME_15_MIN,DLAP_SCE-APND,DLAP,-7.83047,1.01219,-8.80561,-0.03705,0.0
2025-01-09 13:45:00-08:00,2025-01-09 13:45:00-08:00,2025-01-09 14:00:00-08:00,REAL_TIME_15_MIN,DLAP_SCE-APND,DLAP,-12.0778,0.00992,-12.08732,-0.0004,0.0
2025-01-09 14:00:00-08:00,2025-01-09 14:00:00-08:00,2025-01-09 14:15:00-08:00,REAL_TIME_15_MIN,DLAP_SCE-APND,DLAP,-6.54737,11.33283,-17.42803,-0.45218,0.0
2025-01-09 14:15:00-08:00,2025-01-09 14:15:00-08:00,2025-01-09 14:30:00-08:00,REAL_TIME_15_MIN,DLAP_SCE-APND,DLAP,-5.9282,14.457,-19.80403,-0.58117,0.0
2025-01-09 14:30:00-08:00,2025-01-09 14:30:00-08:00,2025-01-09 14:45:00-08:00,REAL_TIME_15_MIN,DLAP_SCE-APND,DLAP,-6.37884,14.60599,-20.39182,-0.593,0.0
2025-01-09 14:45:00-08:00,2025-01-09 14:45:00-08:00,2025-01-09 15:00:00-08:00,REAL_TIME_15_MIN,DLAP_SCE-APND,DLAP,-5.81506,15.44308,-20.61416,-0.64398,0.0
2025-01-09 15:00:00-08:00,2025-01-09 15:00:00-08:00,2025-01-09 15:15:00-08:00,REAL_TIME_15_MIN,DLAP_SCE-APND,DLAP,-4.7623,13.88011,-18.05111,-0.59129,0.0
2025-01-09 15:15:00-08:00,2025-01-09 15:15:00-08:00,2025-01-09 15:30:00-08:00,REAL_TIME_15_MIN,DLAP_SCE-APND,DLAP,8.96382,21.54534,-11.75849,-0.82303,0.0
2025-01-09 15:30:00-08:00,2025-01-09 15:30:00-08:00,2025-01-09 15:45:00-08:00,REAL_TIME_15_MIN,DLAP_SCE-APND,DLAP,34.73066,35.91217,0.0,-1.18151,0.0
2025-01-09 15:45:00-08:00,2025-01-09 15:45:00-08:00,2025-01-09 16:00:00-08:00,REAL_TIME_15_MIN,DLAP_SCE-APND,DLAP,48.80188,50.00733,0.03473,-1.24018,0.0
2025-01-09 16:00:00-08:00,2025-01-09 16:00:00-08:00,2025-01-09 16:15:00-08:00,REAL_TIME_15_MIN,DLAP_SCE-APND,DLAP,37.76731,37.83268,0.74804,-0.8134,0.0
2025-01-09 16:15:00-08:00,2025-01-09 16:15:00-08:00,2025-01-09 16:30:00-08:00,REAL_TIME_15_MIN,DLAP_SCE-APND,DLAP,45.27634,45.95448,0.2961,-0.97423,0.0
2025-01-09 16:30:00-08:00,2025-01-09 16:30:00-08:00,2025-01-09 16:45:00-08:00,REAL_TIME_15_MIN,DLAP_SCE-APND,DLAP,50.50896,51.28456,0.41933,-1.19493,0.0
2025-01-09 16:45:00-08:00,2025-01-09 16:45:00-08:00,2025-01-09 17:00:00-08:00,REAL_TIME_15_MIN,DLAP_SCE-APND,DLAP,59.38664,56.02556,4.941,-1.57992,0.0
2025-01-09 17:00:00-08:00,2025-01-09 17:00:00-08:00,2025-01-09 17:15:00-08:00,REAL_TIME_15_MIN,DLAP_SCE-APND,DLAP,55.25961,49.87071,6.40626,-1.01736,0.0
2025-01-09 17:15:00-08:00,2025-01-09 17:15:00-08:00,2025-01-09 17:30:00-08:00,REAL_TIME_15_MIN,DLAP_SCE-APND,DLAP,52.26162,50.34491,3.12499,-1.20828,0.0
2025-01-09 17:30:00-08:00,2025-01-09 17:30:00-08:00,2025-01-09 17:45:00-08:00,REAL_TIME_15_MIN,DLAP_SCE-APND,DLAP,50.49625,50.44009,1.37265,-1.31649,0.0
2025-01-09 17:45:00-08:00,2025-01-09 17:45:00-08:00,2025-01-09 18:00:00-08:00,REAL_TIME_15_MIN,DLAP_SCE-APND,DLAP,50.47933,49.83916,1.85625,-1.21608,0.0
2025-01-09 18:00:00-08:00,2025-01-09 18:00:00-08:00,2025-01-09 18:15:00-08:00,REAL_TIME_15_MIN,DLAP_SCE-APND,DLAP,49.80003,49.50416,1.53347,-1.2376,0.0
2025-01-09 18:15:00-08:00,2025-01-09 18:15:00-08:00,2025-01-09 18:30:00-08:00,REAL_TIME_15_MIN,DLAP_SCE-APND,DLAP,44.38729,43.90763,1.33585,-0.8562,0.0
2025-01-09 18:30:00-08:00,2025-01-09 18:30:00-08:00,2025-01-09 18:45:00-08:00,REAL_TIME_15_MIN,DLAP_SCE-APND,DLAP,44.24588,43.63688,1.35955,-0.75055,0.0
2025-01-09 18:45:00-08:00,2025-01-09 18:45:00-08:00,2025-01-09 19:00:00-08:00,REAL_TIME_15_MIN,DLAP_SCE-APND,DLAP,43.21668,42.44596,1.32677,-0.55604,0.0
2025-01-09 19:00:00-08:00,2025-01-09 19:00:00-08:00,2025-01-09 19:15:00-08:00,REAL_TIME_15_MIN,DLAP_SCE-APND,DLAP,45.35744,41.63626,4.21665,-0.49547,0.0
2025-01-09 19:15:00-08:00,2025-01-09 19:15:00-08:00,2025-01-09 19:30:00-08:00,REAL_TIME_15_MIN,DLAP_SCE-APND,DLAP,48.50504,43.09706,5.8605,-0.45252,0.0
2025-01-09 19:30:00-08:00,2025-01-09 19:30:00-08:00,2025-01-09 19:45:00-08:00,REAL_TIME_15_MIN,DLAP_SCE-APND,DLAP,51.81935,45.27602,6.98251,-0.43918,0.0
2025-01-09 19:45:00-08:00,2025-01-09 19:45:00-08:00,2025-01-09 20:00:00-08:00,REAL_TIME_15_MIN,DLAP_SCE-APND,DLAP,49.09126,42.58366,6.7844,-0.27679,0.0
2025-01-09 20:00:00-08:00,2025-01-09 20:00:00-08:00,2025-01-09 20:15:00-08:00,REAL_TIME_15_MIN,DLAP_SCE-APND,DLAP,50.94479,46.06142,5.47756,-0.59419,0.0
2025-01-09 20:15:00-08:00,2025-01-09 20:15:00-08:00,2025-01-09 20:30:00-08:00,REAL_TIME_15_MIN,DLAP_SCE-APND,DLAP,49.30546,45.81015,3.99464,-0.49933,0.0
2025-01-09 20:30:00-08:00,2025-01-09 20:30:00-08:00,2025-01-09 20:45:00-08:00,REAL_TIME_15_MIN,DLAP_SCE-APND,DLAP,47.35725,44.04659,3.70268,-0.39201,0.0
2025-01-09 20:45:00-08:00,2025-01-09 20:45:00-08:00,2025-01-09 21:00:00-08:00,REAL_TIME_15_MIN,DLAP_SCE-APND,DLAP,46.62007,42.97961,3.93272,-0.29226,0.0
2025-01-09 21:00:00-08:00,2025-01-09 21:00:00-08:00,2025-01-09 21:15:00-08:00,REAL_TIME_15_MIN,DLAP_SCE-APND,DLAP,47.83226,46.05223,2.35107,-0.57105,0.0
2025-01-09 21:15:00-08:00,2025-01-09 21:15:00-08:00,2025-01-09 21:30:00-08:00,REAL_TIME_15_MIN,DLAP_SCE-APND,DLAP,46.14313,43.67349,2.89764,-0.428,0.0
2025-01-09 21:30:00-08:00,2025-01-09 21:30:00-08:00,2025-01-09 21:45:00-08:00,REAL_TIME_15_MIN,DLAP_SCE-APND,DLAP,43.22994,42.76101,0.95213,-0.4832,0.0
2025-01-09 21:45:00-08:00,2025-01-09 21:45:00-08:00,2025-01-09 22:00:00-08:00,REAL_TIME_15_MIN,DLAP_SCE-APND,DLAP,45.62354,43.88374,1.92849,-0.1887,0.0
2025-01-09 22:00:00-08:00,2025-01-09 22:00:00-08:00,2025-01-09 22:15:00-08:00,REAL_TIME_15_MIN,DLAP_SCE-APND,DLAP,44.53237,43.43416,1.34578,-0.24757,0.0
2025-01-09 22:15:00-08:00,2025-01-09 22:15:00-08:00,2025-01-09 22:30:00-08:00,REAL_TIME_15_MIN,DLAP_SCE-APND,DLAP,43.23855,43.1784,0.33649,-0.27634,0.0
2025-01-09 22:30:00-08:00,2025-01-09 22:30:00-08:00,2025-01-09 22:45:00-08:00,REAL_TIME_15_MIN,DLAP_SCE-APND,DLAP,42.9588,42.41148,0.61518,-0.06786,0.0
2025-01-09 22:45:00-08:00,2025-01-09 22:45:00-08:00,2025-01-09 23:00:00-08:00,REAL_TIME_15_MIN,DLAP_SCE-APND,DLAP,42.33014,42.28246,0.00116,0.04651,0.0
2025-01-09 23:00:00-08:00,2025-01-09 23:00:00-08:00,2025-01-09 23:15:00-08:00,REAL_TIME_15_MIN,DLAP_SCE-APND,DLAP,43.9667,43.09432,1.13526,-0.26288,0.0
2025-01-09 23:15:00-08:00,2025-01-09 23:15:00-08:00,2025-01-09 23:30:00-08:00,REAL_TIME_15_MIN,DLAP_SCE-APND,DLAP,43.71446,42.79185,1.1109,-0.18828,0.0
2025-01-09 23:30:00-08:00,2025-01-09 23:30:00-08:00,2025-01-09 23:45:00-08:00,REAL_TIME_15_MIN,DLAP_SCE-APND,DLAP,43.29736,42.59986,0.90624,-0.20874,0.0
2025-01-09 23:45:00-08:00,2025-01-09 23:45:00-08:00,2025-01-10 00:00:00-08:00,REAL_TIME_15_MIN,DLAP_SCE-APND,DLAP,43.19124,42.00121,1.39163,-0.20161,0.0
2025-01-10 00:00:00-08:00,2025-01-10 00:00:00-08:00,2025-01-10 00:15:00-08:00,REAL_TIME_15_MIN,DLAP_SCE-APND,DLAP,42.04355,39.04537,3.73613,-0.73796,0.0
2025-01-10 00:15:00-08:00,2025-01-10 00:15:00-08:00,2025-01-10 00:30:00-08:00,REAL_TIME_15_MIN,DLAP_SCE-APND,DLAP,40.49072,38.49058,2.5544,-0.55426,0.0
2025-01-10 00:30:00-08:00,2025-01-10 00:30:00-08:00,2025-01-10 00:45:00-08:00,REAL_TIME_15_MIN,DLAP_SCE-APND,DLAP,39.35734,37.24967,2.61799,-0.51032,0.0
2025-01-10 00:45:00-08:00,2025-01-10 00:45:00-08:00,2025-01-10 01:00:00-08:00,REAL_TIME_15_MIN,DLAP_SCE-APND,DLAP,37.69174,36.63518,1.53648,-0.47992,0.0
2025-01-10 01:00:00-08:00,2025-01-10 01:00:00-08:00,2025-01-10 01:15:00-08:00,REAL_TIME_15_MIN,DLAP_SCE-APND,DLAP,37.22119,38.0919,-0.27648,-0.59423,0.0
2025-01-10 01:15:00-08:00,2025-01-10 01:15:00-08:00,2025-01-10 01:30:00-08:00,REAL_TIME_15_MIN,DLAP_SCE-APND,DLAP,36.88149,38.11906,-0.63528,-0.60228,0.0
2025-01-10 01:30:00-08:00,2025-01-10 01:30:00-08:00,2025-01-10 01:45:00-08:00,REAL_TIME_15_MIN,DLAP_SCE-APND,DLAP,36.04008,37.27835,-0.63064,-0.60764,0.0
2025-01-10 01:45:00-08:00,2025-01-10 01:45:00-08:00,2025-01-10 02:00:00-08:00,REAL_TIME_15_MIN,DLAP_SCE-APND,DLAP,36.3661,36.95585,0.00154,-0.59129,0.0
2025-01-10 02:00:00-08:00,2025-01-10 02:00:00-08:00,2025-01-10 02:15:00-08:00,REAL_TIME_15_MIN,DLAP_SCE-APND,DLAP,36.67781,37.26662,0.0,-0.58881,0.0
2025-01-10 02:15:00-08:00,2025-01-10 02:15:00-08:00,2025-01-10 02:30:00-08:00,REAL_TIME_15_MIN,DLAP_SCE-APND,DLAP,36.9953,37.5244,0.0,-0.52909,0.0
2025-01-10 02:30:00-08:00,2025-01-10 02:30:00-08:00,2025-01-10 02:45:00-08:00,REAL_TIME_15_MIN,DLAP_SCE-APND,DLAP,39.24351,39.84113,0.0,-0.59762,0.0
2025-01-10 02:45:00-08:00,2025-01-10 02:45:00-08:00,2025-01-10 03:00:00-08:00,REAL_TIME_15_MIN,DLAP_SCE-APND,DLAP,38.17237,38.72223,0.0,-0.54986,0.0
2025-01-10 03:00:00-08:00,2025-01-10 03:00:00-08:00,2025-01-10 03:15:00-08:00,REAL_TIME_15_MIN,DLAP_SCE-APND,DLAP,39.39899,40.00709,0.0,-0.60811,0.0
2025-01-10 03:15:00-08:00,2025-01-10 03:15:00-08:00,2025-01-10 03:30:00-08:00,REAL_TIME_15_MIN,DLAP_SCE-APND,DLAP,39.62575,40.22511,0.0,-0.59935,0.0
2025-01-10 03:30:00-08:00,2025-01-10 03:30:00-08:00,2025-01-10 03:45:00-08:00,REAL_TIME_15_MIN,DLAP_SCE-APND,DLAP,40.77218,41.26321,0.0,-0.49103,0.0
2025-01-10 03:45:00-08:00,2025-01-10 03:45:00-08:00,2025-01-10 04:00:00-08:00,REAL_TIME_15_MIN,DLAP_SCE-APND,DLAP,40.87161,41.38478,0.0,-0.51317,0.0
2025-01-10 04:00:00-08:00,2025-01-10 04:00:00-08:00,2025-01-10 04:15:00-08:00,REAL_TIME_15_MIN,DLAP_SCE-APND,DLAP,40.82403,41.23223,0.0,-0.4082,0.0
2025-01-10 04:15:00-08:00,2025-01-10 04:15:00-08:00,2025-01-10 04:30:00-08:00,REAL_TIME_15_MIN,DLAP_SCE-APND,DLAP,42.15704,42.54849,0.0,-0.39145,0.0
2025-01-10 04:30:00-08:00,2025-01-10 04:30:00-08:00,2025-01-10 04:45:00-08:00,REAL_TIME_15_MIN,DLAP_SCE-APND,DLAP,43.26321,43.73114,0.0,-0.46792,0.0
2025-01-10 04:45:00-08:00,2025-01-10 04:45:00-08:00,2025-01-10 05:00:00-08:00,REAL_TIME_15_MIN,DLAP_SCE-APND,DLAP,43.58111,44.16855,0.0,-0.58744,0.0
2025-01-10 05:00:00-08:00,2025-01-10 05:00:00-08:00,2025-01-10 05:15:00-08:00,REAL_TIME_15_MIN,DLAP_SCE-APND,DLAP,40.33146,40.92072,0.0,-0.58926,0.0
2025-01-10 05:15:00-08:00,2025-01-10 05:15:00-08:00,2025-01-10 05:30:00-08:00,REAL_TIME_15_MIN,DLAP_SCE-APND,DLAP,40.76665,41.40427,0.0,-0.63763,0.0
2025-01-10 05:30:00-08:00,2025-01-10 05:30:00-08:00,2025-01-10 05:45:00-08:00,REAL_TIME_15_MIN,DLAP_SCE-APND,DLAP,43.00155,43.53265,0.0,-0.5311,0.0
2025-01-10 05:45:00-08:00,2025-01-10 05:45:00-08:00,2025-01-10 06:00:00-08:00,REAL_TIME_15_MIN,DLAP_SCE-APND,DLAP,44.586,45.02272,0.0,-0.43672,0.0
2025-01-10 06:00:00-08:00,2025-01-10 06:00:00-08:00,2025-01-10 06:15:00-08:00,REAL_TIME_15_MIN,DLAP_SCE-APND,DLAP,41.39003,41.39003,0.0,0.0,0.0
2025-01-10 06:15:00-08:00,2025-01-10 06:15:00-08:00,2025-01-10 06:30:00-08:00,REAL_TIME_15_MIN,DLAP_SCE-APND,DLAP,46.03,46.03,0.0,0.0,0.0
2025-01-10 06:30:00-08:00,2025-01-10 06:30:00-08:00,2025-01-10 06:45:00-08:00,REAL_TIME_15_MIN,DLAP_SCE-APND,DLAP,52.73,52.73,0.0,0.0,0.0
2025-01-10 06:45:00-08:00,2025-01-10 06:45:00-08:00,2025-01-10 07:00:00-08:00,REAL_TIME_15_MIN,DLAP_SCE-APND,DLAP,55.0,55.0,0.0,0.0,0.0
2025-01-10 07:00:00-08:00,2025-01-10 07:00:00-08:00,2025-01-10 07:15:00-08:00,REAL_TIME_15_MIN,DLAP_SCE-APND,DLAP,56.01593,57.03109,0.0,-1.01515,0.0
2025-01-10 07:15:00-08:00,2025-01-10 07:15:00-08:00,2025-01-10 07:30:00-08:00,REAL_TIME_15_MIN,DLAP_SCE-APND,DLAP,53.03351,54.11583,0.0,-1.08232,0.0
2025-01-10 07:30:00-08:00,2025-01-10 07:30:00-08:00,2025-01-10 07:45:00-08:00,REAL_TIME_15_MIN,DLAP_SCE-APND,DLAP,45.01307,46.15305,0.0,-1.13998,0.0
2025-01-10 07:45:00-08:00,2025-01-10 07:45:00-08:00,2025-01-10 08:00:00-08:00,REAL_TIME_15_MIN,DLAP_SCE-APND,DLAP,38.20282,39.55034,0.00114,-1.34867,0.0
2025-01-10 08:00:00-08:00,2025-01-10 08:00:00-08:00,2025-01-10 08:15:00-08:00,REAL_TIME_15_MIN,DLAP_SCE-APND,DLAP,45.72107,46.26447,1.38121,-1.9246,0.0
2025-01-10 08:15:00-08:00,2025-01-10 08:15:00-08:00,2025-01-10 08:30:00-08:00,REAL_TIME_15_MIN,DLAP_SCE-APND,DLAP,37.52595,39.08281,0.05335,-1.61021,0.0
2025-01-10 08:30:00-08:00,2025-01-10 08:30:00-08:00,2025-01-10 08:45:00-08:00,REAL_TIME_15_MIN,DLAP_SCE-APND,DLAP,30.60939,34.27828,-2.18121,-1.48768,0.0
2025-01-10 08:45:00-08:00,2025-01-10 08:45:00-08:00,2025-01-10 09:00:00-08:00,REAL_TIME_15_MIN,DLAP_SCE-APND,DLAP,24.33832,28.72249,-3.17495,-1.20922,0.0
2025-01-10 09:00:00-08:00,2025-01-10 09:00:00-08:00,2025-01-10 09:15:00-08:00,REAL_TIME_15_MIN,DLAP_SCE-APND,DLAP,24.86688,31.39248,-5.40175,-1.12385,0.0
2025-01-10 09:15:00-08:00,2025-01-10 09:15:00-08:00,2025-01-10 09:30:00-08:00,REAL_TIME_15_MIN,DLAP_SCE-APND,DLAP,20.62938,29.8857,-8.06687,-1.18945,0.0
2025-01-10 09:30:00-08:00,2025-01-10 09:30:00-08:00,2025-01-10 09:45:00-08:00,REAL_TIME_15_MIN,DLAP_SCE-APND,DLAP,14.35851,26.6927,-11.11433,-1.21986,0.0
2025-01-10 09:45:00-08:00,2025-01-10 09:45:00-08:00,2025-01-10 10:00:00-08:00,REAL_TIME_15_MIN,DLAP_SCE-APND,DLAP,11.29495,24.67126,-12.31791,-1.0584,0.0
2025-01-10 10:00:00-08:00,2025-01-10 10:00:00-08:00,2025-01-10 10:15:00-08:00,REAL_TIME_15_MIN,DLAP_SCE-APND,DLAP,15.20528,29.78177,-13.21844,-1.35805,0.0
2025-01-10 10:15:00-08:00,2025-01-10 10:15:00-08:00,2025-01-10 10:30:00-08:00,REAL_TIME_15_MIN,DLAP_SCE-APND,DLAP,12.20493,23.61626,-10.35096,-1.06037,0.0
2025-01-10 10:30:00-08:00,2025-01-10 10:30:00-08:00,2025-01-10 10:45:00-08:00,REAL_TIME_15_MIN,DLAP_SCE-APND,DLAP,8.03252,20.16055,-11.25911,-0.86892,0.0
2025-01-10 10:45:00-08:00,2025-01-10 10:45:00-08:00,2025-01-10 11:00:00-08:00,REAL_TIME_15_MIN,DLAP_SCE-APND,DLAP,5.37978,12.22124,-6.2964,-0.54507,0.0
2025-01-10 11:00:00-08:00,2025-01-10 11:00:00-08:00,2025-01-10 11:15:00-08:00,REAL_TIME_15_MIN,DLAP_SCE-APND,DLAP,0.33492,7.0177,-6.42734,-0.25544,0.0
2025-01-10 11:15:00-08:00,2025-01-10 11:15:00-08:00,2025-01-10 11:30:00-08:00,REAL_TIME_15_MIN,DLAP_SCE-APND,DLAP,0.271,9.16673,-8.57214,-0.32359,0.0
2025-01-10 11:30:00-08:00,2025-01-10 11:30:00-08:00,2025-01-10 11:45:00-08:00,REAL_TIME_15_MIN,DLAP_SCE-APND,DLAP,-3.64923,2.43859,-6.00564,-0.08218,0.0
2025-01-10 11:45:00-08:00,2025-01-10 11:45:00-08:00,2025-01-10 12:00:00-08:00,REAL_TIME_15_MIN,DLAP_SCE-APND,DLAP,0.13793,6.84423,-6.4777,-0.2286,0.0
2025-01-10 12:00:00-08:00,2025-01-10 12:00:00-08:00,2025-01-10 12:15:00-08:00,REAL_TIME_15_MIN,DLAP_SCE-APND,DLAP,2.58228,9.63446,-6.72461,-0.32757,0.0
2025-01-10 12:15:00-08:00,2025-01-10 12:15:00-08:00,2025-01-10 12:30:00-08:00,REAL_TIME_15_MIN,DLAP_SCE-APND,DLAP,5.24056,12.57855,-6.94554,-0.39245,0.0
2025-01-10 12:30:00-08:00,2025-01-10 12:30:00-08:00,2025-01-10 12:45:00-08:00,REAL_TIME_15_MIN,DLAP_SCE-APND,DLAP,-3.51226,3.25222,-6.65748,-0.107,0.0
2025-01-10 12:45:00-08:00,2025-01-10 12:45:00-08:00,2025-01-10 13:00:00-08:00,REAL_TIME_15_MIN,DLAP_SCE-APND,DLAP,-3.52573,3.32286,-6.73361,-0.11497,0.0
2025-01-10 13:00:00-08:00,2025-01-10 13:00:00-08:00,2025-01-10 13:15:00-08:00,REAL_TIME_15_MIN,DLAP_SCE-APND,DLAP,-4.54761,0.00764,-4.55497,-0.00027,0.0
2025-01-10 13:15:00-08:00,2025-01-10 13:15:00-08:00,2025-01-10 13:30:00-08:00,REAL_TIME_15_MIN,DLAP_SCE-APND,DLAP,-4.67737,0.42836,-5.08971,-0.01602,0.0
2025-01-10 13:30:00-08:00,2025-01-10 13:30:00-08:00,2025-01-10 13:45:00-08:00,REAL_TIME_15_MIN,DLAP_SCE-APND,DLAP,-4.15305,-1.24051,-2.95993,0.04739,0.0
2025-01-10 13:45:00-08:00,2025-01-10 13:45:00-08:00,2025-01-10 14:00:00-08:00,REAL_TIME_15_MIN,DLAP_SCE-APND,DLAP,-5.70252,-0.15366,-5.55534,0.00648,0.0
2025-01-10 14:00:00-08:00,2025-01-10 14:00:00-08:00,2025-01-10 14:15:00-08:00,REAL_TIME_15_MIN,DLAP_SCE-APND,DLAP,-6.67498,0.0,-6.67498,0.0,0.0
2025-01-10 14:15:00-08:00,2025-01-10 14:15:00-08:00,2025-01-10 14:30:00-08:00,REAL_TIME_15_MIN,DLAP_SCE-APND,DLAP,-5.83776,0.65253,-6.46387,-0.02643,0.0
2025-01-10 14:30:00-08:00,2025-01-10 14:30:00-08:00,2025-01-10 14:45:00-08:00,REAL_TIME_15_MIN,DLAP_SCE-APND,DLAP,-10.14465,0.37007,-10.49917,-0.01554,0.0
2025-01-10 14:45:00-08:00,2025-01-10 14:45:00-08:00,2025-01-10 15:00:00-08:00,REAL_TIME_15_MIN,DLAP_SCE-APND,DLAP,-7.33348,2.65566,-9.87255,-0.11658,0.0
2025-01-10 15:00:00-08:00,2025-01-10 15:00:00-08:00,2025-01-10 15:15:00-08:00,REAL_TIME_15_MIN,DLAP_SCE-APND,DLAP,-4.51188,4.52886,-8.86004,-0.1807,0.0
2025-01-10 15:15:00-08:00,2025-01-10 15:15:00-08:00,2025-01-10 15:30:00-08:00,REAL_TIME_15_MIN,DLAP_SCE-APND,DLAP,1.69688,11.35979,-9.24487,-0.41804,0.0
2025-01-10 15:30:00-08:00,2025-01-10 15:30:00-08:00,2025-01-10 15:45:00-08:00,REAL_TIME_15_MIN,DLAP_SCE-APND,DLAP,19.71041,26.30557,-5.72445,-0.87071,0.0
2025-01-10 15:45:00-08:00,2025-01-10 15:45:00-08:00,2025-01-10 16:00:00-08:00,REAL_TIME_15_MIN,DLAP_SCE-APND,DLAP,39.26288,40.77822,-0.00247,-1.51287,0.0
2025-01-10 16:00:00-08:00,2025-01-10 16:00:00-08:00,2025-01-10 16:15:00-08:00,REAL_TIME_15_MIN,DLAP_SCE-APND,DLAP,32.05396,32.68811,0.0,-0.63415,0.0
2025-01-10 16:15:00-08:00,2025-01-10 16:15:00-08:00,2025-01-10 16:30:00-08:00,REAL_TIME_15_MIN,DLAP_SCE-APND,DLAP,39.48232,40.35396,0.0,-0.87165,0.0
2025-01-10 16:30:00-08:00,2025-01-10 16:30:00-08:00,2025-01-10 16:45:00-08:00,REAL_TIME_15_MIN,DLAP_SCE-APND,DLAP,45.86764,46.89943,0.0,-1.03179,0.0
2025-01-10 16:45:00-08:00,2025-01-10 16:45:00-08:00,2025-01-10 17:00:00-08:00,REAL_TIME_15_MIN,DLAP_SCE-APND,DLAP,48.76056,49.95448,0.0,-1.19391,0.0
2025-01-10 17:00:00-08:00,2025-01-10 17:00:00-08:00,2025-01-10 17:15:00-08:00,REAL_TIME_15_MIN,DLAP_SCE-APND,DLAP,42.99019,43.4014,1.05142,-1.46263,0.0
2025-01-10 17:15:00-08:00,2025-01-10 17:15:00-08:00,2025-01-10 17:30:00-08:00,REAL_TIME_15_MIN,DLAP_SCE-APND,DLAP,44.37548,44.9682,1.07111,-1.66382,0.0
2025-01-10 17:30:00-08:00,2025-01-10 17:30:00-08:00,2025-01-10 17:45:00-08:00,REAL_TIME_15_MIN,DLAP_SCE-APND,DLAP,45.95016,45.7987,1.85975,-1.70829,0.0
2025-01-10 17:45:00-08:00,2025-01-10 17:45:00-08:00,2025-01-10 18:00:00-08:00,REAL_TIME_15_MIN,DLAP_SCE-APND,DLAP,44.93895,46.34474,0.73997,-2.14576,0.0
2025-01-10 18:00:00-08:00,2025-01-10 18:00:00-08:00,2025-01-10 18:15:00-08:00,REAL_TIME_15_MIN,DLAP_SCE-APND,DLAP,45.26426,46.26171,0.87152,-1.86897,0.0
2025-01-10 18:15:00-08:00,2025-01-10 18:15:00-08:00,2025-01-10 18:30:00-08:00,REAL_TIME_15_MIN,DLAP_SCE-APND,DLAP,43.47459,44.55834,0.85454,-1.93829,0.0
2025-01-10 18:30:00-08:00,2025-01-10 18:30:00-08:00,2025-01-10 18:45:00-08:00,REAL_TIME_15_MIN,DLAP_SCE-APND,DLAP,43.97395,44.78355,0.98174,-1.79134,0.0
2025-01-10 18:45:00-08:00,2025-01-10 18:45:00-08:00,2025-01-10 19:00:00-08:00,REAL_TIME_15_MIN,DLAP_SCE-APND,DLAP,43.13264,43.95709,0.91185,-1.73631,0.0
2025-01-10 19:00:00-08:00,2025-01-10 19:00:00-08:00,2025-01-10 19:15:00-08:00,REAL_TIME_15_MIN,DLAP_SCE-APND,DLAP,44.56437,46.5039,0.01364,-1.95316,0.0
2025-01-10 19:15:00-08:00,2025-01-10 19:15:00-08:00,2025-01-10 19:30:00-08:00,REAL_TIME_15_MIN,DLAP_SCE-APND,DLAP,42.9876,44.77085,0.03892,-1.82217,0.0
2025-01-10 19:30:00-08:00,2025-01-10 19:30:00-08:00,2025-01-10 19:45:00-08:00,REAL_TIME_15_MIN,DLAP_SCE-APND,DLAP,42.88402,44.07515,0.49694,-1.68808,0.0
2025-01-10 19:45:00-08:00,2025-01-10 19:45:00-08:00,2025-01-10 20:00:00-08:00,REAL_TIME_15_MIN,DLAP_SCE-APND,DLAP,42.40274,43.68008,0.16411,-1.44144,0.0
2025-01-10 20:00:00-08:00,2025-01-10 20:00:00-08:00,2025-01-10 20:15:00-08:00,REAL_TIME_15_MIN,DLAP_SCE-APND,DLAP,42.98002,44.224,0.21098,-1.45497,0.0
2025-01-10 20:15:00-08:00,2025-01-10 20:15:00-08:00,2025-01-10 20:30:00-08:00,REAL_TIME_15_MIN,DLAP_SCE-APND,DLAP,42.39315,43.75527,0.08181,-1.44392,0.0
2025-01-10 20:30:00-08:00,2025-01-10 20:30:00-08:00,2025-01-10 20:45:00-08:00,REAL_TIME_15_MIN,DLAP_SCE-APND,DLAP,43.25102,43.76714,0.77939,-1.29551,0.0
2025-01-10 20:45:00-08:00,2025-01-10 20:45:00-08:00,2025-01-10 21:00:00-08:00,REAL_TIME_15_MIN,DLAP_SCE-APND,DLAP,43.0754,43.96191,0.33123,-1.21774,0.0
2025-01-10 21:00:00-08:00,2025-01-10 21:00:00-08:00,2025-01-10 21:15:00-08:00,REAL_TIME_15_MIN,DLAP_SCE-APND,DLAP,43.326,44.42103,0.14432,-1.23935,0.0
2025-01-10 21:15:00-08:00,2025-01-10 21:15:00-08:00,2025-01-10 21:30:00-08:00,REAL_TIME_15_MIN,DLAP_SCE-APND,DLAP,45.02885,45.91573,0.31611,-1.20299,0.0
2025-01-10 21:30:00-08:00,2025-01-10 21:30:00-08:00,2025-01-10 21:45:00-08:00,REAL_TIME_15_MIN,DLAP_SCE-APND,DLAP,46.04943,47.0805,0.0,-1.03106,0.0
2025-01-10 21:45:00-08:00,2025-01-10 21:45:00-08:00,2025-01-10 22:00:00-08:00,REAL_TIME_15_MIN,DLAP_SCE-APND,DLAP,45.8365,46.75286,0.0,-0.91636,0.0
2025-01-10 22:00:00-08:00,2025-01-10 22:00:00-08:00,2025-01-10 22:15:00-08:00,REAL_TIME_15_MIN,DLAP_SCE-APND,DLAP,47.07399,48.13784,0.0,-1.06385,0.0
2025-01-10 22:15:00-08:00,2025-01-10 22:15:00-08:00,2025-01-10 22:30:00-08:00,REAL_TIME_15_MIN,DLAP_SCE-APND,DLAP,46.96628,47.90522,0.0,-0.93894,0.0
2025-01-10 22:30:00-08:00,2025-01-10 22:30:00-08:00,2025-01-10 22:45:00-08:00,REAL_TIME_15_MIN,DLAP_SCE-APND,DLAP,46.57517,47.46756,0.0,-0.89239,0.0
2025-01-10 22:45:00-08:00,2025-01-10 22:45:00-08:00,2025-01-10 23:00:00-08:00,REAL_TIME_15_MIN,DLAP_SCE-APND,DLAP,45.87687,46.78449,0.0,-0.90762,0.0
2025-01-10 23:00:00-08:00,2025-01-10 23:00:00-08:00,2025-01-10 23:15:00-08:00,REAL_TIME_15_MIN,DLAP_SCE-APND,DLAP,46.08856,47.01475,0.0,-0.92619,0.0
2025-01-10 23:15:00-08:00,2025-01-10 23:15:00-08:00,2025-01-10 23:30:00-08:00,REAL_TIME_15_MIN,DLAP_SCE-APND,DLAP,44.96179,45.81393,0.0,-0.85214,0.0
2025-01-10 23:30:00-08:00,2025-01-10 23:30:00-08:00,2025-01-10 23:45:00-08:00,REAL_TIME_15_MIN,DLAP_SCE-APND,DLAP,47.78962,48.55682,0.0,-0.7672,0.0
2025-01-10 23:45:00-08:00,2025-01-10 23:45:00-08:00,2025-01-11 00:00:00-08:00,REAL_TIME_15_MIN,DLAP_SCE-APND,DLAP,47.34047,47.97858,0.0,-0.63812,0.0
2025-01-11 00:00:00-08:00,2025-01-11 00:00:00-08:00,2025-01-11 00:15:00-08:00,REAL_TIME_15_MIN,DLAP_SCE-APND,DLAP,40.69091,41.5044,0.0,-0.81349,0.0
2025-01-11 00:15:00-08:00,2025-01-11 00:15:00-08:00,2025-01-11 00:30:00-08:00,REAL_TIME_15_MIN,DLAP_SCE-APND,DLAP,41.13728,41.80902,0.14772,-0.81946,0.0
2025-01-11 00:30:00-08:00,2025-01-11 00:30:00-08:00,2025-01-11 00:45:00-08:00,REAL_TIME_15_MIN,DLAP_SCE-APND,DLAP,43.16033,43.86658,0.0,-0.70625,0.0
2025-01-11 00:45:00-08:00,2025-01-11 00:45:00-08:00,2025-01-11 01:00:00-08:00,REAL_TIME_15_MIN,DLAP_SCE-APND,DLAP,42.45258,43.06409,0.0,-0.61151,0.0
2025-01-11 01:00:00-08:00,2025-01-11 01:00:00-08:00,2025-01-11 01:15:00-08:00,REAL_TIME_15_MIN,DLAP_SCE-APND,DLAP,45.23983,45.32752,0.64209,-0.72977,0.0
2025-01-11 01:15:00-08:00,2025-01-11 01:15:00-08:00,2025-01-11 01:30:00-08:00,REAL_TIME_15_MIN,DLAP_SCE-APND,DLAP,44.59974,45.25595,0.0,-0.65621,0.0
2025-01-11 01:30:00-08:00,2025-01-11 01:30:00-08:00,2025-01-11 01:45:00-08:00,REAL_TIME_15_MIN,DLAP_SCE-APND,DLAP,42.35812,42.76619,0.10941,-0.51747,0.0
2025-01-11 01:45:00-08:00,2025-01-11 01:45:00-08:00,2025-01-11 02:00:00-08:00,REAL_TIME_15_MIN,DLAP_SCE-APND,DLAP,41.24827,41.75771,0.0,-0.50944,0.0
2025-01-11 02:00:00-08:00,2025-01-11 02:00:00-08:00,2025-01-11 02:15:00-08:00,REAL_TIME_15_MIN,DLAP_SCE-APND,DLAP,44.71524,45.21507,0.12866,-0.62849,0.0
2025-01-11 02:15:00-08:00,2025-01-11 02:15:00-08:00,2025-01-11 02:30:00-08:00,REAL_TIME_15_MIN,DLAP_SCE-APND,DLAP,44.66414,45.23884,0.00436,-0.57906,0.0
2025-01-11 02:30:00-08:00,2025-01-11 02:30:00-08:00,2025-01-11 02:45:00-08:00,REAL_TIME_15_MIN,DLAP_SCE-APND,DLAP,43.50582,43.9986,0.0,-0.49278,0.0
2025-01-11 02:45:00-08:00,2025-01-11 02:45:00-08:00,2025-01-11 03:00:00-08:00,REAL_TIME_15_MIN,DLAP_SCE-APND,DLAP,42.62769,43.0235,0.0,-0.39582,0.0
2025-01-11 03:00:00-08:00,2025-01-11 03:00:00-08:00,2025-01-11 03:15:00-08:00,REAL_TIME_15_MIN,DLAP_SCE-APND,DLAP,39.87091,40.17625,0.0,-0.30534,0.0
2025-01-11 03:15:00-08:00,2025-01-11 03:15:00-08:00,2025-01-11 03:30:00-08:00,REAL_TIME_15_MIN,DLAP_SCE-APND,DLAP,37.41295,37.72988,0.0,-0.31693,0.0
2025-01-11 03:30:00-08:00,2025-01-11 03:30:00-08:00,2025-01-11 03:45:00-08:00,REAL_TIME_15_MIN,DLAP_SCE-APND,DLAP,37.16025,37.43351,0.0,-0.27326,0.0
2025-01-11 03:45:00-08:00,2025-01-11 03:45:00-08:00,2025-01-11 04:00:00-08:00,REAL_TIME_15_MIN,DLAP_SCE-APND,DLAP,39.8254,40.22768,0.0,-0.40228,0.0
2025-01-11 04:00:00-08:00,2025-01-11 04:00:00-08:00,2025-01-11 04:15:00-08:00,REAL_TIME_15_MIN,DLAP_SCE-APND,DLAP,35.84116,36.10108,0.0,-0.25993,0.0
2025-01-11 04:15:00-08:00,2025-01-11 04:15:00-08:00,2025-01-11 04:30:00-08:00,REAL_TIME_15_MIN,DLAP_SCE-APND,DLAP,36.38774,36.68859,0.0,-0.30085,0.0
2025-01-11 04:30:00-08:00,2025-01-11 04:30:00-08:00,2025-01-11 04:45:00-08:00,REAL_TIME_15_MIN,DLAP_SCE-APND,DLAP,40.00175,40.27968,0.0,-0.27793,0.0
2025-01-11 04:45:00-08:00,2025-01-11 04:45:00-08:00,2025-01-11 05:00:00-08:00,REAL_TIME_15_MIN,DLAP_SCE-APND,DLAP,41.19383,41.42164,0.0,-0.22782,0.0
2025-01-11 05:00:00-08:00,2025-01-11 05:00:00-08:00,2025-01-11 05:15:00-08:00,REAL_TIME_15_MIN,DLAP_SCE-APND,DLAP,40.99268,41.3191,0.0,-0.32642,0.0
2025-01-11 05:15:00-08:00,2025-01-11 05:15:00-08:00,2025-01-11 05:30:00-08:00,REAL_TIME_15_MIN,DLAP_SCE-APND,DLAP,42.66225,43.05404,0.0,-0.39179,0.0
2025-01-11 05:30:00-08:00,2025-01-11 05:30:00-08:00,2025-01-11 05:45:00-08:00,REAL_TIME_15_MIN,DLAP_SCE-APND,DLAP,45.88633,46.3124,0.0,-0.42607,0.0
2025-01-11 05:45:00-08:00,2025-01-11 05:45:00-08:00,2025-01-11 06:00:00-08:00,REAL_TIME_15_MIN,DLAP_SCE-APND,DLAP,48.17741,48.61985,0.0,-0.44244,0.0
2025-01-11 06:00:00-08:00,2025-01-11 06:00:00-08:00,2025-01-11 06:15:00-08:00,REAL_TIME_15_MIN,DLAP_SCE-APND,DLAP,47.2726,47.59625,0.0,-0.32365,0.0
2025-01-11 06:15:00-08:00,2025-01-11 06:15:00-08:00,2025-01-11 06:30:00-08:00,REAL_TIME_15_MIN,DLAP_SCE-APND,DLAP,49.83514,50.24717,0.0,-0.41203,0.0
2025-01-11 06:30:00-08:00,2025-01-11 06:30:00-08:00,2025-01-11 06:45:00-08:00,REAL_TIME_15_MIN,DLAP_SCE-APND,DLAP,52.57508,53.0472,0.0,-0.47212,0.0
2025-01-11 06:45:00-08:00,2025-01-11 06:45:00-08:00,2025-01-11 07:00:00-08:00,REAL_TIME_15_MIN,DLAP_SCE-APND,DLAP,55.57393,56.1523,0.0,-0.57837,0.0
2025-01-11 07:00:00-08:00,2025-01-11 07:00:00-08:00,2025-01-11 07:15:00-08:00,REAL_TIME_15_MIN,DLAP_SCE-APND,DLAP,60.36033,61.10582,0.0,-0.74549,0.0
2025-01-11 07:15:00-08:00,2025-01-11 07:15:00-08:00,2025-01-11 07:30:00-08:00,REAL_TIME_15_MIN,DLAP_SCE-APND,DLAP,50.9278,51.32737,0.48326,-0.88283,0.0
2025-01-11 07:30:00-08:00,2025-01-11 07:30:00-08:00,2025-01-11 07:45:00-08:00,REAL_TIME_15_MIN,DLAP_SCE-APND,DLAP,46.73688,46.28821,1.34203,-0.89336,0.0
2025-01-11 07:45:00-08:00,2025-01-11 07:45:00-08:00,2025-01-11 08:00:00-08:00,REAL_TIME_15_MIN,DLAP_SCE-APND,DLAP,33.39484,32.9176,1.2541,-0.77686,0.0
2025-01-11 08:00:00-08:00,2025-01-11 08:00:00-08:00,2025-01-11 08:15:00-08:00,REAL_TIME_15_MIN,DLAP_SCE-APND,DLAP,39.50331,37.82058,2.84761,-1.16487,0.0
2025-01-11 08:15:00-08:00,2025-01-11 08:15:00-08:00,2025-01-11 08:30:00-08:00,REAL_TIME_15_MIN,DLAP_SCE-APND,DLAP,30.45307,28.70991,2.73365,-0.99049,0.0
2025-01-11 08:30:00-08:00,2025-01-11 08:30:00-08:00,2025-01-11 08:45:00-08:00,REAL_TIME_15_MIN,DLAP_SCE-APND,DLAP,16.7254,18.85715,-1.31336,-0.8184,0.0
2025-01-11 08:45:00-08:00,2025-01-11 08:45:00-08:00,2025-01-11 09:00:00-08:00,REAL_TIME_15_MIN,DLAP_SCE-APND,DLAP,6.17675,8.2557,-1.72148,-0.35747,0.0
2025-01-11 09:00:00-08:00,2025-01-11 09:00:00-08:00,2025-01-11 09:15:00-08:00,REAL_TIME_15_MIN,DLAP_SCE-APND,DLAP,5.91674,10.29944,-3.97279,-0.40992,0.0
2025-01-11 09:15:00-08:00,2025-01-11 09:15:00-08:00,2025-01-11 09:30:00-08:00,REAL_TIME_15_MIN,DLAP_SCE-APND,DLAP,0.38043,4.91869,-4.34742,-0.19085,0.0
2025-01-11 09:30:00-08:00,2025-01-11 09:30:00-08:00,2025-01-11 09:45:00-08:00,REAL_TIME_15_MIN,DLAP_SCE-APND,DLAP,-2.88362,1.03931,-3.88499,-0.03793,0.0
2025-01-11 09:45:00-08:00,2025-01-11 09:45:00-08:00,2025-01-11 10:00:00-08:00,REAL_TIME_15_MIN,DLAP_SCE-APND,DLAP,-3.42626,-0.006,-3.42048,0.00021,0.0
2025-01-11 10:00:00-08:00,2025-01-11 10:00:00-08:00,2025-01-11 10:15:00-08:00,REAL_TIME_15_MIN,DLAP_SCE-APND,DLAP,-0.75744,0.03984,-0.79584,-0.00143,0.0
2025-01-11 10:15:00-08:00,2025-01-11 10:15:00-08:00,2025-01-11 10:30:00-08:00,REAL_TIME_15_MIN,DLAP_SCE-APND,DLAP,-3.35137,-2.76493,-0.68322,0.09677,0.0
2025-01-11 10:30:00-08:00,2025-01-11 10:30:00-08:00,2025-01-11 10:45:00-08:00,REAL_TIME_15_MIN,DLAP_SCE-APND,DLAP,-6.01669,-6.23815,0.0,0.22145,0.0
2025-01-11 10:45:00-08:00,2025-01-11 10:45:00-08:00,2025-01-11 11:00:00-08:00,REAL_TIME_15_MIN,DLAP_SCE-APND,DLAP,-6.11527,-6.31939,0.0,0.20412,0.0
2025-01-11 11:00:00-08:00,2025-01-11 11:00:00-08:00,2025-01-11 11:15:00-08:00,REAL_TIME_15_MIN,DLAP_SCE-APND,DLAP,-4.472,0.8674,-5.31034,-0.02906,0.0
2025-01-11 11:15:00-08:00,2025-01-11 11:15:00-08:00,2025-01-11 11:30:00-08:00,REAL_TIME_15_MIN,DLAP_SCE-APND,DLAP,-5.84275,-0.98619,-4.88664,0.03008,0.0
2025-01-11 11:30:00-08:00,2025-01-11 11:30:00-08:00,2025-01-11 11:45:00-08:00,REAL_TIME_15_MIN,DLAP_SCE-APND,DLAP,-7.54077,-5.39348,-2.30641,0.15911,0.0
2025-01-11 11:45:00-08:00,2025-01-11 11:45:00-08:00,2025-01-11 12:00:00-08:00,REAL_TIME_15_MIN,DLAP_SCE-APND,DLAP,-6.49185,-6.67954,0.0,0.1877,0.0
2025-01-11 12:00:00-08:00,2025-01-11 12:00:00-08:00,2025-01-11 12:15:00-08:00,REAL_TIME_15_MIN,DLAP_SCE-APND,DLAP,-8.79511,-6.6197,-2.37598,0.20058,0.0
2025-01-11 12:15:00-08:00,2025-01-11 12:15:00-08:00,2025-01-11 12:30:00-08:00,REAL_TIME_15_MIN,DLAP_SCE-APND,DLAP,-10.13122,-8.35821,-2.0246,0.25158,0.0
2025-01-11 12:30:00-08:00,2025-01-11 12:30:00-08:00,2025-01-11 12:45:00-08:00,REAL_TIME_15_MIN,DLAP_SCE-APND,DLAP,-16.06716,-10.27404,-6.13935,0.34624,0.0
2025-01-11 12:45:00-08:00,2025-01-11 12:45:00-08:00,2025-01-11 13:00:00-08:00,REAL_TIME_15_MIN,DLAP_SCE-APND,DLAP,-31.21574,-27.09556,-5.00891,0.88873,0.0
2025-01-11 13:00:00-08:00,2025-01-11 13:00:00-08:00,2025-01-11 13:15:00-08:00,REAL_TIME_15_MIN,DLAP_SCE-APND,DLAP,-36.55649,-36.03418,-1.72946,1.20715,0.0
2025-01-11 13:15:00-08:00,2025-01-11 13:15:00-08:00,2025-01-11 13:30:00-08:00,REAL_TIME_15_MIN,DLAP_SCE-APND,DLAP,-37.19201,-36.14956,-2.31492,1.27246,0.0
2025-01-11 13:30:00-08:00,2025-01-11 13:30:00-08:00,2025-01-11 13:45:00-08:00,REAL_TIME_15_MIN,DLAP_SCE-APND,DLAP,-40.27305,-39.27519,-2.54531,1.54744,0.0
2025-01-11 13:45:00-08:00,2025-01-11 13:45:00-08:00,2025-01-11 14:00:00-08:00,REAL_TIME_15_MIN,DLAP_SCE-APND,DLAP,-40.29932,-39.27519,-2.53623,1.51209,0.0
2025-01-11 14:00:00-08:00,2025-01-11 14:00:00-08:00,2025-01-11 14:15:00-08:00,REAL_TIME_15_MIN,DLAP_SCE-APND,DLAP,-39.23788,-40.29115,-0.39318,1.44645,0.0
2025-01-11 14:15:00-08:00,2025-01-11 14:15:00-08:00,2025-01-11 14:30:00-08:00,REAL_TIME_15_MIN,DLAP_SCE-APND,DLAP,-40.33987,-39.43014,-2.53426,1.62452,0.0
2025-01-11 14:30:00-08:00,2025-01-11 14:30:00-08:00,2025-01-11 14:45:00-08:00,REAL_TIME_15_MIN,DLAP_SCE-APND,DLAP,-40.24252,-37.31426,-4.52904,1.60078,0.0
2025-01-11 14:45:00-08:00,2025-01-11 14:45:00-08:00,2025-01-11 15:00:00-08:00,REAL_TIME_15_MIN,DLAP_SCE-APND,DLAP,-36.01756,-30.31588,-6.93251,1.23082,0.0
2025-01-11 15:00:00-08:00,2025-01-11 15:00:00-08:00,2025-01-11 15:15:00-08:00,REAL_TIME_15_MIN,DLAP_SCE-APND,DLAP,-28.90138,-24.52598,-5.34418,0.96878,0.0
2025-01-11 15:15:00-08:00,2025-01-11 15:15:00-08:00,2025-01-11 15:30:00-08:00,REAL_TIME_15_MIN,DLAP_SCE-APND,DLAP,-11.82651,-5.90743,-6.13174,0.21267,0.0
2025-01-11 15:30:00-08:00,2025-01-11 15:30:00-08:00,2025-01-11 15:45:00-08:00,REAL_TIME_15_MIN,DLAP_SCE-APND,DLAP,19.56788,20.17099,0.0,-0.60311,0.0
2025-01-11 15:45:00-08:00,2025-01-11 15:45:00-08:00,2025-01-11 16:00:00-08:00,REAL_TIME_15_MIN,DLAP_SCE-APND,DLAP,35.45375,36.39269,0.0,-0.93893,0.0
2025-01-11 16:00:00-08:00,2025-01-11 16:00:00-08:00,2025-01-11 16:15:00-08:00,REAL_TIME_15_MIN,DLAP_SCE-APND,DLAP,25.47134,25.9094,0.04644,-0.48451,0.0
2025-01-11 16:15:00-08:00,2025-01-11 16:15:00-08:00,2025-01-11 16:30:00-08:00,REAL_TIME_15_MIN,DLAP_SCE-APND,DLAP,44.26998,45.17345,0.0,-0.90347,0.0
2025-01-11 16:30:00-08:00,2025-01-11 16:30:00-08:00,2025-01-11 16:45:00-08:00,REAL_TIME_15_MIN,DLAP_SCE-APND,DLAP,50.9734,51.58188,0.32515,-0.93363,0.0
2025-01-11 16:45:00-08:00,2025-01-11 16:45:00-08:00,2025-01-11 17:00:00-08:00,REAL_TIME_15_MIN,DLAP_SCE-APND,DLAP,58.35262,59.16791,0.42724,-1.24253,0.0
2025-01-11 17:00:00-08:00,2025-01-11 17:00:00-08:00,2025-01-11 17:15:00-08:00,REAL_TIME_15_MIN,DLAP_SCE-APND,DLAP,49.97734,50.12715,0.79258,-0.94239,0.0
2025-01-11 17:15:00-08:00,2025-01-11 17:15:00-08:00,2025-01-11 17:30:00-08:00,REAL_TIME_15_MIN,DLAP_SCE-APND,DLAP,52.15426,52.27112,0.88675,-1.00361,0.0
2025-01-11 17:30:00-08:00,2025-01-11 17:30:00-08:00,2025-01-11 17:45:00-08:00,REAL_TIME_15_MIN,DLAP_SCE-APND,DLAP,53.12269,53.70171,0.61853,-1.19755,0.0
2025-01-11 17:45:00-08:00,2025-01-11 17:45:00-08:00,2025-01-11 18:00:00-08:00,REAL_TIME_15_MIN,DLAP_SCE-APND,DLAP,53.38526,53.97306,0.70216,-1.28996,0.0
2025-01-11 18:00:00-08:00,2025-01-11 18:00:00-08:00,2025-01-11 18:15:00-08:00,REAL_TIME_15_MIN,DLAP_SCE-APND,DLAP,54.9841,55.90234,0.6023,-1.52054,0.0
2025-01-11 18:15:00-08:00,2025-01-11 18:15:00-08:00,2025-01-11 18:30:00-08:00,REAL_TIME_15_MIN,DLAP_SCE-APND,DLAP,53.64231,53.74108,1.28775,-1.38652,0.0
2025-01-11 18:30:00-08:00,2025-01-11 18:30:00-08:00,2025-01-11 18:45:00-08:00,REAL_TIME_15_MIN,DLAP_SCE-APND,DLAP,53.61965,53.65243,1.29244,-1.32521,0.0
2025-01-11 18:45:00-08:00,2025-01-11 18:45:00-08:00,2025-01-11 19:00:00-08:00,REAL_TIME_15_MIN,DLAP_SCE-APND,DLAP,52.91337,52.72402,1.29127,-1.10193,0.0
2025-01-11 19:00:00-08:00,2025-01-11 19:00:00-08:00,2025-01-11 19:15:00-08:00,REAL_TIME_15_MIN,DLAP_SCE-APND,DLAP,55.83168,52.85617,2.97551,0.0,0.0
2025-01-11 19:15:00-08:00,2025-01-11 19:15:00-08:00,2025-01-11 19:30:00-08:00,REAL_TIME_15_MIN,DLAP_SCE-APND,DLAP,57.15367,56.31087,1.86767,-1.02486,0.0
2025-01-11 19:30:00-08:00,2025-01-11 19:30:00-08:00,2025-01-11 19:45:00-08:00,REAL_TIME_15_MIN,DLAP_SCE-APND,DLAP,56.08788,54.8179,2.05936,-0.78938,0.0
2025-01-11 19:45:00-08:00,2025-01-11 19:45:00-08:00,2025-01-11 20:00:00-08:00,REAL_TIME_15_MIN,DLAP_SCE-APND,DLAP,59.39456,56.12308,3.90567,-0.63419,0.0
2025-01-11 20:00:00-08:00,2025-01-11 20:00:00-08:00,2025-01-11 20:15:00-08:00,REAL_TIME_15_MIN,DLAP_SCE-APND,DLAP,54.20714,51.23732,3.76913,-0.7993,0.0
2025-01-11 20:15:00-08:00,2025-01-11 20:15:00-08:00,2025-01-11 20:30:00-08:00,REAL_TIME_15_MIN,DLAP_SCE-APND,DLAP,48.27152,48.20613,0.62458,-0.55919,0.0
2025-01-11 20:30:00-08:00,2025-01-11 20:30:00-08:00,2025-01-11 20:45:00-08:00,REAL_TIME_15_MIN,DLAP_SCE-APND,DLAP,52.81418,50.78177,2.48436,-0.45196,0.0
2025-01-11 20:45:00-08:00,2025-01-11 20:45:00-08:00,2025-01-11 21:00:00-08:00,REAL_TIME_15_MIN,DLAP_SCE-APND,DLAP,52.11038,51.17765,1.34215,-0.40942,0.0
2025-01-11 21:00:00-08:00,2025-01-11 21:00:00-08:00,2025-01-11 21:15:00-08:00,REAL_TIME_15_MIN,DLAP_SCE-APND,DLAP,54.24616,53.25383,1.658,-0.66567,0.0
2025-01-11 21:15:00-08:00,2025-01-11 21:15:00-08:00,2025-01-11 21:30:00-08:00,REAL_TIME_15_MIN,DLAP_SCE-APND,DLAP,55.6227,54.73606,1.40116,-0.51452,0.0
2025-01-11 21:30:00-08:00,2025-01-11 21:30:00-08:00,2025-01-11 21:45:00-08:00,REAL_TIME_15_MIN,DLAP_SCE-APND,DLAP,56.4283,55.90771,0.86722,-0.34663,0.0
2025-01-11 21:45:00-08:00,2025-01-11 21:45:00-08:00,2025-01-11 22:00:00-08:00,REAL_TIME_15_MIN,DLAP_SCE-APND,DLAP,58.10335,57.54331,0.95709,-0.39705,0.0
2025-01-11 22:00:00-08:00,2025-01-11 22:00:00-08:00,2025-01-11 22:15:00-08:00,REAL_TIME_15_MIN,DLAP_SCE-APND,DLAP,59.5298,58.44319,1.41389,-0.32728,0.0
2025-01-11 22:15:00-08:00,2025-01-11 22:15:00-08:00,2025-01-11 22:30:00-08:00,REAL_TIME_15_MIN,DLAP_SCE-APND,DLAP,58.99076,58.23999,0.97209,-0.22131,0.0
2025-01-11 22:30:00-08:00,2025-01-11 22:30:00-08:00,2025-01-11 22:45:00-08:00,REAL_TIME_15_MIN,DLAP_SCE-APND,DLAP,58.6302,57.59494,1.19653,-0.16127,0.0
2025-01-11 22:45:00-08:00,2025-01-11 22:45:00-08:00,2025-01-11 23:00:00-08:00,REAL_TIME_15_MIN,DLAP_SCE-APND,DLAP,54.73,54.85617,0.0,-0.12617,0.0
2025-01-11 23:00:00-08:00,2025-01-11 23:00:00-08:00,2025-01-11 23:15:00-08:00,REAL_TIME_15_MIN,DLAP_SCE-APND,DLAP,55.11324,55.46824,0.0,-0.355,0.0
2025-01-11 23:15:00-08:00,2025-01-11 23:15:00-08:00,2025-01-11 23:30:00-08:00,REAL_TIME_15_MIN,DLAP_SCE-APND,DLAP,56.74827,57.06785,0.0,-0.31958,0.0
2025-01-11 23:30:00-08:00,2025-01-11 23:30:00-08:00,2025-01-11 23:45:00-08:00,REAL_TIME_15_MIN,DLAP_SCE-APND,DLAP,53.88654,54.19,0.0,-0.30346,0.0
2025-01-11 23:45:00-08:00,2025-01-11 23:45:00-08:00,2025-01-12 00:00:00-08:00,REAL_TIME_15_MIN,DLAP_SCE-APND,DLAP,53.19102,53.36713,0.0,-0.17611,0.0
2025-01-12 00:00:00-08:00,2025-01-12 00:00:00-08:00,2025-01-12 00:15:00-08:00,REAL_TIME_15_MIN,DLAP_SCE-APND,DLAP,49.237,49.36041,0.0,-0.1234,0.0
2025-01-12 00:15:00-08:00,2025-01-12 00:15:00-08:00,2025-01-12 00:30:00-08:00,REAL_TIME_15_MIN,DLAP_SCE-APND,DLAP,44.79419,44.92447,0.0,-0.13028,0.0
2025-01-12 00:30:00-08:00,2025-01-12 00:30:00-08:00,2025-01-12 00:45:00-08:00,REAL_TIME_15_MIN,DLAP_SCE-APND,DLAP,47.0675,47.29927,0.0,-0.23177,0.0
2025-01-12 00:45:00-08:00,2025-01-12 00:45:00-08:00,2025-01-12 01:00:00-08:00,REAL_TIME_15_MIN,DLAP_SCE-APND,DLAP,44.36623,44.48634,0.0,-0.12011,0.0
2025-01-12 01:00:00-08:00,2025-01-12 01:00:00-08:00,2025-01-12 01:15:00-08:00,REAL_TIME_15_MIN,DLAP_SCE-APND,DLAP,46.63853,46.61056,0.0,0.02797,0.0
2025-01-12 01:15:00-08:00,2025-01-12 01:15:00-08:00,2025-01-12 01:30:00-08:00,REAL_TIME_15_MIN,DLAP_SCE-APND,DLAP,46.04202,45.99603,0.0,0.046,0.0
2025-01-12 01:30:00-08:00,2025-01-12 01:30:00-08:00,2025-01-12 01:45:00-08:00,REAL_TIME_15_MIN,DLAP_SCE-APND,DLAP,46.60915,46.53934,0.0,0.06981,0.0
2025-01-12 01:45:00-08:00,2025-01-12 01:45:00-08:00,2025-01-12 02:00:00-08:00,REAL_TIME_15_MIN,DLAP_SCE-APND,DLAP,46.02558,45.86506,0.0,0.16053,0.0
2025-01-12 02:00:00-08:00,2025-01-12 02:00:00-08:00,2025-01-12 02:15:00-08:00,REAL_TIME_15_MIN,DLAP_SCE-APND,DLAP,49.07753,49.06771,0.0,0.00981,0.0
2025-01-12 02:15:00-08:00,2025-01-12 02:15:00-08:00,2025-01-12 02:30:00-08:00,REAL_TIME_15_MIN,DLAP_SCE-APND,DLAP,49.00529,49.00039,0.0,0.0049,0.0
2025-01-12 02:30:00-08:00,2025-01-12 02:30:00-08:00,2025-01-12 02:45:00-08:00,REAL_TIME_15_MIN,DLAP_SCE-APND,DLAP,46.90077,46.78847,0.0,0.11229,0.0
2025-01-12 02:45:00-08:00,2025-01-12 02:45:00-08:00,2025-01-12 03:00:00-08:00,REAL_TIME_15_MIN,DLAP_SCE-APND,DLAP,47.28142,47.24835,0.0,0.03307,0.0
2025-01-12 03:00:00-08:00,2025-01-12 03:00:00-08:00,2025-01-12 03:15:00-08:00,REAL_TIME_15_MIN,DLAP_SCE-APND,DLAP,47.49562,47.52889,0.0,-0.03327,0.0
2025-01-12 03:15:00-08:00,2025-01-12 03:15:00-08:00,2025-01-12 03:30:00-08:00,REAL_TIME_15_MIN,DLAP_SCE-APND,DLAP,46.78228,46.72154,0.0,0.06074,0.0
2025-01-12 03:30:00-08:00,2025-01-12 03:30:00-08:00,2025-01-12 03:45:00-08:00,REAL_TIME_15_MIN,DLAP_SCE-APND,DLAP,46.96212,46.91052,0.0,0.0516,0.0
2025-01-12 03:45:00-08:00,2025-01-12 03:45:00-08:00,2025-01-12 04:00:00-08:00,REAL_TIME_15_MIN,DLAP_SCE-APND,DLAP,47.31483,47.2534,0.0,0.06143,0.0
2025-01-12 04:00:00-08:00,2025-01-12 04:00:00-08:00,2025-01-12 04:15:00-08:00,REAL_TIME_15_MIN,DLAP_SCE-APND,DLAP,45.33241,45.29618,0.0,0.03624,0.0
2025-01-12 04:15:00-08:00,2025-01-12 04:15:00-08:00,2025-01-12 04:30:00-08:00,REAL_TIME_15_MIN,DLAP_SCE-APND,DLAP,45.53204,45.44569,0.0,0.08635,0.0
2025-01-12 04:30:00-08:00,2025-01-12 04:30:00-08:00,2025-01-12 04:45:00-08:00,REAL_TIME_15_MIN,DLAP_SCE-APND,DLAP,47.80452,47.74722,0.0,0.0573,0.0
2025-01-12 04:45:00-08:00,2025-01-12 04:45:00-08:00,2025-01-12 05:00:00-08:00,REAL_TIME_15_MIN,DLAP_SCE-APND,DLAP,48.97141,48.98121,0.0,-0.0098,0.0
2025-01-12 05:00:00-08:00,2025-01-12 05:00:00-08:00,2025-01-12 05:15:00-08:00,REAL_TIME_15_MIN,DLAP_SCE-APND,DLAP,44.57587,44.59817,0.0,-0.0223,0.0
2025-01-12 05:15:00-08:00,2025-01-12 05:15:00-08:00,2025-01-12 05:30:00-08:00,REAL_TIME_15_MIN,DLAP_SCE-APND,DLAP,45.5655,45.61111,0.0,-0.04561,0.0
2025-01-12 05:30:00-08:00,2025-01-12 05:30:00-08:00,2025-01-12 05:45:00-08:00,REAL_TIME_15_MIN,DLAP_SCE-APND,DLAP,46.35054,46.43412,0.0,-0.08358,0.0
2025-01-12 05:45:00-08:00,2025-01-12 05:45:00-08:00,2025-01-12 06:00:00-08:00,REAL_TIME_15_MIN,DLAP_SCE-APND,DLAP,50.02485,50.16531,0.0,-0.14046,0.0
2025-01-12 06:00:00-08:00,2025-01-12 06:00:00-08:00,2025-01-12 06:15:00-08:00,REAL_TIME_15_MIN,DLAP_SCE-APND,DLAP,44.69556,44.86605,0.0,-0.17049,0.0
2025-01-12 06:15:00-08:00,2025-01-12 06:15:00-08:00,2025-01-12 06:30:00-08:00,REAL_TIME_15_MIN,DLAP_SCE-APND,DLAP,45.84853,46.08819,0.0,-0.23966,0.0
2025-01-12 06:30:00-08:00,2025-01-12 06:30:00-08:00,2025-01-12 06:45:00-08:00,REAL_TIME_15_MIN,DLAP_SCE-APND,DLAP,52.28179,52.66095,0.0,-0.37916,0.0
2025-01-12 06:45:00-08:00,2025-01-12 06:45:00-08:00,2025-01-12 07:00:00-08:00,REAL_TIME_15_MIN,DLAP_SCE-APND,DLAP,57.65473,58.10797,0.0,-0.45324,0.0
2025-01-12 07:00:00-08:00,2025-01-12 07:00:00-08:00,2025-01-12 07:15:00-08:00,REAL_TIME_15_MIN,DLAP_SCE-APND,DLAP,56.10559,56.7698,0.0,-0.66421,0.0
2025-01-12 07:15:00-08:00,2025-01-12 07:15:00-08:00,2025-01-12 07:30:00-08:00,REAL_TIME_15_MIN,DLAP_SCE-APND,DLAP,53.78003,54.74351,0.0,-0.96349,0.0
2025-01-12 07:30:00-08:00,2025-01-12 07:30:00-08:00,2025-01-12 07:45:00-08:00,REAL_TIME_15_MIN,DLAP_SCE-APND,DLAP,43.86325,45.00179,0.0,-1.13855,0.0
2025-01-12 07:45:00-08:00,2025-01-12 07:45:00-08:00,2025-01-12 08:00:00-08:00,REAL_TIME_15_MIN,DLAP_SCE-APND,DLAP,35.03618,36.2131,0.0,-1.17693,0.0
2025-01-12 08:00:00-08:00,2025-01-12 08:00:00-08:00,2025-01-12 08:15:00-08:00,REAL_TIME_15_MIN,DLAP_SCE-APND,DLAP,38.73129,40.67986,0.0,-1.94857,0.0
2025-01-12 08:15:00-08:00,2025-01-12 08:15:00-08:00,2025-01-12 08:30:00-08:00,REAL_TIME_15_MIN,DLAP_SCE-APND,DLAP,23.90615,32.23672,-6.74775,-1.58282,0.0
2025-01-12 08:30:00-08:00,2025-01-12 08:30:00-08:00,2025-01-12 08:45:00-08:00,REAL_TIME_15_MIN,DLAP_SCE-APND,DLAP,22.12401,31.26322,-7.79176,-1.34744,0.0
2025-01-12 08:45:00-08:00,2025-01-12 08:45:00-08:00,2025-01-12 09:00:00-08:00,REAL_TIME_15_MIN,DLAP_SCE-APND,DLAP,-0.15202,24.50538,-23.68944,-0.96796,0.0
2025-01-12 09:00:00-08:00,2025-01-12 09:00:00-08:00,2025-01-12 09:15:00-08:00,REAL_TIME_15_MIN,DLAP_SCE-APND,DLAP,15.50714,28.52749,-12.00192,-1.01843,0.0
2025-01-12 09:15:00-08:00,2025-01-12 09:15:00-08:00,2025-01-12 09:30:00-08:00,REAL_TIME_15_MIN,DLAP_SCE-APND,DLAP,7.87695,25.71916,-16.90603,-0.93618,0.0
2025-01-12 09:30:00-08:00,2025-01-12 09:30:00-08:00,2025-01-12 09:45:00-08:00,REAL_TIME_15_MIN,DLAP_SCE-APND,DLAP,1.60812,22.02352,-19.5719,-0.8435,0.0
2025-01-12 09:45:00-08:00,2025-01-12 09:45:00-08:00,2025-01-12 10:00:00-08:00,REAL_TIME_15_MIN,DLAP_SCE-APND,DLAP,-1.03039,9.11267,-9.78129,-0.36177,0.0
2025-01-12 10:00:00-08:00,2025-01-12 10:00:00-08:00,2025-01-12 10:15:00-08:00,REAL_TIME_15_MIN,DLAP_SCE-APND,DLAP,1.39335,18.43281,-16.33716,-0.70229,0.0
2025-01-12 10:15:00-08:00,2025-01-12 10:15:00-08:00,2025-01-12 10:30:00-08:00,REAL_TIME_15_MIN,DLAP_SCE-APND,DLAP,2.67182,18.57731,-15.19583,-0.70965,0.0
2025-01-12 10:30:00-08:00,2025-01-12 10:30:00-08:00,2025-01-12 10:45:00-08:00,REAL_TIME_15_MIN,DLAP_SCE-APND,DLAP,-0.1044,10.6652,-10.36112,-0.40848,0.0
2025-01-12 10:45:00-08:00,2025-01-12 10:45:00-08:00,2025-01-12 11:00:00-08:00,REAL_TIME_15_MIN,DLAP_SCE-APND,DLAP,-1.44928,8.40367,-9.53866,-0.3143,0.0
2025-01-12 11:00:00-08:00,2025-01-12 11:00:00-08:00,2025-01-12 11:15:00-08:00,REAL_TIME_15_MIN,DLAP_SCE-APND,DLAP,4.75329,22.78824,-17.17812,-0.85684,0.0
2025-01-12 11:15:00-08:00,2025-01-12 11:15:00-08:00,2025-01-12 11:30:00-08:00,REAL_TIME_15_MIN,DLAP_SCE-APND,DLAP,4.57221,20.60653,-15.2657,-0.76862,0.0
2025-01-12 11:30:00-08:00,2025-01-12 11:30:00-08:00,2025-01-12 11:45:00-08:00,REAL_TIME_15_MIN,DLAP_SCE-APND,DLAP,1.94207,20.27619,-17.58593,-0.74819,0.0
2025-01-12 11:45:00-08:00,2025-01-12 11:45:00-08:00,2025-01-12 12:00:00-08:00,REAL_TIME_15_MIN,DLAP_SCE-APND,DLAP,4.03202,16.74955,-12.09948,-0.61806,0.0
2025-01-12 12:00:00-08:00,2025-01-12 12:00:00-08:00,2025-01-12 12:15:00-08:00,REAL_TIME_15_MIN,DLAP_SCE-APND,DLAP,7.42923,21.5261,-13.30687,-0.79001,0.0
2025-01-12 12:15:00-08:00,2025-01-12 12:15:00-08:00,2025-01-12 12:30:00-08:00,REAL_TIME_15_MIN,DLAP_SCE-APND,DLAP,7.65888,20.88902,-12.47605,-0.75409,0.0
2025-01-12 12:30:00-08:00,2025-01-12 12:30:00-08:00,2025-01-12 12:45:00-08:00,REAL_TIME_15_MIN,DLAP_SCE-APND,DLAP,-0.03246,18.03115,-17.40186,-0.66174,0.0
2025-01-12 12:45:00-08:00,2025-01-12 12:45:00-08:00,2025-01-12 13:00:00-08:00,REAL_TIME_15_MIN,DLAP_SCE-APND,DLAP,-0.372,14.79395,-14.63189,-0.53406,0.0
2025-01-12 13:00:00-08:00,2025-01-12 13:00:00-08:00,2025-01-12 13:15:00-08:00,REAL_TIME_15_MIN,DLAP_SCE-APND,DLAP,-0.04998,17.54436,-16.93467,-0.65967,0.0
2025-01-12 13:15:00-08:00,2025-01-12 13:15:00-08:00,2025-01-12 13:30:00-08:00,REAL_TIME_15_MIN,DLAP_SCE-APND,DLAP,-0.24606,20.9896,-20.39818,-0.83749,0.0
2025-01-12 13:30:00-08:00,2025-01-12 13:30:00-08:00,2025-01-12 13:45:00-08:00,REAL_TIME_15_MIN,DLAP_SCE-APND,DLAP,-1.13749,19.02129,-19.35228,-0.8065,0.0
2025-01-12 13:45:00-08:00,2025-01-12 13:45:00-08:00,2025-01-12 14:00:00-08:00,REAL_TIME_15_MIN,DLAP_SCE-APND,DLAP,-1.43821,10.35579,-11.35905,-0.43494,0.0
2025-01-12 14:00:00-08:00,2025-01-12 14:00:00-08:00,2025-01-12 14:15:00-08:00,REAL_TIME_15_MIN,DLAP_SCE-APND,DLAP,-1.27786,8.89887,-9.86171,-0.31502,0.0
2025-01-12 14:15:00-08:00,2025-01-12 14:15:00-08:00,2025-01-12 14:30:00-08:00,REAL_TIME_15_MIN,DLAP_SCE-APND,DLAP,-1.95739,8.27499,-9.92703,-0.30535,0.0
2025-01-12 14:30:00-08:00,2025-01-12 14:30:00-08:00,2025-01-12 14:45:00-08:00,REAL_TIME_15_MIN,DLAP_SCE-APND,DLAP,1.26785,13.72381,-11.90289,-0.55307,0.0
2025-01-12 14:45:00-08:00,2025-01-12 14:45:00-08:00,2025-01-12 15:00:00-08:00,REAL_TIME_15_MIN,DLAP_SCE-APND,DLAP,6.45171,20.92588,-13.6769,-0.79728,0.0
2025-01-12 15:00:00-08:00,2025-01-12 15:00:00-08:00,2025-01-12 15:15:00-08:00,REAL_TIME_15_MIN,DLAP_SCE-APND,DLAP,8.81868,20.7816,-11.21686,-0.74606,0.0
2025-01-12 15:15:00-08:00,2025-01-12 15:15:00-08:00,2025-01-12 15:30:00-08:00,REAL_TIME_15_MIN,DLAP_SCE-APND,DLAP,19.76397,29.57583,-8.87727,-0.9346,0.0
2025-01-12 15:30:00-08:00,2025-01-12 15:30:00-08:00,2025-01-12 15:45:00-08:00,REAL_TIME_15_MIN,DLAP_SCE-APND,DLAP,35.6509,42.00963,-5.13205,-1.22668,0.0
2025-01-12 15:45:00-08:00,2025-01-12 15:45:00-08:00,2025-01-12 16:00:00-08:00,REAL_TIME_15_MIN,DLAP_SCE-APND,DLAP,49.83632,51.1509,0.0,-1.31458,0.0
2025-01-12 16:00:00-08:00,2025-01-12 16:00:00-08:00,2025-01-12 16:15:00-08:00,REAL_TIME_15_MIN,DLAP_SCE-APND,DLAP,39.82347,40.76514,0.0,-0.94167,0.0
2025-01-12 16:15:00-08:00,2025-01-12 16:15:00-08:00,2025-01-12 16:30:00-08:00,REAL_TIME_15_MIN,DLAP_SCE-APND,DLAP,48.91639,49.85364,0.0,-0.93725,0.0
2025-01-12 16:30:00-08:00,2025-01-12 16:30:00-08:00,2025-01-12 16:45:00-08:00,REAL_TIME_15_MIN,DLAP_SCE-APND,DLAP,62.46514,63.86376,0.0,-1.39862,0.0
2025-01-12 16:45:00-08:00,2025-01-12 16:45:00-08:00,2025-01-12 17:00:00-08:00,REAL_TIME_15_MIN,DLAP_SCE-APND,DLAP,69.97,69.97,0.0,0.0,0.0
2025-01-12 17:00:00-08:00,2025-01-12 17:00:00-08:00,2025-01-12 17:15:00-08:00,REAL_TIME_15_MIN,DLAP_SCE-APND,DLAP,52.7148,52.7148,0.0,0.0,0.0
2025-01-12 17:15:00-08:00,2025-01-12 17:15:00-08:00,2025-01-12 17:30:00-08:00,REAL_TIME_15_MIN,DLAP_SCE-APND,DLAP,60.6,60.6,0.0,0.0,0.0
2025-01-12 17:30:00-08:00,2025-01-12 17:30:00-08:00,2025-01-12 17:45:00-08:00,REAL_TIME_15_MIN,DLAP_SCE-APND,DLAP,63.0,63.0,0.0,0.0,0.0
2025-01-12 17:45:00-08:00,2025-01-12 17:45:00-08:00,2025-01-12 18:00:00-08:00,REAL_TIME_15_MIN,DLAP_SCE-APND,DLAP,64.17381,65.60397,0.0,-1.43017,0.0
2025-01-12 18:00:00-08:00,2025-01-12 18:00:00-08:00,2025-01-12 18:15:00-08:00,REAL_TIME_15_MIN,DLAP_SCE-APND,DLAP,58.50515,60.02991,0.0,-1.52476,0.0
2025-01-12 18:15:00-08:00,2025-01-12 18:15:00-08:00,2025-01-12 18:30:00-08:00,REAL_TIME_15_MIN,DLAP_SCE-APND,DLAP,55.31868,56.87127,0.0,-1.55259,0.0
2025-01-12 18:30:00-08:00,2025-01-12 18:30:00-08:00,2025-01-12 18:45:00-08:00,REAL_TIME_15_MIN,DLAP_SCE-APND,DLAP,55.57372,57.12759,0.0,-1.55387,0.0
2025-01-12 18:45:00-08:00,2025-01-12 18:45:00-08:00,2025-01-12 19:00:00-08:00,REAL_TIME_15_MIN,DLAP_SCE-APND,DLAP,54.76748,55.99374,0.0,-1.22626,0.0
2025-01-12 19:00:00-08:00,2025-01-12 19:00:00-08:00,2025-01-12 19:15:00-08:00,REAL_TIME_15_MIN,DLAP_SCE-APND,DLAP,57.23884,58.09281,0.0,-0.85396,0.0
2025-01-12 19:15:00-08:00,2025-01-12 19:15:00-08:00,2025-01-12 19:30:00-08:00,REAL_TIME_15_MIN,DLAP_SCE-APND,DLAP,56.02431,56.90636,0.0,-0.88205,0.0
2025-01-12 19:30:00-08:00,2025-01-12 19:30:00-08:00,2025-01-12 19:45:00-08:00,REAL_TIME_15_MIN,DLAP_SCE-APND,DLAP,57.06571,57.86424,0.0,-0.79853,0.0
2025-01-12 19:45:00-08:00,2025-01-12 19:45:00-08:00,2025-01-12 20:00:00-08:00,REAL_TIME_15_MIN,DLAP_SCE-APND,DLAP,56.33575,57.08932,0.0,-0.75358,0.0
2025-01-12 20:00:00-08:00,2025-01-12 20:00:00-08:00,2025-01-12 20:15:00-08:00,REAL_TIME_15_MIN,DLAP_SCE-APND,DLAP,55.38943,56.4392,0.0,-1.04977,0.0
2025-01-12 20:15:00-08:00,2025-01-12 20:15:00-08:00,2025-01-12 20:30:00-08:00,REAL_TIME_15_MIN,DLAP_SCE-APND,DLAP,54.61096,55.66867,0.0,-1.0577,0.0
2025-01-12 20:30:00-08:00,2025-01-12 20:30:00-08:00,2025-01-12 20:45:00-08:00,REAL_TIME_15_MIN,DLAP_SCE-APND,DLAP,55.83749,56.69932,0.0,-0.86183,0.0
2025-01-12 20:45:00-08:00,2025-01-12 20:45:00-08:00,2025-01-12 21:00:00-08:00,REAL_TIME_15_MIN,DLAP_SCE-APND,DLAP,58.75289,59.58711,0.0,-0.83422,0.0
2025-01-12 21:00:00-08:00,2025-01-12 21:00:00-08:00,2025-01-12 21:15:00-08:00,REAL_TIME_15_MIN,DLAP_SCE-APND,DLAP,58.15826,59.12796,0.0,-0.9697,0.0
2025-01-12 21:15:00-08:00,2025-01-12 21:15:00-08:00,2025-01-12 21:30:00-08:00,REAL_TIME_15_MIN,DLAP_SCE-APND,DLAP,58.49785,59.41885,0.0,-0.92099,0.0
2025-01-12 21:30:00-08:00,2025-01-12 21:30:00-08:00,2025-01-12 21:45:00-08:00,REAL_TIME_15_MIN,DLAP_SCE-APND,DLAP,58.65297,59.41346,0.0,-0.76049,0.0
2025-01-12 21:45:00-08:00,2025-01-12 21:45:00-08:00,2025-01-12 22:00:00-08:00,REAL_TIME_15_MIN,DLAP_SCE-APND,DLAP,58.64497,59.05838,0.0,-0.41341,0.0
2025-01-12 22:00:00-08:00,2025-01-12 22:00:00-08:00,2025-01-12 22:15:00-08:00,REAL_TIME_15_MIN,DLAP_SCE-APND,DLAP,58.1553,58.7368,0.0,-0.58149,0.0
2025-01-12 22:15:00-08:00,2025-01-12 22:15:00-08:00,2025-01-12 22:30:00-08:00,REAL_TIME_15_MIN,DLAP_SCE-APND,DLAP,57.0232,57.43096,0.0,-0.40776,0.0
2025-01-12 22:30:00-08:00,2025-01-12 22:30:00-08:00,2025-01-12 22:45:00-08:00,REAL_TIME_15_MIN,DLAP_SCE-APND,DLAP,56.0721,56.41056,0.0,-0.33846,0.0
2025-01-12 22:45:00-08:00,2025-01-12 22:45:00-08:00,2025-01-12 23:00:00-08:00,REAL_TIME_15_MIN,DLAP_SCE-APND,DLAP,53.95798,54.311,0.0,-0.35302,0.0
2025-01-12 23:00:00-08:00,2025-01-12 23:00:00-08:00,2025-01-12 23:15:00-08:00,REAL_TIME_15_MIN,DLAP_SCE-APND,DLAP,52.33219,52.53708,0.0,-0.20489,0.0
2025-01-12 23:15:00-08:00,2025-01-12 23:15:00-08:00,2025-01-12 23:30:00-08:00,REAL_TIME_15_MIN,DLAP_SCE-APND,DLAP,48.58648,48.62052,0.0,-0.03403,0.0
2025-01-12 23:30:00-08:00,2025-01-12 23:30:00-08:00,2025-01-12 23:45:00-08:00,REAL_TIME_15_MIN,DLAP_SCE-APND,DLAP,51.68757,51.52784,0.0,0.15974,0.0
2025-01-12 23:45:00-08:00,2025-01-12 23:45:00-08:00,2025-01-13 00:00:00-08:00,REAL_TIME_15_MIN,DLAP_SCE-APND,DLAP,50.92505,50.62132,0.0,0.30373,0.0
2025-01-13 00:00:00-08:00,2025-01-13 00:00:00-08:00,2025-01-13 00:15:00-08:00,REAL_TIME_15_MIN,DLAP_SCE-APND,DLAP,63.26915,63.27548,0.0,-0.00633,0.0
2025-01-13 00:15:00-08:00,2025-01-13 00:15:00-08:00,2025-01-13 00:30:00-08:00,REAL_TIME_15_MIN,DLAP_SCE-APND,DLAP,62.26568,62.08564,0.0,0.18005,0.0
2025-01-13 00:30:00-08:00,2025-01-13 00:30:00-08:00,2025-01-13 00:45:00-08:00,REAL_TIME_15_MIN,DLAP_SCE-APND,DLAP,62.55267,62.28485,0.0,0.26782,0.0
2025-01-13 00:45:00-08:00,2025-01-13 00:45:00-08:00,2025-01-13 01:00:00-08:00,REAL_TIME_15_MIN,DLAP_SCE-APND,DLAP,59.9546,59.56149,0.0,0.39311,0.0
2025-01-13 01:00:00-08:00,2025-01-13 01:00:00-08:00,2025-01-13 01:15:00-08:00,REAL_TIME_15_MIN,DLAP_SCE-APND,DLAP,60.75651,60.52048,0.0,0.23603,0.0
2025-01-13 01:15:00-08:00,2025-01-13 01:15:00-08:00,2025-01-13 01:30:00-08:00,REAL_TIME_15_MIN,DLAP_SCE-APND,DLAP,60.63343,60.33777,0.0,0.29566,0.0
2025-01-13 01:30:00-08:00,2025-01-13 01:30:00-08:00,2025-01-13 01:45:00-08:00,REAL_TIME_15_MIN,DLAP_SCE-APND,DLAP,60.83477,60.47193,0.0,0.36283,0.0
2025-01-13 01:45:00-08:00,2025-01-13 01:45:00-08:00,2025-01-13 02:00:00-08:00,REAL_TIME_15_MIN,DLAP_SCE-APND,DLAP,53.79695,53.39118,0.0,0.40577,0.0
2025-01-13 02:00:00-08:00,2025-01-13 02:00:00-08:00,2025-01-13 02:15:00-08:00,REAL_TIME_15_MIN,DLAP_SCE-APND,DLAP,55.17681,54.69549,0.0,0.48132,0.0
2025-01-13 02:15:00-08:00,2025-01-13 02:15:00-08:00,2025-01-13 02:30:00-08:00,REAL_TIME_15_MIN,DLAP_SCE-APND,DLAP,54.52203,54.03035,0.0,0.49168,0.0
2025-01-13 02:30:00-08:00,2025-01-13 02:30:00-08:00,2025-01-13 02:45:00-08:00,REAL_TIME_15_MIN,DLAP_SCE-APND,DLAP,55.83498,55.34792,0.0,0.48706,0.0
2025-01-13 02:45:00-08:00,2025-01-13 02:45:00-08:00,2025-01-13 03:00:00-08:00,REAL_TIME_15_MIN,DLAP_SCE-APND,DLAP,54.47567,53.95233,0.0,0.52334,0.0
2025-01-13 03:00:00-08:00,2025-01-13 03:00:00-08:00,2025-01-13 03:15:00-08:00,REAL_TIME_15_MIN,DLAP_SCE-APND,DLAP,54.29229,53.86675,0.0,0.42555,0.0
2025-01-13 03:15:00-08:00,2025-01-13 03:15:00-08:00,2025-01-13 03:30:00-08:00,REAL_TIME_15_MIN,DLAP_SCE-APND,DLAP,54.28736,53.84048,0.0,0.44688,0.0
2025-01-13 03:30:00-08:00,2025-01-13 03:30:00-08:00,2025-01-13 03:45:00-08:00,REAL_TIME_15_MIN,DLAP_SCE-APND,DLAP,53.23511,52.78642,0.0,0.44868,0.0
2025-01-13 03:45:00-08:00,2025-01-13 03:45:00-08:00,2025-01-13 04:00:00-08:00,REAL_TIME_15_MIN,DLAP_SCE-APND,DLAP,53.33179,52.80375,0.0,0.52804,0.0
2025-01-13 04:00:00-08:00,2025-01-13 04:00:00-08:00,2025-01-13 04:15:00-08:00,REAL_TIME_15_MIN,DLAP_SCE-APND,DLAP,52.45256,51.9641,0.0,0.48846,0.0
2025-01-13 04:15:00-08:00,2025-01-13 04:15:00-08:00,2025-01-13 04:30:00-08:00,REAL_TIME_15_MIN,DLAP_SCE-APND,DLAP,52.64689,52.07407,0.0,0.57281,0.0
2025-01-13 04:30:00-08:00,2025-01-13 04:30:00-08:00,2025-01-13 04:45:00-08:00,REAL_TIME_15_MIN,DLAP_SCE-APND,DLAP,53.40867,52.94278,0.0,0.4659,0.0
2025-01-13 04:45:00-08:00,2025-01-13 04:45:00-08:00,2025-01-13 05:00:00-08:00,REAL_TIME_15_MIN,DLAP_SCE-APND,DLAP,56.50558,56.046,0.0,0.45958,0.0
2025-01-13 05:00:00-08:00,2025-01-13 05:00:00-08:00,2025-01-13 05:15:00-08:00,REAL_TIME_15_MIN,DLAP_SCE-APND,DLAP,50.98629,50.46149,0.0,0.5248,0.0
2025-01-13 05:15:00-08:00,2025-01-13 05:15:00-08:00,2025-01-13 05:30:00-08:00,REAL_TIME_15_MIN,DLAP_SCE-APND,DLAP,51.15179,50.68046,0.0,0.47133,0.0
2025-01-13 05:30:00-08:00,2025-01-13 05:30:00-08:00,2025-01-13 05:45:00-08:00,REAL_TIME_15_MIN,DLAP_SCE-APND,DLAP,58.49328,57.8397,0.0,0.65359,0.0
2025-01-13 05:45:00-08:00,2025-01-13 05:45:00-08:00,2025-01-13 06:00:00-08:00,REAL_TIME_15_MIN,DLAP_SCE-APND,DLAP,63.53549,62.88152,0.0,0.65397,0.0
2025-01-13 06:00:00-08:00,2025-01-13 06:00:00-08:00,2025-01-13 06:15:00-08:00,REAL_TIME_15_MIN,DLAP_SCE-APND,DLAP,52.66159,52.21774,0.0,0.44385,0.0
2025-01-13 06:15:00-08:00,2025-01-13 06:15:00-08:00,2025-01-13 06:30:00-08:00,REAL_TIME_15_MIN,DLAP_SCE-APND,DLAP,53.0,53.0,0.0,0.0,0.0
2025-01-13 06:30:00-08:00,2025-01-13 06:30:00-08:00,2025-01-13 06:45:00-08:00,REAL_TIME_15_MIN,DLAP_SCE-APND,DLAP,57.2799,57.2799,0.0,0.0,0.0
2025-01-13 06:45:00-08:00,2025-01-13 06:45:00-08:00,2025-01-13 07:00:00-08:00,REAL_TIME_15_MIN,DLAP_SCE-APND,DLAP,55.0,55.0,0.0,0.0,0.0
2025-01-13 07:00:00-08:00,2025-01-13 07:00:00-08:00,2025-01-13 07:15:00-08:00,REAL_TIME_15_MIN,DLAP_SCE-APND,DLAP,52.94936,54.0186,-0.6533,-0.41594,0.0
2025-01-13 07:15:00-08:00,2025-01-13 07:15:00-08:00,2025-01-13 07:30:00-08:00,REAL_TIME_15_MIN,DLAP_SCE-APND,DLAP,50.37161,51.36383,-0.43236,-0.55987,0.0
2025-01-13 07:30:00-08:00,2025-01-13 07:30:00-08:00,2025-01-13 07:45:00-08:00,REAL_TIME_15_MIN,DLAP_SCE-APND,DLAP,47.59297,49.06019,-0.42714,-1.04008,0.0
2025-01-13 07:45:00-08:00,2025-01-13 07:45:00-08:00,2025-01-13 08:00:00-08:00,REAL_TIME_15_MIN,DLAP_SCE-APND,DLAP,38.95199,40.2292,-0.41228,-0.86493,0.0
2025-01-13 08:00:00-08:00,2025-01-13 08:00:00-08:00,2025-01-13 08:15:00-08:00,REAL_TIME_15_MIN,DLAP_SCE-APND,DLAP,46.22778,48.44998,-0.44892,-1.77327,0.0
2025-01-13 08:15:00-08:00,2025-01-13 08:15:00-08:00,2025-01-13 08:30:00-08:00,REAL_TIME_15_MIN,DLAP_SCE-APND,DLAP,34.94867,40.58872,-4.02462,-1.61543,0.0
2025-01-13 08:30:00-08:00,2025-01-13 08:30:00-08:00,2025-01-13 08:45:00-08:00,REAL_TIME_15_MIN,DLAP_SCE-APND,DLAP,33.52083,37.69694,-2.83033,-1.34578,0.0
2025-01-13 08:45:00-08:00,2025-01-13 08:45:00-08:00,2025-01-13 09:00:00-08:00,REAL_TIME_15_MIN,DLAP_SCE-APND,DLAP,24.91664,34.36929,-8.2944,-1.15825,0.0
2025-01-13 09:00:00-08:00,2025-01-13 09:00:00-08:00,2025-01-13 09:15:00-08:00,REAL_TIME_15_MIN,DLAP_SCE-APND,DLAP,28.01537,39.69167,-10.26725,-1.40905,0.0
2025-01-13 09:15:00-08:00,2025-01-13 09:15:00-08:00,2025-01-13 09:30:00-08:00,REAL_TIME_15_MIN,DLAP_SCE-APND,DLAP,26.31377,40.70851,-13.1287,-1.26603,0.0
2025-01-13 09:30:00-08:00,2025-01-13 09:30:00-08:00,2025-01-13 09:45:00-08:00,REAL_TIME_15_MIN,DLAP_SCE-APND,DLAP,22.13261,34.40998,-11.24163,-1.03574,0.0
2025-01-13 09:45:00-08:00,2025-01-13 09:45:00-08:00,2025-01-13 10:00:00-08:00,REAL_TIME_15_MIN,DLAP_SCE-APND,DLAP,15.85094,29.93567,-13.15073,-0.93399,0.0
2025-01-13 10:00:00-08:00,2025-01-13 10:00:00-08:00,2025-01-13 10:15:00-08:00,REAL_TIME_15_MIN,DLAP_SCE-APND,DLAP,20.78621,35.36647,-13.5228,-1.05746,0.0
2025-01-13 10:15:00-08:00,2025-01-13 10:15:00-08:00,2025-01-13 10:30:00-08:00,REAL_TIME_15_MIN,DLAP_SCE-APND,DLAP,16.33084,32.02916,-14.72143,-0.97689,0.0
2025-01-13 10:30:00-08:00,2025-01-13 10:30:00-08:00,2025-01-13 10:45:00-08:00,REAL_TIME_15_MIN,DLAP_SCE-APND,DLAP,13.00404,28.63468,-14.67711,-0.95353,0.0
2025-01-13 10:45:00-08:00,2025-01-13 10:45:00-08:00,2025-01-13 11:00:00-08:00,REAL_TIME_15_MIN,DLAP_SCE-APND,DLAP,6.85371,25.36392,-17.67827,-0.83194,0.0
2025-01-13 11:00:00-08:00,2025-01-13 11:00:00-08:00,2025-01-13 11:15:00-08:00,REAL_TIME_15_MIN,DLAP_SCE-APND,DLAP,6.12182,29.43821,-22.37436,-0.94202,0.0
2025-01-13 11:15:00-08:00,2025-01-13 11:15:00-08:00,2025-01-13 11:30:00-08:00,REAL_TIME_15_MIN,DLAP_SCE-APND,DLAP,5.34455,28.08171,-21.83854,-0.89861,0.0
2025-01-13 11:30:00-08:00,2025-01-13 11:30:00-08:00,2025-01-13 11:45:00-08:00,REAL_TIME_15_MIN,DLAP_SCE-APND,DLAP,3.48585,28.20678,-23.82677,-0.89415,0.0
2025-01-13 11:45:00-08:00,2025-01-13 11:45:00-08:00,2025-01-13 12:00:00-08:00,REAL_TIME_15_MIN,DLAP_SCE-APND,DLAP,5.73937,24.07355,-17.56863,-0.76554,0.0
2025-01-13 12:00:00-08:00,2025-01-13 12:00:00-08:00,2025-01-13 12:15:00-08:00,REAL_TIME_15_MIN,DLAP_SCE-APND,DLAP,12.98986,32.44648,-18.42806,-1.02855,0.0
2025-01-13 12:15:00-08:00,2025-01-13 12:15:00-08:00,2025-01-13 12:30:00-08:00,REAL_TIME_15_MIN,DLAP_SCE-APND,DLAP,10.85019,32.28628,-20.37709,-1.05899,0.0
2025-01-13 12:30:00-08:00,2025-01-13 12:30:00-08:00,2025-01-13 12:45:00-08:00,REAL_TIME_15_MIN,DLAP_SCE-APND,DLAP,4.87572,27.08671,-21.24128,-0.9697,0.0
2025-01-13 12:45:00-08:00,2025-01-13 12:45:00-08:00,2025-01-13 13:00:00-08:00,REAL_TIME_15_MIN,DLAP_SCE-APND,DLAP,4.59178,26.981,-21.45027,-0.93894,0.0
2025-01-13 13:00:00-08:00,2025-01-13 13:00:00-08:00,2025-01-13 13:15:00-08:00,REAL_TIME_15_MIN,DLAP_SCE-APND,DLAP,4.0642,28.31779,-23.26531,-0.98829,0.0
2025-01-13 13:15:00-08:00,2025-01-13 13:15:00-08:00,2025-01-13 13:30:00-08:00,REAL_TIME_15_MIN,DLAP_SCE-APND,DLAP,7.86901,26.77994,-18.00844,-0.90248,0.0
2025-01-13 13:30:00-08:00,2025-01-13 13:30:00-08:00,2025-01-13 13:45:00-08:00,REAL_TIME_15_MIN,DLAP_SCE-APND,DLAP,4.91738,28.07092,-22.1851,-0.96845,0.0
2025-01-13 13:45:00-08:00,2025-01-13 13:45:00-08:00,2025-01-13 14:00:00-08:00,REAL_TIME_15_MIN,DLAP_SCE-APND,DLAP,16.52673,31.45728,-13.87673,-1.05382,0.0
2025-01-13 14:00:00-08:00,2025-01-13 14:00:00-08:00,2025-01-13 14:15:00-08:00,REAL_TIME_15_MIN,DLAP_SCE-APND,DLAP,6.26966,23.44123,-16.28549,-0.88608,0.0
2025-01-13 14:15:00-08:00,2025-01-13 14:15:00-08:00,2025-01-13 14:30:00-08:00,REAL_TIME_15_MIN,DLAP_SCE-APND,DLAP,7.35472,25.66632,-17.38505,-0.92655,0.0
2025-01-13 14:30:00-08:00,2025-01-13 14:30:00-08:00,2025-01-13 14:45:00-08:00,REAL_TIME_15_MIN,DLAP_SCE-APND,DLAP,11.49264,26.7872,-14.33558,-0.95898,0.0
2025-01-13 14:45:00-08:00,2025-01-13 14:45:00-08:00,2025-01-13 15:00:00-08:00,REAL_TIME_15_MIN,DLAP_SCE-APND,DLAP,6.57473,24.42391,-17.00655,-0.84262,0.0
2025-01-13 15:00:00-08:00,2025-01-13 15:00:00-08:00,2025-01-13 15:15:00-08:00,REAL_TIME_15_MIN,DLAP_SCE-APND,DLAP,10.97265,24.35686,-12.47814,-0.90608,0.0
2025-01-13 15:15:00-08:00,2025-01-13 15:15:00-08:00,2025-01-13 15:30:00-08:00,REAL_TIME_15_MIN,DLAP_SCE-APND,DLAP,30.39534,36.90496,-5.40617,-1.10346,0.0
2025-01-13 15:30:00-08:00,2025-01-13 15:30:00-08:00,2025-01-13 15:45:00-08:00,REAL_TIME_15_MIN,DLAP_SCE-APND,DLAP,44.91463,47.40286,-0.77699,-1.71124,0.0
2025-01-13 15:45:00-08:00,2025-01-13 15:45:00-08:00,2025-01-13 16:00:00-08:00,REAL_TIME_15_MIN,DLAP_SCE-APND,DLAP,56.50396,57.37673,1.10672,-1.9795,0.0
2025-01-13 16:00:00-08:00,2025-01-13 16:00:00-08:00,2025-01-13 16:15:00-08:00,REAL_TIME_15_MIN,DLAP_SCE-APND,DLAP,42.99348,44.11943,0.23734,-1.36329,0.0
2025-01-13 16:15:00-08:00,2025-01-13 16:15:00-08:00,2025-01-13 16:30:00-08:00,REAL_TIME_15_MIN,DLAP_SCE-APND,DLAP,53.15018,55.3784,-0.42289,-1.80534,0.0
2025-01-13 16:30:00-08:00,2025-01-13 16:30:00-08:00,2025-01-13 16:45:00-08:00,REAL_TIME_15_MIN,DLAP_SCE-APND,DLAP,69.59285,72.34752,-0.3455,-2.40917,0.0
2025-01-13 16:45:00-08:00,2025-01-13 16:45:00-08:00,2025-01-13 17:00:00-08:00,REAL_TIME_15_MIN,DLAP_SCE-APND,DLAP,74.93814,77.33553,-0.44853,-1.94886,0.0
2025-01-13 17:00:00-08:00,2025-01-13 17:00:00-08:00,2025-01-13 17:15:00-08:00,REAL_TIME_15_MIN,DLAP_SCE-APND,DLAP,62.70616,64.38113,0.50755,-2.18252,0.0
2025-01-13 17:15:00-08:00,2025-01-13 17:15:00-08:00,2025-01-13 17:30:00-08:00,REAL_TIME_15_MIN,DLAP_SCE-APND,DLAP,66.226,67.70029,0.5838,-2.05809,0.0
2025-01-13 17:30:00-08:00,2025-01-13 17:30:00-08:00,2025-01-13 17:45:00-08:00,REAL_TIME_15_MIN,DLAP_SCE-APND,DLAP,70.77001,72.40738,0.71587,-2.35324,0.0
2025-01-13 17:45:00-08:00,2025-01-13 17:45:00-08:00,2025-01-13 18:00:00-08:00,REAL_TIME_15_MIN,DLAP_SCE-APND,DLAP,74.67223,76.15379,0.84113,-2.32269,0.0
2025-01-13 18:00:00-08:00,2025-01-13 18:00:00-08:00,2025-01-13 18:15:00-08:00,REAL_TIME_15_MIN,DLAP_SCE-APND,DLAP,66.65028,68.83236,0.08939,-2.27147,0.0
2025-01-13 18:15:00-08:00,2025-01-13 18:15:00-08:00,2025-01-13 18:30:00-08:00,REAL_TIME_15_MIN,DLAP_SCE-APND,DLAP,62.10784,63.66294,0.19563,-1.75073,0.0
2025-01-13 18:30:00-08:00,2025-01-13 18:30:00-08:00,2025-01-13 18:45:00-08:00,REAL_TIME_15_MIN,DLAP_SCE-APND,DLAP,60.92947,62.50481,0.14354,-1.71888,0.0
2025-01-13 18:45:00-08:00,2025-01-13 18:45:00-08:00,2025-01-13 19:00:00-08:00,REAL_TIME_15_MIN,DLAP_SCE-APND,DLAP,60.20947,61.55754,0.14163,-1.48969,0.0
2025-01-13 19:00:00-08:00,2025-01-13 19:00:00-08:00,2025-01-13 19:15:00-08:00,REAL_TIME_15_MIN,DLAP_SCE-APND,DLAP,61.242,62.34599,0.41101,-1.51501,0.0
2025-01-13 19:15:00-08:00,2025-01-13 19:15:00-08:00,2025-01-13 19:30:00-08:00,REAL_TIME_15_MIN,DLAP_SCE-APND,DLAP,61.34021,62.4508,0.33202,-1.44261,0.0
2025-01-13 19:30:00-08:00,2025-01-13 19:30:00-08:00,2025-01-13 19:45:00-08:00,REAL_TIME_15_MIN,DLAP_SCE-APND,DLAP,65.79748,67.1737,-0.01931,-1.35691,0.0
2025-01-13 19:45:00-08:00,2025-01-13 19:45:00-08:00,2025-01-13 20:00:00-08:00,REAL_TIME_15_MIN,DLAP_SCE-APND,DLAP,68.20497,69.69189,-0.23246,-1.25445,0.0
2025-01-13 20:00:00-08:00,2025-01-13 20:00:00-08:00,2025-01-13 20:15:00-08:00,REAL_TIME_15_MIN,DLAP_SCE-APND,DLAP,70.3662,72.1493,-0.48441,-1.29869,0.0
2025-01-13 20:15:00-08:00,2025-01-13 20:15:00-08:00,2025-01-13 20:30:00-08:00,REAL_TIME_15_MIN,DLAP_SCE-APND,DLAP,70.23267,72.07436,-0.48669,-1.355,0.0
2025-01-13 20:30:00-08:00,2025-01-13 20:30:00-08:00,2025-01-13 20:45:00-08:00,REAL_TIME_15_MIN,DLAP_SCE-APND,DLAP,72.3247,74.30963,-0.49131,-1.49362,0.0
2025-01-13 20:45:00-08:00,2025-01-13 20:45:00-08:00,2025-01-13 21:00:00-08:00,REAL_TIME_15_MIN,DLAP_SCE-APND,DLAP,71.30478,72.80566,-0.48888,-1.012,0.0
2025-01-13 21:00:00-08:00,2025-01-13 21:00:00-08:00,2025-01-13 21:15:00-08:00,REAL_TIME_15_MIN,DLAP_SCE-APND,DLAP,72.00092,73.77796,-0.36051,-1.41654,0.0
2025-01-13 21:15:00-08:00,2025-01-13 21:15:00-08:00,2025-01-13 21:30:00-08:00,REAL_TIME_15_MIN,DLAP_SCE-APND,DLAP,70.70807,72.30456,-0.36731,-1.22918,0.0
2025-01-13 21:30:00-08:00,2025-01-13 21:30:00-08:00,2025-01-13 21:45:00-08:00,REAL_TIME_15_MIN,DLAP_SCE-APND,DLAP,73.46582,75.00164,-0.4708,-1.06502,0.0
2025-01-13 21:45:00-08:00,2025-01-13 21:45:00-08:00,2025-01-13 22:00:00-08:00,REAL_TIME_15_MIN,DLAP_SCE-APND,DLAP,73.14641,74.66109,-0.49182,-1.02286,0.0
2025-01-13 22:00:00-08:00,2025-01-13 22:00:00-08:00,2025-01-13 22:15:00-08:00,REAL_TIME_15_MIN,DLAP_SCE-APND,DLAP,76.57382,78.08616,-0.49722,-1.01512,0.0
2025-01-13 22:15:00-08:00,2025-01-13 22:15:00-08:00,2025-01-13 22:30:00-08:00,REAL_TIME_15_MIN,DLAP_SCE-APND,DLAP,77.01064,78.60103,-0.49784,-1.09255,0.0
2025-01-13 22:30:00-08:00,2025-01-13 22:30:00-08:00,2025-01-13 22:45:00-08:00,REAL_TIME_15_MIN,DLAP_SCE-APND,DLAP,76.28653,77.6759,-0.4961,-0.89327,0.0
2025-01-13 22:45:00-08:00,2025-01-13 22:45:00-08:00,2025-01-13 23:00:00-08:00,REAL_TIME_15_MIN,DLAP_SCE-APND,DLAP,75.32303,76.53596,-0.4935,-0.71944,0.0
2025-01-13 23:00:00-08:00,2025-01-13 23:00:00-08:00,2025-01-13 23:15:00-08:00,REAL_TIME_15_MIN,DLAP_SCE-APND,DLAP,77.92926,79.18159,-0.50011,-0.75223,0.0
2025-01-13 23:15:00-08:00,2025-01-13 23:15:00-08:00,2025-01-13 23:30:00-08:00,REAL_TIME_15_MIN,DLAP_SCE-APND,DLAP,76.76624,77.98118,-0.49751,-0.71743,0.0
2025-01-13 23:30:00-08:00,2025-01-13 23:30:00-08:00,2025-01-13 23:45:00-08:00,REAL_TIME_15_MIN,DLAP_SCE-APND,DLAP,74.94694,76.03334,-0.49334,-0.59306,0.0
2025-01-13 23:45:00-08:00,2025-01-13 23:45:00-08:00,2025-01-14 00:00:00-08:00,REAL_TIME_15_MIN,DLAP_SCE-APND,DLAP,75.62886,76.69851,-0.49442,-0.57524,0.0
2025-01-14 00:00:00-08:00,2025-01-14 00:00:00-08:00,2025-01-14 00:15:00-08:00,REAL_TIME_15_MIN,DLAP_SCE-APND,DLAP,69.43549,70.2188,-0.48136,-0.30194,0.0
2025-01-14 00:15:00-08:00,2025-01-14 00:15:00-08:00,2025-01-14 00:30:00-08:00,REAL_TIME_15_MIN,DLAP_SCE-APND,DLAP,68.74762,69.6454,-0.47991,-0.41787,0.0
2025-01-14 00:30:00-08:00,2025-01-14 00:30:00-08:00,2025-01-14 00:45:00-08:00,REAL_TIME_15_MIN,DLAP_SCE-APND,DLAP,66.22938,67.04557,-0.47426,-0.34193,0.0
2025-01-14 00:45:00-08:00,2025-01-14 00:45:00-08:00,2025-01-14 01:00:00-08:00,REAL_TIME_15_MIN,DLAP_SCE-APND,DLAP,62.36952,62.91553,-0.44534,-0.10066,0.0
2025-01-14 01:00:00-08:00,2025-01-14 01:00:00-08:00,2025-01-14 01:15:00-08:00,REAL_TIME_15_MIN,DLAP_SCE-APND,DLAP,66.23486,67.08642,-0.47588,-0.37568,0.0
2025-01-14 01:15:00-08:00,2025-01-14 01:15:00-08:00,2025-01-14 01:30:00-08:00,REAL_TIME_15_MIN,DLAP_SCE-APND,DLAP,66.11978,66.91653,-0.47555,-0.3212,0.0
2025-01-14 01:30:00-08:00,2025-01-14 01:30:00-08:00,2025-01-14 01:45:00-08:00,REAL_TIME_15_MIN,DLAP_SCE-APND,DLAP,63.68527,64.30966,-0.47005,-0.15434,0.0
2025-01-14 01:45:00-08:00,2025-01-14 01:45:00-08:00,2025-01-14 02:00:00-08:00,REAL_TIME_15_MIN,DLAP_SCE-APND,DLAP,63.45358,64.22063,-0.49091,-0.27615,0.0
2025-01-14 02:00:00-08:00,2025-01-14 02:00:00-08:00,2025-01-14 02:15:00-08:00,REAL_TIME_15_MIN,DLAP_SCE-APND,DLAP,63.51854,64.04795,-0.49098,-0.03843,0.0
2025-01-14 02:15:00-08:00,2025-01-14 02:15:00-08:00,2025-01-14 02:30:00-08:00,REAL_TIME_15_MIN,DLAP_SCE-APND,DLAP,62.90714,63.54286,-0.48957,-0.14615,0.0
2025-01-14 02:30:00-08:00,2025-01-14 02:30:00-08:00,2025-01-14 02:45:00-08:00,REAL_TIME_15_MIN,DLAP_SCE-APND,DLAP,63.27621,63.90711,-0.49031,-0.1406,0.0
2025-01-14 02:45:00-08:00,2025-01-14 02:45:00-08:00,2025-01-14 03:00:00-08:00,REAL_TIME_15_MIN,DLAP_SCE-APND,DLAP,64.55573,65.22492,-0.49308,-0.17611,0.0
2025-01-14 03:00:00-08:00,2025-01-14 03:00:00-08:00,2025-01-14 03:15:00-08:00,REAL_TIME_15_MIN,DLAP_SCE-APND,DLAP,66.22641,67.01156,-0.497,-0.28815,0.0
2025-01-14 03:15:00-08:00,2025-01-14 03:15:00-08:00,2025-01-14 03:30:00-08:00,REAL_TIME_15_MIN,DLAP_SCE-APND,DLAP,66.20566,66.93687,-0.49694,-0.23428,0.0
2025-01-14 03:30:00-08:00,2025-01-14 03:30:00-08:00,2025-01-14 03:45:00-08:00,REAL_TIME_15_MIN,DLAP_SCE-APND,DLAP,68.57173,69.4283,-0.50248,-0.35408,0.0
2025-01-14 03:45:00-08:00,2025-01-14 03:45:00-08:00,2025-01-14 04:00:00-08:00,REAL_TIME_15_MIN,DLAP_SCE-APND,DLAP,67.68464,68.74194,-0.50048,-0.55681,0.0
2025-01-14 04:00:00-08:00,2025-01-14 04:00:00-08:00,2025-01-14 04:15:00-08:00,REAL_TIME_15_MIN,DLAP_SCE-APND,DLAP,65.7274,66.52203,-0.47532,-0.31931,0.0
2025-01-14 04:15:00-08:00,2025-01-14 04:15:00-08:00,2025-01-14 04:30:00-08:00,REAL_TIME_15_MIN,DLAP_SCE-APND,DLAP,66.15841,66.82853,-0.47632,-0.1938,0.0
2025-01-14 04:30:00-08:00,2025-01-14 04:30:00-08:00,2025-01-14 04:45:00-08:00,REAL_TIME_15_MIN,DLAP_SCE-APND,DLAP,69.60469,70.34905,-0.48407,-0.26029,0.0
2025-01-14 04:45:00-08:00,2025-01-14 04:45:00-08:00,2025-01-14 05:00:00-08:00,REAL_TIME_15_MIN,DLAP_SCE-APND,DLAP,73.84038,74.47509,-0.49321,-0.1415,0.0
2025-01-14 05:00:00-08:00,2025-01-14 05:00:00-08:00,2025-01-14 05:15:00-08:00,REAL_TIME_15_MIN,DLAP_SCE-APND,DLAP,69.90144,69.88746,0.0,0.01398,0.0
2025-01-14 05:15:00-08:00,2025-01-14 05:15:00-08:00,2025-01-14 05:30:00-08:00,REAL_TIME_15_MIN,DLAP_SCE-APND,DLAP,74.74161,74.68933,0.0,0.05228,0.0
2025-01-14 05:30:00-08:00,2025-01-14 05:30:00-08:00,2025-01-14 05:45:00-08:00,REAL_TIME_15_MIN,DLAP_SCE-APND,DLAP,85.99204,85.88039,0.0,0.11164,0.0
2025-01-14 05:45:00-08:00,2025-01-14 05:45:00-08:00,2025-01-14 06:00:00-08:00,REAL_TIME_15_MIN,DLAP_SCE-APND,DLAP,92.39961,92.35344,0.0,0.04618,0.0
2025-01-14 06:00:00-08:00,2025-01-14 06:00:00-08:00,2025-01-14 06:15:00-08:00,REAL_TIME_15_MIN,DLAP_SCE-APND,DLAP,85.34359,86.13807,-0.51884,-0.27564,0.0
2025-01-14 06:15:00-08:00,2025-01-14 06:15:00-08:00,2025-01-14 06:30:00-08:00,REAL_TIME_15_MIN,DLAP_SCE-APND,DLAP,96.79611,97.79979,-0.54402,-0.45966,0.0
2025-01-14 06:30:00-08:00,2025-01-14 06:30:00-08:00,2025-01-14 06:45:00-08:00,REAL_TIME_15_MIN,DLAP_SCE-APND,DLAP,96.07436,97.51435,-0.54286,-0.89713,0.0
2025-01-14 06:45:00-08:00,2025-01-14 06:45:00-08:00,2025-01-14 07:00:00-08:00,REAL_TIME_15_MIN,DLAP_SCE-APND,DLAP,89.87041,91.44783,-0.55321,-1.02422,0.0
2025-01-14 07:00:00-08:00,2025-01-14 07:00:00-08:00,2025-01-14 07:15:00-08:00,REAL_TIME_15_MIN,DLAP_SCE-APND,DLAP,92.19564,92.73108,-0.53544,0.0,0.0
2025-01-14 07:15:00-08:00,2025-01-14 07:15:00-08:00,2025-01-14 07:30:00-08:00,REAL_TIME_15_MIN,DLAP_SCE-APND,DLAP,86.92866,87.4524,-0.52374,0.0,0.0
2025-01-14 07:30:00-08:00,2025-01-14 07:30:00-08:00,2025-01-14 07:45:00-08:00,REAL_TIME_15_MIN,DLAP_SCE-APND,DLAP,63.06408,64.81057,-1.74649,0.0,0.0
2025-01-14 07:45:00-08:00,2025-01-14 07:45:00-08:00,2025-01-14 08:00:00-08:00,REAL_TIME_15_MIN,DLAP_SCE-APND,DLAP,52.03147,51.06915,0.96232,0.0,0.0
2025-01-14 08:00:00-08:00,2025-01-14 08:00:00-08:00,2025-01-14 08:15:00-08:00,REAL_TIME_15_MIN,DLAP_SCE-APND,DLAP,58.30456,59.71265,1.46408,-2.87218,0.0
2025-01-14 08:15:00-08:00,2025-01-14 08:15:00-08:00,2025-01-14 08:30:00-08:00,REAL_TIME_15_MIN,DLAP_SCE-APND,DLAP,48.71763,52.00848,-0.73723,-2.55362,0.0
2025-01-14 08:30:00-08:00,2025-01-14 08:30:00-08:00,2025-01-14 08:45:00-08:00,REAL_TIME_15_MIN,DLAP_SCE-APND,DLAP,42.70503,46.0709,-1.40785,-1.95801,0.0
2025-01-14 08:45:00-08:00,2025-01-14 08:45:00-08:00,2025-01-14 09:00:00-08:00,REAL_TIME_15_MIN,DLAP_SCE-APND,DLAP,33.87681,40.44564,-5.30288,-1.26595,0.0
2025-01-14 09:00:00-08:00,2025-01-14 09:00:00-08:00,2025-01-14 09:15:00-08:00,REAL_TIME_15_MIN,DLAP_SCE-APND,DLAP,38.34688,47.22456,-7.35232,-1.52535,0.0
2025-01-14 09:15:00-08:00,2025-01-14 09:15:00-08:00,2025-01-14 09:30:00-08:00,REAL_TIME_15_MIN,DLAP_SCE-APND,DLAP,30.00663,41.8767,-10.5007,-1.36937,0.0
2025-01-14 09:30:00-08:00,2025-01-14 09:30:00-08:00,2025-01-14 09:45:00-08:00,REAL_TIME_15_MIN,DLAP_SCE-APND,DLAP,22.04601,36.51421,-13.24863,-1.21957,0.0
2025-01-14 09:45:00-08:00,2025-01-14 09:45:00-08:00,2025-01-14 10:00:00-08:00,REAL_TIME_15_MIN,DLAP_SCE-APND,DLAP,16.34915,31.94759,-14.44833,-1.15011,0.0
2025-01-14 10:00:00-08:00,2025-01-14 10:00:00-08:00,2025-01-14 10:15:00-08:00,REAL_TIME_15_MIN,DLAP_SCE-APND,DLAP,20.56233,37.24252,-15.42884,-1.25135,0.0
2025-01-14 10:15:00-08:00,2025-01-14 10:15:00-08:00,2025-01-14 10:30:00-08:00,REAL_TIME_15_MIN,DLAP_SCE-APND,DLAP,17.9408,37.99345,-18.68488,-1.36776,0.0
2025-01-14 10:30:00-08:00,2025-01-14 10:30:00-08:00,2025-01-14 10:45:00-08:00,REAL_TIME_15_MIN,DLAP_SCE-APND,DLAP,10.18064,30.27048,-18.98799,-1.10185,0.0
2025-01-14 10:45:00-08:00,2025-01-14 10:45:00-08:00,2025-01-14 11:00:00-08:00,REAL_TIME_15_MIN,DLAP_SCE-APND,DLAP,7.12914,25.62818,-17.51492,-0.98412,0.0
2025-01-14 11:00:00-08:00,2025-01-14 11:00:00-08:00,2025-01-14 11:15:00-08:00,REAL_TIME_15_MIN,DLAP_SCE-APND,DLAP,14.91752,31.12247,-15.0223,-1.18265,0.0
2025-01-14 11:15:00-08:00,2025-01-14 11:15:00-08:00,2025-01-14 11:30:00-08:00,REAL_TIME_15_MIN,DLAP_SCE-APND,DLAP,12.64264,28.97032,-15.22681,-1.10087,0.0
2025-01-14 11:30:00-08:00,2025-01-14 11:30:00-08:00,2025-01-14 11:45:00-08:00,REAL_TIME_15_MIN,DLAP_SCE-APND,DLAP,5.92516,26.45539,-19.52757,-1.00266,0.0
2025-01-14 11:45:00-08:00,2025-01-14 11:45:00-08:00,2025-01-14 12:00:00-08:00,REAL_TIME_15_MIN,DLAP_SCE-APND,DLAP,5.48455,26.0581,-19.58855,-0.985,0.0
2025-01-14 12:00:00-08:00,2025-01-14 12:00:00-08:00,2025-01-14 12:15:00-08:00,REAL_TIME_15_MIN,DLAP_SCE-APND,DLAP,14.62827,30.64512,-14.78492,-1.23193,0.0
2025-01-14 12:15:00-08:00,2025-01-14 12:15:00-08:00,2025-01-14 12:30:00-08:00,REAL_TIME_15_MIN,DLAP_SCE-APND,DLAP,12.57627,30.16769,-16.41789,-1.17352,0.0
2025-01-14 12:30:00-08:00,2025-01-14 12:30:00-08:00,2025-01-14 12:45:00-08:00,REAL_TIME_15_MIN,DLAP_SCE-APND,DLAP,1.34739,24.36397,-22.08343,-0.93314,0.0
2025-01-14 12:45:00-08:00,2025-01-14 12:45:00-08:00,2025-01-14 13:00:00-08:00,REAL_TIME_15_MIN,DLAP_SCE-APND,DLAP,1.74888,24.4883,-21.83336,-0.90607,0.0
2025-01-14 13:00:00-08:00,2025-01-14 13:00:00-08:00,2025-01-14 13:15:00-08:00,REAL_TIME_15_MIN,DLAP_SCE-APND,DLAP,1.10378,24.24757,-22.22965,-0.91413,0.0
2025-01-14 13:15:00-08:00,2025-01-14 13:15:00-08:00,2025-01-14 13:30:00-08:00,REAL_TIME_15_MIN,DLAP_SCE-APND,DLAP,0.43854,23.67965,-22.30103,-0.94008,0.0
2025-01-14 13:30:00-08:00,2025-01-14 13:30:00-08:00,2025-01-14 13:45:00-08:00,REAL_TIME_15_MIN,DLAP_SCE-APND,DLAP,-0.27865,22.92884,-22.2697,-0.93779,0.0
2025-01-14 13:45:00-08:00,2025-01-14 13:45:00-08:00,2025-01-14 14:00:00-08:00,REAL_TIME_15_MIN,DLAP_SCE-APND,DLAP,-0.55488,23.31663,-22.9575,-0.91401,0.0
2025-01-14 14:00:00-08:00,2025-01-14 14:00:00-08:00,2025-01-14 14:15:00-08:00,REAL_TIME_15_MIN,DLAP_SCE-APND,DLAP,-1.10502,21.96406,-22.19051,-0.87856,0.0
2025-01-14 14:15:00-08:00,2025-01-14 14:15:00-08:00,2025-01-14 14:30:00-08:00,REAL_TIME_15_MIN,DLAP_SCE-APND,DLAP,-1.4023,21.68308,-22.19854,-0.88684,0.0
2025-01-14 14:30:00-08:00,2025-01-14 14:30:00-08:00,2025-01-14 14:45:00-08:00,REAL_TIME_15_MIN,DLAP_SCE-APND,DLAP,-1.75087,23.10636,-23.92604,-0.93119,0.0
2025-01-14 14:45:00-08:00,2025-01-14 14:45:00-08:00,2025-01-14 15:00:00-08:00,REAL_TIME_15_MIN,DLAP_SCE-APND,DLAP,1.04323,25.06761,-23.08184,-0.94254,0.0
2025-01-14 15:00:00-08:00,2025-01-14 15:00:00-08:00,2025-01-14 15:15:00-08:00,REAL_TIME_15_MIN,DLAP_SCE-APND,DLAP,-2.47581,20.72497,-22.35727,-0.84351,0.0
2025-01-14 15:15:00-08:00,2025-01-14 15:15:00-08:00,2025-01-14 15:30:00-08:00,REAL_TIME_15_MIN,DLAP_SCE-APND,DLAP,5.99651,26.55683,-19.5246,-1.03572,0.0
2025-01-14 15:30:00-08:00,2025-01-14 15:30:00-08:00,2025-01-14 15:45:00-08:00,REAL_TIME_15_MIN,DLAP_SCE-APND,DLAP,34.32401,45.86438,-9.99015,-1.55022,0.0
2025-01-14 15:45:00-08:00,2025-01-14 15:45:00-08:00,2025-01-14 16:00:00-08:00,REAL_TIME_15_MIN,DLAP_SCE-APND,DLAP,51.13151,55.17564,-2.17367,-1.87045,0.0
2025-01-14 16:00:00-08:00,2025-01-14 16:00:00-08:00,2025-01-14 16:15:00-08:00,REAL_TIME_15_MIN,DLAP_SCE-APND,DLAP,41.89148,43.08024,-0.38315,-0.8056,0.0
2025-01-14 16:15:00-08:00,2025-01-14 16:15:00-08:00,2025-01-14 16:30:00-08:00,REAL_TIME_15_MIN,DLAP_SCE-APND,DLAP,50.63797,52.17573,-0.40032,-1.13743,0.0
2025-01-14 16:30:00-08:00,2025-01-14 16:30:00-08:00,2025-01-14 16:45:00-08:00,REAL_TIME_15_MIN,DLAP_SCE-APND,DLAP,56.73066,57.86844,0.06009,-1.19788,0.0
2025-01-14 16:45:00-08:00,2025-01-14 16:45:00-08:00,2025-01-14 17:00:00-08:00,REAL_TIME_15_MIN,DLAP_SCE-APND,DLAP,67.51895,69.04429,0.00053,-1.52588,0.0
2025-01-14 17:00:00-08:00,2025-01-14 17:00:00-08:00,2025-01-14 17:15:00-08:00,REAL_TIME_15_MIN,DLAP_SCE-APND,DLAP,59.77098,60.21589,0.42823,-0.87313,0.0
2025-01-14 17:15:00-08:00,2025-01-14 17:15:00-08:00,2025-01-14 17:30:00-08:00,REAL_TIME_15_MIN,DLAP_SCE-APND,DLAP,59.33757,59.98767,0.42368,-1.07378,0.0
2025-01-14 17:30:00-08:00,2025-01-14 17:30:00-08:00,2025-01-14 17:45:00-08:00,REAL_TIME_15_MIN,DLAP_SCE-APND,DLAP,62.4992,63.21955,0.50611,-1.22646,0.0
2025-01-14 17:45:00-08:00,2025-01-14 17:45:00-08:00,2025-01-14 18:00:00-08:00,REAL_TIME_15_MIN,DLAP_SCE-APND,DLAP,66.654,67.51587,0.60322,-1.46509,0.0
2025-01-14 18:00:00-08:00,2025-01-14 18:00:00-08:00,2025-01-14 18:15:00-08:00,REAL_TIME_15_MIN,DLAP_SCE-APND,DLAP,61.30805,61.71319,0.97724,-1.38238,0.0
2025-01-14 18:15:00-08:00,2025-01-14 18:15:00-08:00,2025-01-14 18:30:00-08:00,REAL_TIME_15_MIN,DLAP_SCE-APND,DLAP,61.07819,61.96766,0.54198,-1.43145,0.0
2025-01-14 18:30:00-08:00,2025-01-14 18:30:00-08:00,2025-01-14 18:45:00-08:00,REAL_TIME_15_MIN,DLAP_SCE-APND,DLAP,61.04906,62.07156,0.34928,-1.37178,0.0
2025-01-14 18:45:00-08:00,2025-01-14 18:45:00-08:00,2025-01-14 19:00:00-08:00,REAL_TIME_15_MIN,DLAP_SCE-APND,DLAP,62.27192,62.91353,0.62295,-1.26456,0.0
2025-01-14 19:00:00-08:00,2025-01-14 19:00:00-08:00,2025-01-14 19:15:00-08:00,REAL_TIME_15_MIN,DLAP_SCE-APND,DLAP,64.7673,66.04323,0.08456,-1.36049,0.0
2025-01-14 19:15:00-08:00,2025-01-14 19:15:00-08:00,2025-01-14 19:30:00-08:00,REAL_TIME_15_MIN,DLAP_SCE-APND,DLAP,62.48248,63.63276,0.02692,-1.17721,0.0
2025-01-14 19:30:00-08:00,2025-01-14 19:30:00-08:00,2025-01-14 19:45:00-08:00,REAL_TIME_15_MIN,DLAP_SCE-APND,DLAP,60.51559,62.08564,-0.42146,-1.14858,0.0
2025-01-14 19:45:00-08:00,2025-01-14 19:45:00-08:00,2025-01-14 20:00:00-08:00,REAL_TIME_15_MIN,DLAP_SCE-APND,DLAP,59.57838,60.83151,0.0,-1.25313,0.0
2025-01-14 20:00:00-08:00,2025-01-14 20:00:00-08:00,2025-01-14 20:15:00-08:00,REAL_TIME_15_MIN,DLAP_SCE-APND,DLAP,57.83907,59.33108,-0.40033,-1.09169,0.0
2025-01-14 20:15:00-08:00,2025-01-14 20:15:00-08:00,2025-01-14 20:30:00-08:00,REAL_TIME_15_MIN,DLAP_SCE-APND,DLAP,57.80611,59.27016,-0.40904,-1.05501,0.0
2025-01-14 20:30:00-08:00,2025-01-14 20:30:00-08:00,2025-01-14 20:45:00-08:00,REAL_TIME_15_MIN,DLAP_SCE-APND,DLAP,58.1775,59.40225,-0.41688,-0.80787,0.0
2025-01-14 20:45:00-08:00,2025-01-14 20:45:00-08:00,2025-01-14 21:00:00-08:00,REAL_TIME_15_MIN,DLAP_SCE-APND,DLAP,57.75369,58.46107,0.0,-0.70738,0.0
2025-01-14 21:00:00-08:00,2025-01-14 21:00:00-08:00,2025-01-14 21:15:00-08:00,REAL_TIME_15_MIN,DLAP_SCE-APND,DLAP,64.43023,65.95562,-0.35798,-1.16741,0.0
2025-01-14 21:15:00-08:00,2025-01-14 21:15:00-08:00,2025-01-14 21:30:00-08:00,REAL_TIME_15_MIN,DLAP_SCE-APND,DLAP,61.11144,62.51606,-0.42312,-0.9815,0.0
2025-01-14 21:30:00-08:00,2025-01-14 21:30:00-08:00,2025-01-14 21:45:00-08:00,REAL_TIME_15_MIN,DLAP_SCE-APND,DLAP,61.22431,62.33944,-0.42316,-0.69197,0.0
2025-01-14 21:45:00-08:00,2025-01-14 21:45:00-08:00,2025-01-14 22:00:00-08:00,REAL_TIME_15_MIN,DLAP_SCE-APND,DLAP,59.9795,60.5059,0.0,-0.5264,0.0
2025-01-14 22:00:00-08:00,2025-01-14 22:00:00-08:00,2025-01-14 22:15:00-08:00,REAL_TIME_15_MIN,DLAP_SCE-APND,DLAP,61.91759,63.32341,-0.42432,-0.98151,0.0
2025-01-14 22:15:00-08:00,2025-01-14 22:15:00-08:00,2025-01-14 22:30:00-08:00,REAL_TIME_15_MIN,DLAP_SCE-APND,DLAP,62.15882,63.33718,-0.42465,-0.75371,0.0
2025-01-14 22:30:00-08:00,2025-01-14 22:30:00-08:00,2025-01-14 22:45:00-08:00,REAL_TIME_15_MIN,DLAP_SCE-APND,DLAP,59.63354,60.56785,-0.41949,-0.51483,0.0
2025-01-14 22:45:00-08:00,2025-01-14 22:45:00-08:00,2025-01-14 23:00:00-08:00,REAL_TIME_15_MIN,DLAP_SCE-APND,DLAP,56.22887,56.54553,0.0,-0.31665,0.0
2025-01-14 23:00:00-08:00,2025-01-14 23:00:00-08:00,2025-01-14 23:15:00-08:00,REAL_TIME_15_MIN,DLAP_SCE-APND,DLAP,59.80506,60.67761,-0.44173,-0.43081,0.0
2025-01-14 23:15:00-08:00,2025-01-14 23:15:00-08:00,2025-01-14 23:30:00-08:00,REAL_TIME_15_MIN,DLAP_SCE-APND,DLAP,58.61257,59.58811,-0.43925,-0.53629,0.0
2025-01-14 23:30:00-08:00,2025-01-14 23:30:00-08:00,2025-01-14 23:45:00-08:00,REAL_TIME_15_MIN,DLAP_SCE-APND,DLAP,56.48879,57.36529,-0.43479,-0.44171,0.0
2025-01-14 23:45:00-08:00,2025-01-14 23:45:00-08:00,2025-01-15 00:00:00-08:00,REAL_TIME_15_MIN,DLAP_SCE-APND,DLAP,53.84135,54.60986,-0.40808,-0.36043,0.0
2025-01-15 00:00:00-08:00,2025-01-15 00:00:00-08:00,2025-01-15 00:15:00-08:00,REAL_TIME_15_MIN,DLAP_SCE-APND,DLAP,53.38578,53.96487,-0.42799,-0.1511,0.0
2025-01-15 00:15:00-08:00,2025-01-15 00:15:00-08:00,2025-01-15 00:30:00-08:00,REAL_TIME_15_MIN,DLAP_SCE-APND,DLAP,53.33875,53.79887,-0.42784,-0.03228,0.0
2025-01-15 00:30:00-08:00,2025-01-15 00:30:00-08:00,2025-01-15 00:45:00-08:00,REAL_TIME_15_MIN,DLAP_SCE-APND,DLAP,50.64716,51.05914,-0.42219,0.01021,0.0
2025-01-15 00:45:00-08:00,2025-01-15 00:45:00-08:00,2025-01-15 01:00:00-08:00,REAL_TIME_15_MIN,DLAP_SCE-APND,DLAP,49.59561,49.95073,-0.42005,0.06494,0.0
2025-01-15 01:00:00-08:00,2025-01-15 01:00:00-08:00,2025-01-15 01:15:00-08:00,REAL_TIME_15_MIN,DLAP_SCE-APND,DLAP,50.22466,50.8578,-0.46023,-0.17292,0.0
2025-01-15 01:15:00-08:00,2025-01-15 01:15:00-08:00,2025-01-15 01:30:00-08:00,REAL_TIME_15_MIN,DLAP_SCE-APND,DLAP,50.18113,50.81403,-0.46013,-0.17277,0.0
2025-01-15 01:30:00-08:00,2025-01-15 01:30:00-08:00,2025-01-15 01:45:00-08:00,REAL_TIME_15_MIN,DLAP_SCE-APND,DLAP,49.13342,49.71541,-0.4577,-0.12429,0.0
2025-01-15 01:45:00-08:00,2025-01-15 01:45:00-08:00,2025-01-15 02:00:00-08:00,REAL_TIME_15_MIN,DLAP_SCE-APND,DLAP,48.54702,49.10645,-0.45631,-0.10312,0.0
2025-01-15 02:00:00-08:00,2025-01-15 02:00:00-08:00,2025-01-15 02:15:00-08:00,REAL_TIME_15_MIN,DLAP_SCE-APND,DLAP,50.07205,50.75504,-0.45967,-0.22332,0.0
2025-01-15 02:15:00-08:00,2025-01-15 02:15:00-08:00,2025-01-15 02:30:00-08:00,REAL_TIME_15_MIN,DLAP_SCE-APND,DLAP,49.78864,50.43931,-0.459,-0.19167,0.0
2025-01-15 02:30:00-08:00,2025-01-15 02:30:00-08:00,2025-01-15 02:45:00-08:00,REAL_TIME_15_MIN,DLAP_SCE-APND,DLAP,48.61345,49.24705,-0.45631,-0.17729,0.0
2025-01-15 02:45:00-08:00,2025-01-15 02:45:00-08:00,2025-01-15 03:00:00-08:00,REAL_TIME_15_MIN,DLAP_SCE-APND,DLAP,50.01114,50.72934,-0.45947,-0.25872,0.0
2025-01-15 03:00:00-08:00,2025-01-15 03:00:00-08:00,2025-01-15 03:15:00-08:00,REAL_TIME_15_MIN,DLAP_SCE-APND,DLAP,50.17952,50.94529,-0.4601,-0.30567,0.0
2025-01-15 03:15:00-08:00,2025-01-15 03:15:00-08:00,2025-01-15 03:30:00-08:00,REAL_TIME_15_MIN,DLAP_SCE-APND,DLAP,50.16432,50.95042,-0.46002,-0.32608,0.0
2025-01-15 03:30:00-08:00,2025-01-15 03:30:00-08:00,2025-01-15 03:45:00-08:00,REAL_TIME_15_MIN,DLAP_SCE-APND,DLAP,49.83213,50.59499,-0.4593,-0.30357,0.0
2025-01-15 03:45:00-08:00,2025-01-15 03:45:00-08:00,2025-01-15 04:00:00-08:00,REAL_TIME_15_MIN,DLAP_SCE-APND,DLAP,49.76754,50.57053,-0.45911,-0.34388,0.0
2025-01-15 04:00:00-08:00,2025-01-15 04:00:00-08:00,2025-01-15 04:15:00-08:00,REAL_TIME_15_MIN,DLAP_SCE-APND,DLAP,48.26822,48.85628,-0.45614,-0.13191,0.0
2025-01-15 04:15:00-08:00,2025-01-15 04:15:00-08:00,2025-01-15 04:30:00-08:00,REAL_TIME_15_MIN,DLAP_SCE-APND,DLAP,48.32729,48.91569,-0.45632,-0.13207,0.0
2025-01-15 04:30:00-08:00,2025-01-15 04:30:00-08:00,2025-01-15 04:45:00-08:00,REAL_TIME_15_MIN,DLAP_SCE-APND,DLAP,48.85634,49.48715,-0.45761,-0.17321,0.0
2025-01-15 04:45:00-08:00,2025-01-15 04:45:00-08:00,2025-01-15 05:00:00-08:00,REAL_TIME_15_MIN,DLAP_SCE-APND,DLAP,52.93738,53.56484,-0.46677,-0.16069,0.0
2025-01-15 05:00:00-08:00,2025-01-15 05:00:00-08:00,2025-01-15 05:15:00-08:00,REAL_TIME_15_MIN,DLAP_SCE-APND,DLAP,48.72262,48.66909,0.0,0.05354,0.0
2025-01-15 05:15:00-08:00,2025-01-15 05:15:00-08:00,2025-01-15 05:30:00-08:00,REAL_TIME_15_MIN,DLAP_SCE-APND,DLAP,50.15493,50.11984,0.0,0.03508,0.0
2025-01-15 05:30:00-08:00,2025-01-15 05:30:00-08:00,2025-01-15 05:45:00-08:00,REAL_TIME_15_MIN,DLAP_SCE-APND,DLAP,54.37228,54.42126,0.0,-0.04898,0.0
2025-01-15 05:45:00-08:00,2025-01-15 05:45:00-08:00,2025-01-15 06:00:00-08:00,REAL_TIME_15_MIN,DLAP_SCE-APND,DLAP,59.66665,59.82218,0.0,-0.15554,0.0
2025-01-15 06:00:00-08:00,2025-01-15 06:00:00-08:00,2025-01-15 06:15:00-08:00,REAL_TIME_15_MIN,DLAP_SCE-APND,DLAP,50.60146,51.12465,-0.46185,-0.06135,0.0
2025-01-15 06:15:00-08:00,2025-01-15 06:15:00-08:00,2025-01-15 06:30:00-08:00,REAL_TIME_15_MIN,DLAP_SCE-APND,DLAP,57.99094,58.75196,-0.47901,-0.28201,0.0
2025-01-15 06:30:00-08:00,2025-01-15 06:30:00-08:00,2025-01-15 06:45:00-08:00,REAL_TIME_15_MIN,DLAP_SCE-APND,DLAP,59.32297,60.08759,-0.48221,-0.28241,0.0
2025-01-15 06:45:00-08:00,2025-01-15 06:45:00-08:00,2025-01-15 07:00:00-08:00,REAL_TIME_15_MIN,DLAP_SCE-APND,DLAP,61.73,62.60573,-0.48757,-0.38816,0.0
2025-01-15 07:00:00-08:00,2025-01-15 07:00:00-08:00,2025-01-15 07:15:00-08:00,REAL_TIME_15_MIN,DLAP_SCE-APND,DLAP,56.62403,58.01931,-0.45537,-0.93991,0.0
2025-01-15 07:15:00-08:00,2025-01-15 07:15:00-08:00,2025-01-15 07:30:00-08:00,REAL_TIME_15_MIN,DLAP_SCE-APND,DLAP,51.50467,53.40672,-0.44405,-1.458,0.0
2025-01-15 07:30:00-08:00,2025-01-15 07:30:00-08:00,2025-01-15 07:45:00-08:00,REAL_TIME_15_MIN,DLAP_SCE-APND,DLAP,45.27394,46.89984,0.06719,-1.69308,0.0
2025-01-15 07:45:00-08:00,2025-01-15 07:45:00-08:00,2025-01-15 08:00:00-08:00,REAL_TIME_15_MIN,DLAP_SCE-APND,DLAP,37.24266,37.84539,0.72564,-1.32837,0.0
2025-01-15 08:00:00-08:00,2025-01-15 08:00:00-08:00,2025-01-15 08:15:00-08:00,REAL_TIME_15_MIN,DLAP_SCE-APND,DLAP,45.91464,50.03397,-1.99789,-2.12144,0.0
2025-01-15 08:15:00-08:00,2025-01-15 08:15:00-08:00,2025-01-15 08:30:00-08:00,REAL_TIME_15_MIN,DLAP_SCE-APND,DLAP,39.53047,45.64335,-4.23694,-1.87594,0.0
2025-01-15 08:30:00-08:00,2025-01-15 08:30:00-08:00,2025-01-15 08:45:00-08:00,REAL_TIME_15_MIN,DLAP_SCE-APND,DLAP,20.39299,32.19523,-10.35024,-1.45201,0.0
2025-01-15 08:45:00-08:00,2025-01-15 08:45:00-08:00,2025-01-15 09:00:00-08:00,REAL_TIME_15_MIN,DLAP_SCE-APND,DLAP,1.37253,23.76876,-21.43122,-0.96501,0.0
2025-01-15 09:00:00-08:00,2025-01-15 09:00:00-08:00,2025-01-15 09:15:00-08:00,REAL_TIME_15_MIN,DLAP_SCE-APND,DLAP,6.79106,32.74378,-24.64952,-1.3032,0.0
2025-01-15 09:15:00-08:00,2025-01-15 09:15:00-08:00,2025-01-15 09:30:00-08:00,REAL_TIME_15_MIN,DLAP_SCE-APND,DLAP,-0.57454,27.43046,-26.97636,-1.02864,0.0
2025-01-15 09:30:00-08:00,2025-01-15 09:30:00-08:00,2025-01-15 09:45:00-08:00,REAL_TIME_15_MIN,DLAP_SCE-APND,DLAP,-2.2325,22.9802,-24.31877,-0.89393,0.0
2025-01-15 09:45:00-08:00,2025-01-15 09:45:00-08:00,2025-01-15 10:00:00-08:00,REAL_TIME_15_MIN,DLAP_SCE-APND,DLAP,-4.10621,19.85125,-23.17929,-0.77817,0.0
2025-01-15 10:00:00-08:00,2025-01-15 10:00:00-08:00,2025-01-15 10:15:00-08:00,REAL_TIME_15_MIN,DLAP_SCE-APND,DLAP,-1.5978,29.66438,-29.99847,-1.2637,0.0
2025-01-15 10:15:00-08:00,2025-01-15 10:15:00-08:00,2025-01-15 10:30:00-08:00,REAL_TIME_15_MIN,DLAP_SCE-APND,DLAP,-4.09402,26.38262,-29.38967,-1.08696,0.0
2025-01-15 10:30:00-08:00,2025-01-15 10:30:00-08:00,2025-01-15 10:45:00-08:00,REAL_TIME_15_MIN,DLAP_SCE-APND,DLAP,-5.5391,23.91341,-28.49119,-0.96132,0.0
2025-01-15 10:45:00-08:00,2025-01-15 10:45:00-08:00,2025-01-15 11:00:00-08:00,REAL_TIME_15_MIN,DLAP_SCE-APND,DLAP,-4.79595,21.38942,-25.37257,-0.8128,0.0
2025-01-15 11:00:00-08:00,2025-01-15 11:00:00-08:00,2025-01-15 11:15:00-08:00,REAL_TIME_15_MIN,DLAP_SCE-APND,DLAP,-0.71593,23.08088,-22.86204,-0.93478,0.0
2025-01-15 11:15:00-08:00,2025-01-15 11:15:00-08:00,2025-01-15 11:30:00-08:00,REAL_TIME_15_MIN,DLAP_SCE-APND,DLAP,0.56326,19.27684,-17.95793,-0.75565,0.0
2025-01-15 11:30:00-08:00,2025-01-15 11:30:00-08:00,2025-01-15 11:45:00-08:00,REAL_TIME_15_MIN,DLAP_SCE-APND,DLAP,-1.14205,15.39022,-15.93051,-0.60176,0.0
2025-01-15 11:45:00-08:00,2025-01-15 11:45:00-08:00,2025-01-15 12:00:00-08:00,REAL_TIME_15_MIN,DLAP_SCE-APND,DLAP,-2.64399,12.83082,-14.98852,-0.48629,0.0
2025-01-15 12:00:00-08:00,2025-01-15 12:00:00-08:00,2025-01-15 12:15:00-08:00,REAL_TIME_15_MIN,DLAP_SCE-APND,DLAP,-0.34967,19.06296,-18.68442,-0.7282,0.0
2025-01-15 12:15:00-08:00,2025-01-15 12:15:00-08:00,2025-01-15 12:30:00-08:00,REAL_TIME_15_MIN,DLAP_SCE-APND,DLAP,0.7712,18.95815,-17.4836,-0.70335,0.0
2025-01-15 12:30:00-08:00,2025-01-15 12:30:00-08:00,2025-01-15 12:45:00-08:00,REAL_TIME_15_MIN,DLAP_SCE-APND,DLAP,-1.6374,16.18749,-17.21462,-0.61027,0.0
2025-01-15 12:45:00-08:00,2025-01-15 12:45:00-08:00,2025-01-15 13:00:00-08:00,REAL_TIME_15_MIN,DLAP_SCE-APND,DLAP,-3.40873,4.61814,-7.84677,-0.18011,0.0
2025-01-15 13:00:00-08:00,2025-01-15 13:00:00-08:00,2025-01-15 13:15:00-08:00,REAL_TIME_15_MIN,DLAP_SCE-APND,DLAP,-2.60827,16.46297,-18.47199,-0.59925,0.0
2025-01-15 13:15:00-08:00,2025-01-15 13:15:00-08:00,2025-01-15 13:30:00-08:00,REAL_TIME_15_MIN,DLAP_SCE-APND,DLAP,-3.03929,17.43744,-19.81237,-0.66437,0.0
2025-01-15 13:30:00-08:00,2025-01-15 13:30:00-08:00,2025-01-15 13:45:00-08:00,REAL_TIME_15_MIN,DLAP_SCE-APND,DLAP,-3.3564,17.27087,-19.96234,-0.66493,0.0
2025-01-15 13:45:00-08:00,2025-01-15 13:45:00-08:00,2025-01-15 14:00:00-08:00,REAL_TIME_15_MIN,DLAP_SCE-APND,DLAP,-4.44949,14.73314,-18.56679,-0.61585,0.0
2025-01-15 14:00:00-08:00,2025-01-15 14:00:00-08:00,2025-01-15 14:15:00-08:00,REAL_TIME_15_MIN,DLAP_SCE-APND,DLAP,-6.06817,0.3936,-6.44465,-0.01712,0.0
2025-01-15 14:15:00-08:00,2025-01-15 14:15:00-08:00,2025-01-15 14:30:00-08:00,REAL_TIME_15_MIN,DLAP_SCE-APND,DLAP,-6.99519,7.9822,-14.64533,-0.33206,0.0
2025-01-15 14:30:00-08:00,2025-01-15 14:30:00-08:00,2025-01-15 14:45:00-08:00,REAL_TIME_15_MIN,DLAP_SCE-APND,DLAP,-7.57355,17.51436,-24.36982,-0.71809,0.0
2025-01-15 14:45:00-08:00,2025-01-15 14:45:00-08:00,2025-01-15 15:00:00-08:00,REAL_TIME_15_MIN,DLAP_SCE-APND,DLAP,-29.44757,9.26912,-38.33665,-0.38003,0.0
2025-01-15 15:00:00-08:00,2025-01-15 15:00:00-08:00,2025-01-15 15:15:00-08:00,REAL_TIME_15_MIN,DLAP_SCE-APND,DLAP,-38.71653,5.41099,-43.91974,-0.20778,0.0
2025-01-15 15:15:00-08:00,2025-01-15 15:15:00-08:00,2025-01-15 15:30:00-08:00,REAL_TIME_15_MIN,DLAP_SCE-APND,DLAP,-30.24107,10.46452,-40.29328,-0.4123,0.0
2025-01-15 15:30:00-08:00,2025-01-15 15:30:00-08:00,2025-01-15 15:45:00-08:00,REAL_TIME_15_MIN,DLAP_SCE-APND,DLAP,30.30719,37.20517,-5.54743,-1.35055,0.0
2025-01-15 15:45:00-08:00,2025-01-15 15:45:00-08:00,2025-01-15 16:00:00-08:00,REAL_TIME_15_MIN,DLAP_SCE-APND,DLAP,50.15007,51.68595,0.23695,-1.77283,0.0
2025-01-15 16:00:00-08:00,2025-01-15 16:00:00-08:00,2025-01-15 16:15:00-08:00,REAL_TIME_15_MIN,DLAP_SCE-APND,DLAP,37.90373,38.85544,0.00025,-0.95196,0.0
2025-01-15 16:15:00-08:00,2025-01-15 16:15:00-08:00,2025-01-15 16:30:00-08:00,REAL_TIME_15_MIN,DLAP_SCE-APND,DLAP,46.78372,47.83611,0.0,-1.05239,0.0
2025-01-15 16:30:00-08:00,2025-01-15 16:30:00-08:00,2025-01-15 16:45:00-08:00,REAL_TIME_15_MIN,DLAP_SCE-APND,DLAP,55.45102,56.77966,0.0,-1.32864,0.0
2025-01-15 16:45:00-08:00,2025-01-15 16:45:00-08:00,2025-01-15 17:00:00-08:00,REAL_TIME_15_MIN,DLAP_SCE-APND,DLAP,64.9764,66.07435,0.29622,-1.39417,0.0
2025-01-15 17:00:00-08:00,2025-01-15 17:00:00-08:00,2025-01-15 17:15:00-08:00,REAL_TIME_15_MIN,DLAP_SCE-APND,DLAP,53.61642,53.98388,0.58265,-0.95012,0.0
2025-01-15 17:15:00-08:00,2025-01-15 17:15:00-08:00,2025-01-15 17:30:00-08:00,REAL_TIME_15_MIN,DLAP_SCE-APND,DLAP,55.1537,55.5912,0.59093,-1.02844,0.0
2025-01-15 17:30:00-08:00,2025-01-15 17:30:00-08:00,2025-01-15 17:45:00-08:00,REAL_TIME_15_MIN,DLAP_SCE-APND,DLAP,58.33079,59.34565,0.21953,-1.23439,0.0
2025-01-15 17:45:00-08:00,2025-01-15 17:45:00-08:00,2025-01-15 18:00:00-08:00,REAL_TIME_15_MIN,DLAP_SCE-APND,DLAP,60.90112,61.95832,0.58469,-1.6419,0.0
2025-01-15 18:00:00-08:00,2025-01-15 18:00:00-08:00,2025-01-15 18:15:00-08:00,REAL_TIME_15_MIN,DLAP_SCE-APND,DLAP,58.02744,59.06201,0.60145,-1.63602,0.0
2025-01-15 18:15:00-08:00,2025-01-15 18:15:00-08:00,2025-01-15 18:30:00-08:00,REAL_TIME_15_MIN,DLAP_SCE-APND,DLAP,55.47811,56.07499,0.62555,-1.22243,0.0
2025-01-15 18:30:00-08:00,2025-01-15 18:30:00-08:00,2025-01-15 18:45:00-08:00,REAL_TIME_15_MIN,DLAP_SCE-APND,DLAP,55.46535,56.06984,0.63465,-1.23914,0.0
2025-01-15 18:45:00-08:00,2025-01-15 18:45:00-08:00,2025-01-15 19:00:00-08:00,REAL_TIME_15_MIN,DLAP_SCE-APND,DLAP,52.67529,53.23108,0.55674,-1.11253,0.0
2025-01-15 19:00:00-08:00,2025-01-15 19:00:00-08:00,2025-01-15 19:15:00-08:00,REAL_TIME_15_MIN,DLAP_SCE-APND,DLAP,57.00718,57.98126,0.0,-0.97409,0.0
2025-01-15 19:15:00-08:00,2025-01-15 19:15:00-08:00,2025-01-15 19:30:00-08:00,REAL_TIME_15_MIN,DLAP_SCE-APND,DLAP,56.46261,57.40959,0.00027,-0.94726,0.0
2025-01-15 19:30:00-08:00,2025-01-15 19:30:00-08:00,2025-01-15 19:45:00-08:00,REAL_TIME_15_MIN,DLAP_SCE-APND,DLAP,56.12037,57.08511,0.0,-0.96474,0.0
2025-01-15 19:45:00-08:00,2025-01-15 19:45:00-08:00,2025-01-15 20:00:00-08:00,REAL_TIME_15_MIN,DLAP_SCE-APND,DLAP,54.79399,56.11741,-0.39749,-0.92594,0.0
2025-01-15 20:00:00-08:00,2025-01-15 20:00:00-08:00,2025-01-15 20:15:00-08:00,REAL_TIME_15_MIN,DLAP_SCE-APND,DLAP,55.61584,56.37856,0.18444,-0.94716,0.0
2025-01-15 20:15:00-08:00,2025-01-15 20:15:00-08:00,2025-01-15 20:30:00-08:00,REAL_TIME_15_MIN,DLAP_SCE-APND,DLAP,55.52206,56.23834,0.21165,-0.92793,0.0
2025-01-15 20:30:00-08:00,2025-01-15 20:30:00-08:00,2025-01-15 20:45:00-08:00,REAL_TIME_15_MIN,DLAP_SCE-APND,DLAP,56.52141,57.26398,0.10493,-0.84751,0.0
2025-01-15 20:45:00-08:00,2025-01-15 20:45:00-08:00,2025-01-15 21:00:00-08:00,REAL_TIME_15_MIN,DLAP_SCE-APND,DLAP,53.10289,53.7533,0.0,-0.65041,0.0
2025-01-15 21:00:00-08:00,2025-01-15 21:00:00-08:00,2025-01-15 21:15:00-08:00,REAL_TIME_15_MIN,DLAP_SCE-APND,DLAP,53.80013,54.9885,-0.33605,-0.85232,0.0
2025-01-15 21:15:00-08:00,2025-01-15 21:15:00-08:00,2025-01-15 21:30:00-08:00,REAL_TIME_15_MIN,DLAP_SCE-APND,DLAP,53.53105,54.70347,-0.37921,-0.7932,0.0
2025-01-15 21:30:00-08:00,2025-01-15 21:30:00-08:00,2025-01-15 21:45:00-08:00,REAL_TIME_15_MIN,DLAP_SCE-APND,DLAP,53.38597,54.11654,0.0,-0.73057,0.0
2025-01-15 21:45:00-08:00,2025-01-15 21:45:00-08:00,2025-01-15 22:00:00-08:00,REAL_TIME_15_MIN,DLAP_SCE-APND,DLAP,52.25303,52.8075,0.0,-0.55448,0.0
2025-01-15 22:00:00-08:00,2025-01-15 22:00:00-08:00,2025-01-15 22:15:00-08:00,REAL_TIME_15_MIN,DLAP_SCE-APND,DLAP,51.0389,51.31085,0.0,-0.27195,0.0
2025-01-15 22:15:00-08:00,2025-01-15 22:15:00-08:00,2025-01-15 22:30:00-08:00,REAL_TIME_15_MIN,DLAP_SCE-APND,DLAP,50.44212,50.81817,0.0,-0.37605,0.0
2025-01-15 22:30:00-08:00,2025-01-15 22:30:00-08:00,2025-01-15 22:45:00-08:00,REAL_TIME_15_MIN,DLAP_SCE-APND,DLAP,51.08915,51.34072,0.0,-0.25157,0.0
2025-01-15 22:45:00-08:00,2025-01-15 22:45:00-08:00,2025-01-15 23:00:00-08:00,REAL_TIME_15_MIN,DLAP_SCE-APND,DLAP,48.66873,49.01182,0.0,-0.34308,0.0
2025-01-15 23:00:00-08:00,2025-01-15 23:00:00-08:00,2025-01-15 23:15:00-08:00,REAL_TIME_15_MIN,DLAP_SCE-APND,DLAP,48.75628,49.58452,-0.39685,-0.43139,0.0
2025-01-15 23:15:00-08:00,2025-01-15 23:15:00-08:00,2025-01-15 23:30:00-08:00,REAL_TIME_15_MIN,DLAP_SCE-APND,DLAP,48.62588,49.31335,-0.39652,-0.29095,0.0
2025-01-15 23:30:00-08:00,2025-01-15 23:30:00-08:00,2025-01-15 23:45:00-08:00,REAL_TIME_15_MIN,DLAP_SCE-APND,DLAP,48.49655,49.08906,-0.39616,-0.19636,0.0
2025-01-15 23:45:00-08:00,2025-01-15 23:45:00-08:00,2025-01-16 00:00:00-08:00,REAL_TIME_15_MIN,DLAP_SCE-APND,DLAP,49.76611,50.25651,-0.39994,-0.09046,0.0
2025-01-16 00:00:00-08:00,2025-01-16 00:00:00-08:00,2025-01-16 00:15:00-08:00,REAL_TIME_15_MIN,DLAP_SCE-APND,DLAP,55.88794,57.04494,-0.43253,-0.72447,0.0
2025-01-16 00:15:00-08:00,2025-01-16 00:15:00-08:00,2025-01-16 00:30:00-08:00,REAL_TIME_15_MIN,DLAP_SCE-APND,DLAP,54.11655,55.16875,-0.42879,-0.62341,0.0
2025-01-16 00:30:00-08:00,2025-01-16 00:30:00-08:00,2025-01-16 00:45:00-08:00,REAL_TIME_15_MIN,DLAP_SCE-APND,DLAP,51.53092,52.57988,-0.42325,-0.6257,0.0
2025-01-16 00:45:00-08:00,2025-01-16 00:45:00-08:00,2025-01-16 01:00:00-08:00,REAL_TIME_15_MIN,DLAP_SCE-APND,DLAP,49.96968,51.04832,-0.42012,-0.65852,0.0
2025-01-16 01:00:00-08:00,2025-01-16 01:00:00-08:00,2025-01-16 01:15:00-08:00,REAL_TIME_15_MIN,DLAP_SCE-APND,DLAP,50.59095,51.67613,-0.4599,-0.62528,0.0
2025-01-16 01:15:00-08:00,2025-01-16 01:15:00-08:00,2025-01-16 01:30:00-08:00,REAL_TIME_15_MIN,DLAP_SCE-APND,DLAP,51.211,52.33169,-0.46131,-0.65938,0.0
2025-01-16 01:30:00-08:00,2025-01-16 01:30:00-08:00,2025-01-16 01:45:00-08:00,REAL_TIME_15_MIN,DLAP_SCE-APND,DLAP,50.35983,51.37913,-0.45927,-0.56003,0.0
2025-01-16 01:45:00-08:00,2025-01-16 01:45:00-08:00,2025-01-16 02:00:00-08:00,REAL_TIME_15_MIN,DLAP_SCE-APND,DLAP,48.85587,49.90058,-0.45588,-0.58883,0.0
2025-01-16 02:00:00-08:00,2025-01-16 02:00:00-08:00,2025-01-16 02:15:00-08:00,REAL_TIME_15_MIN,DLAP_SCE-APND,DLAP,53.38714,54.28719,-0.46575,-0.4343,0.0
2025-01-16 02:15:00-08:00,2025-01-16 02:15:00-08:00,2025-01-16 02:30:00-08:00,REAL_TIME_15_MIN,DLAP_SCE-APND,DLAP,53.83278,54.74295,-0.46675,-0.44342,0.0
2025-01-16 02:30:00-08:00,2025-01-16 02:30:00-08:00,2025-01-16 02:45:00-08:00,REAL_TIME_15_MIN,DLAP_SCE-APND,DLAP,53.67515,54.58922,-0.46644,-0.44763,0.0
2025-01-16 02:45:00-08:00,2025-01-16 02:45:00-08:00,2025-01-16 03:00:00-08:00,REAL_TIME_15_MIN,DLAP_SCE-APND,DLAP,53.59006,54.45383,-0.46626,-0.39751,0.0
2025-01-16 03:00:00-08:00,2025-01-16 03:00:00-08:00,2025-01-16 03:15:00-08:00,REAL_TIME_15_MIN,DLAP_SCE-APND,DLAP,53.94647,54.69262,-0.46722,-0.27893,0.0
2025-01-16 03:15:00-08:00,2025-01-16 03:15:00-08:00,2025-01-16 03:30:00-08:00,REAL_TIME_15_MIN,DLAP_SCE-APND,DLAP,54.08559,54.79971,-0.46752,-0.2466,0.0
2025-01-16 03:30:00-08:00,2025-01-16 03:30:00-08:00,2025-01-16 03:45:00-08:00,REAL_TIME_15_MIN,DLAP_SCE-APND,DLAP,56.84952,57.64622,-0.47387,-0.32282,0.0
2025-01-16 03:45:00-08:00,2025-01-16 03:45:00-08:00,2025-01-16 04:00:00-08:00,REAL_TIME_15_MIN,DLAP_SCE-APND,DLAP,56.27291,57.13407,-0.47265,-0.38851,0.0
2025-01-16 04:00:00-08:00,2025-01-16 04:00:00-08:00,2025-01-16 04:15:00-08:00,REAL_TIME_15_MIN,DLAP_SCE-APND,DLAP,50.303,50.9972,-0.45961,-0.23459,0.0
2025-01-16 04:15:00-08:00,2025-01-16 04:15:00-08:00,2025-01-16 04:30:00-08:00,REAL_TIME_15_MIN,DLAP_SCE-APND,DLAP,51.26939,51.82958,-0.46172,-0.09848,0.0
2025-01-16 04:30:00-08:00,2025-01-16 04:30:00-08:00,2025-01-16 04:45:00-08:00,REAL_TIME_15_MIN,DLAP_SCE-APND,DLAP,53.66188,54.28659,-0.46727,-0.15743,0.0
2025-01-16 04:45:00-08:00,2025-01-16 04:45:00-08:00,2025-01-16 05:00:00-08:00,REAL_TIME_15_MIN,DLAP_SCE-APND,DLAP,55.11803,55.76156,-0.47067,-0.17286,0.0
2025-01-16 05:00:00-08:00,2025-01-16 05:00:00-08:00,2025-01-16 05:15:00-08:00,REAL_TIME_15_MIN,DLAP_SCE-APND,DLAP,49.81166,50.09721,0.0,-0.28555,0.0
2025-01-16 05:15:00-08:00,2025-01-16 05:15:00-08:00,2025-01-16 05:30:00-08:00,REAL_TIME_15_MIN,DLAP_SCE-APND,DLAP,50.89713,51.17347,0.0,-0.27634,0.0
2025-01-16 05:30:00-08:00,2025-01-16 05:30:00-08:00,2025-01-16 05:45:00-08:00,REAL_TIME_15_MIN,DLAP_SCE-APND,DLAP,52.88131,53.19516,0.0,-0.31385,0.0
2025-01-16 05:45:00-08:00,2025-01-16 05:45:00-08:00,2025-01-16 06:00:00-08:00,REAL_TIME_15_MIN,DLAP_SCE-APND,DLAP,62.49849,62.75578,0.0,-0.2573,0.0
2025-01-16 06:00:00-08:00,2025-01-16 06:00:00-08:00,2025-01-16 06:15:00-08:00,REAL_TIME_15_MIN,DLAP_SCE-APND,DLAP,54.21983,54.96895,-0.46877,-0.28034,0.0
2025-01-16 06:15:00-08:00,2025-01-16 06:15:00-08:00,2025-01-16 06:30:00-08:00,REAL_TIME_15_MIN,DLAP_SCE-APND,DLAP,58.89742,59.83172,-0.47959,-0.45472,0.0
2025-01-16 06:30:00-08:00,2025-01-16 06:30:00-08:00,2025-01-16 06:45:00-08:00,REAL_TIME_15_MIN,DLAP_SCE-APND,DLAP,59.41428,59.36683,0.60549,-0.55805,0.0
2025-01-16 06:45:00-08:00,2025-01-16 06:45:00-08:00,2025-01-16 07:00:00-08:00,REAL_TIME_15_MIN,DLAP_SCE-APND,DLAP,63.1878,63.28884,0.67108,-0.77212,0.0
2025-01-16 07:00:00-08:00,2025-01-16 07:00:00-08:00,2025-01-16 07:15:00-08:00,REAL_TIME_15_MIN,DLAP_SCE-APND,DLAP,65.49422,58.71812,6.77609,0.0,0.0
2025-01-16 07:15:00-08:00,2025-01-16 07:15:00-08:00,2025-01-16 07:30:00-08:00,REAL_TIME_15_MIN,DLAP_SCE-APND,DLAP,71.06905,57.15398,13.91507,0.0,0.0
2025-01-16 07:30:00-08:00,2025-01-16 07:30:00-08:00,2025-01-16 07:45:00-08:00,REAL_TIME_15_MIN,DLAP_SCE-APND,DLAP,68.87495,53.27236,15.60259,0.0,0.0
2025-01-16 07:45:00-08:00,2025-01-16 07:45:00-08:00,2025-01-16 08:00:00-08:00,REAL_TIME_15_MIN,DLAP_SCE-APND,DLAP,63.81349,45.12026,18.69323,0.0,0.0
2025-01-16 08:00:00-08:00,2025-01-16 08:00:00-08:00,2025-01-16 08:15:00-08:00,REAL_TIME_15_MIN,DLAP_SCE-APND,DLAP,66.77055,56.77819,11.87739,-1.88504,0.0
2025-01-16 08:15:00-08:00,2025-01-16 08:15:00-08:00,2025-01-16 08:30:00-08:00,REAL_TIME_15_MIN,DLAP_SCE-APND,DLAP,53.81876,46.57087,9.3622,-2.11432,0.0
2025-01-16 08:30:00-08:00,2025-01-16 08:30:00-08:00,2025-01-16 08:45:00-08:00,REAL_TIME_15_MIN,DLAP_SCE-APND,DLAP,44.89731,39.6851,6.73611,-1.52391,0.0
2025-01-16 08:45:00-08:00,2025-01-16 08:45:00-08:00,2025-01-16 09:00:00-08:00,REAL_TIME_15_MIN,DLAP_SCE-APND,DLAP,45.37244,36.22295,10.59116,-1.44167,0.0
2025-01-16 09:00:00-08:00,2025-01-16 09:00:00-08:00,2025-01-16 09:15:00-08:00,REAL_TIME_15_MIN,DLAP_SCE-APND,DLAP,41.74818,43.15867,0.17774,-1.58824,0.0
2025-01-16 09:15:00-08:00,2025-01-16 09:15:00-08:00,2025-01-16 09:30:00-08:00,REAL_TIME_15_MIN,DLAP_SCE-APND,DLAP,40.61078,42.27801,0.02812,-1.69535,0.0
2025-01-16 09:30:00-08:00,2025-01-16 09:30:00-08:00,2025-01-16 09:45:00-08:00,REAL_TIME_15_MIN,DLAP_SCE-APND,DLAP,34.69952,37.07685,-0.961,-1.41634,0.0
2025-01-16 09:45:00-08:00,2025-01-16 09:45:00-08:00,2025-01-16 10:00:00-08:00,REAL_TIME_15_MIN,DLAP_SCE-APND,DLAP,30.05717,33.02287,-1.56883,-1.39687,0.0
2025-01-16 10:00:00-08:00,2025-01-16 10:00:00-08:00,2025-01-16 10:15:00-08:00,REAL_TIME_15_MIN,DLAP_SCE-APND,DLAP,33.0826,37.73609,-3.11008,-1.54341,0.0
2025-01-16 10:15:00-08:00,2025-01-16 10:15:00-08:00,2025-01-16 10:30:00-08:00,REAL_TIME_15_MIN,DLAP_SCE-APND,DLAP,28.12087,34.6966,-5.13235,-1.44338,0.0
2025-01-16 10:30:00-08:00,2025-01-16 10:30:00-08:00,2025-01-16 10:45:00-08:00,REAL_TIME_15_MIN,DLAP_SCE-APND,DLAP,20.761,31.64813,-9.62437,-1.26276,0.0
2025-01-16 10:45:00-08:00,2025-01-16 10:45:00-08:00,2025-01-16 11:00:00-08:00,REAL_TIME_15_MIN,DLAP_SCE-APND,DLAP,18.04545,30.86724,-11.65192,-1.16987,0.0
2025-01-16 11:00:00-08:00,2025-01-16 11:00:00-08:00,2025-01-16 11:15:00-08:00,REAL_TIME_15_MIN,DLAP_SCE-APND,DLAP,31.3572,34.43665,-1.76398,-1.31548,0.0
2025-01-16 11:15:00-08:00,2025-01-16 11:15:00-08:00,2025-01-16 11:30:00-08:00,REAL_TIME_15_MIN,DLAP_SCE-APND,DLAP,32.23648,33.34337,0.12681,-1.2337,0.0
2025-01-16 11:30:00-08:00,2025-01-16 11:30:00-08:00,2025-01-16 11:45:00-08:00,REAL_TIME_15_MIN,DLAP_SCE-APND,DLAP,36.22559,32.6434,4.78021,-1.19801,0.0
2025-01-16 11:45:00-08:00,2025-01-16 11:45:00-08:00,2025-01-16 12:00:00-08:00,REAL_TIME_15_MIN,DLAP_SCE-APND,DLAP,30.79416,32.22864,-0.25169,-1.18279,0.0
2025-01-16 12:00:00-08:00,2025-01-16 12:00:00-08:00,2025-01-16 12:15:00-08:00,REAL_TIME_15_MIN,DLAP_SCE-APND,DLAP,31.85285,36.37149,-3.06378,-1.45486,0.0
2025-01-16 12:15:00-08:00,2025-01-16 12:15:00-08:00,2025-01-16 12:30:00-08:00,REAL_TIME_15_MIN,DLAP_SCE-APND,DLAP,33.96726,36.67053,-1.25112,-1.45215,0.0
2025-01-16 12:30:00-08:00,2025-01-16 12:30:00-08:00,2025-01-16 12:45:00-08:00,REAL_TIME_15_MIN,DLAP_SCE-APND,DLAP,30.91241,33.93011,-1.64353,-1.37417,0.0
2025-01-16 12:45:00-08:00,2025-01-16 12:45:00-08:00,2025-01-16 13:00:00-08:00,REAL_TIME_15_MIN,DLAP_SCE-APND,DLAP,32.05827,31.33105,1.8896,-1.16238,0.0
2025-01-16 13:00:00-08:00,2025-01-16 13:00:00-08:00,2025-01-16 13:15:00-08:00,REAL_TIME_15_MIN,DLAP_SCE-APND,DLAP,33.29819,32.0315,2.25006,-0.98337,0.0
2025-01-16 13:15:00-08:00,2025-01-16 13:15:00-08:00,2025-01-16 13:30:00-08:00,REAL_TIME_15_MIN,DLAP_SCE-APND,DLAP,33.68555,32.46012,2.19274,-0.96731,0.0
2025-01-16 13:30:00-08:00,2025-01-16 13:30:00-08:00,2025-01-16 13:45:00-08:00,REAL_TIME_15_MIN,DLAP_SCE-APND,DLAP,33.11127,31.78479,2.22599,-0.89951,0.0
2025-01-16 13:45:00-08:00,2025-01-16 13:45:00-08:00,2025-01-16 14:00:00-08:00,REAL_TIME_15_MIN,DLAP_SCE-APND,DLAP,33.69451,31.65949,2.84551,-0.81048,0.0
2025-01-16 14:00:00-08:00,2025-01-16 14:00:00-08:00,2025-01-16 14:15:00-08:00,REAL_TIME_15_MIN,DLAP_SCE-APND,DLAP,32.90971,29.64685,3.98921,-0.72635,0.0
2025-01-16 14:15:00-08:00,2025-01-16 14:15:00-08:00,2025-01-16 14:30:00-08:00,REAL_TIME_15_MIN,DLAP_SCE-APND,DLAP,31.33392,29.66018,2.32034,-0.64659,0.0
2025-01-16 14:30:00-08:00,2025-01-16 14:30:00-08:00,2025-01-16 14:45:00-08:00,REAL_TIME_15_MIN,DLAP_SCE-APND,DLAP,31.90465,30.19927,2.33957,-0.63418,0.0
2025-01-16 14:45:00-08:00,2025-01-16 14:45:00-08:00,2025-01-16 15:00:00-08:00,REAL_TIME_15_MIN,DLAP_SCE-APND,DLAP,36.15198,35.28825,1.52362,-0.65989,0.0
2025-01-16 15:00:00-08:00,2025-01-16 15:00:00-08:00,2025-01-16 15:15:00-08:00,REAL_TIME_15_MIN,DLAP_SCE-APND,DLAP,31.62926,28.11307,4.37644,-0.86026,0.0
2025-01-16 15:15:00-08:00,2025-01-16 15:15:00-08:00,2025-01-16 15:30:00-08:00,REAL_TIME_15_MIN,DLAP_SCE-APND,DLAP,37.19645,34.30473,3.71159,-0.81988,0.0
2025-01-16 15:30:00-08:00,2025-01-16 15:30:00-08:00,2025-01-16 15:45:00-08:00,REAL_TIME_15_MIN,DLAP_SCE-APND,DLAP,47.44183,47.53516,1.07603,-1.16937,0.0
2025-01-16 15:45:00-08:00,2025-01-16 15:45:00-08:00,2025-01-16 16:00:00-08:00,REAL_TIME_15_MIN,DLAP_SCE-APND,DLAP,55.85618,56.77051,0.18702,-1.10135,0.0
2025-01-16 16:00:00-08:00,2025-01-16 16:00:00-08:00,2025-01-16 16:15:00-08:00,REAL_TIME_15_MIN,DLAP_SCE-APND,DLAP,45.38653,45.50863,0.52412,-0.64622,0.0
2025-01-16 16:15:00-08:00,2025-01-16 16:15:00-08:00,2025-01-16 16:30:00-08:00,REAL_TIME_15_MIN,DLAP_SCE-APND,DLAP,49.86517,50.56145,0.23405,-0.93033,0.0
2025-01-16 16:30:00-08:00,2025-01-16 16:30:00-08:00,2025-01-16 16:45:00-08:00,REAL_TIME_15_MIN,DLAP_SCE-APND,DLAP,62.61695,62.85869,0.94,-1.18174,0.0
2025-01-16 16:45:00-08:00,2025-01-16 16:45:00-08:00,2025-01-16 17:00:00-08:00,REAL_TIME_15_MIN,DLAP_SCE-APND,DLAP,65.14057,64.64952,1.72586,-1.23481,0.0
2025-01-16 17:00:00-08:00,2025-01-16 17:00:00-08:00,2025-01-16 17:15:00-08:00,REAL_TIME_15_MIN,DLAP_SCE-APND,DLAP,47.68434,48.29394,0.36111,-0.97071,0.0
2025-01-16 17:15:00-08:00,2025-01-16 17:15:00-08:00,2025-01-16 17:30:00-08:00,REAL_TIME_15_MIN,DLAP_SCE-APND,DLAP,46.98478,47.65963,0.33077,-1.00562,0.0
2025-01-16 17:30:00-08:00,2025-01-16 17:30:00-08:00,2025-01-16 17:45:00-08:00,REAL_TIME_15_MIN,DLAP_SCE-APND,DLAP,48.47778,49.82479,0.00822,-1.35523,0.0
2025-01-16 17:45:00-08:00,2025-01-16 17:45:00-08:00,2025-01-16 18:00:00-08:00,REAL_TIME_15_MIN,DLAP_SCE-APND,DLAP,48.84222,50.366,0.02749,-1.55127,0.0
2025-01-16 18:00:00-08:00,2025-01-16 18:00:00-08:00,2025-01-16 18:15:00-08:00,REAL_TIME_15_MIN,DLAP_SCE-APND,DLAP,47.45737,48.88984,0.0,-1.43247,0.0
2025-01-16 18:15:00-08:00,2025-01-16 18:15:00-08:00,2025-01-16 18:30:00-08:00,REAL_TIME_15_MIN,DLAP_SCE-APND,DLAP,47.20775,48.61766,0.0,-1.40991,0.0
2025-01-16 18:30:00-08:00,2025-01-16 18:30:00-08:00,2025-01-16 18:45:00-08:00,REAL_TIME_15_MIN,DLAP_SCE-APND,DLAP,47.91428,49.28945,0.0,-1.37518,0.0
2025-01-16 18:45:00-08:00,2025-01-16 18:45:00-08:00,2025-01-16 19:00:00-08:00,REAL_TIME_15_MIN,DLAP_SCE-APND,DLAP,47.87954,49.18794,0.0,-1.3084,0.0
2025-01-16 19:00:00-08:00,2025-01-16 19:00:00-08:00,2025-01-16 19:15:00-08:00,REAL_TIME_15_MIN,DLAP_SCE-APND,DLAP,48.44371,50.25998,-0.00188,-1.81439,0.0
2025-01-16 19:15:00-08:00,2025-01-16 19:15:00-08:00,2025-01-16 19:30:00-08:00,REAL_TIME_15_MIN,DLAP_SCE-APND,DLAP,51.1269,55.83233,-2.47772,-2.22771,0.0
2025-01-16 19:30:00-08:00,2025-01-16 19:30:00-08:00,2025-01-16 19:45:00-08:00,REAL_TIME_15_MIN,DLAP_SCE-APND,DLAP,52.47146,54.80151,-0.03935,-2.2907,0.0
2025-01-16 19:45:00-08:00,2025-01-16 19:45:00-08:00,2025-01-16 20:00:00-08:00,REAL_TIME_15_MIN,DLAP_SCE-APND,DLAP,52.77527,55.13825,-0.00858,-2.3544,0.0
2025-01-16 20:00:00-08:00,2025-01-16 20:00:00-08:00,2025-01-16 20:15:00-08:00,REAL_TIME_15_MIN,DLAP_SCE-APND,DLAP,56.1571,58.35191,0.01672,-2.21154,0.0
2025-01-16 20:15:00-08:00,2025-01-16 20:15:00-08:00,2025-01-16 20:30:00-08:00,REAL_TIME_15_MIN,DLAP_SCE-APND,DLAP,57.49363,59.71503,0.0,-2.2214,0.0
2025-01-16 20:30:00-08:00,2025-01-16 20:30:00-08:00,2025-01-16 20:45:00-08:00,REAL_TIME_15_MIN,DLAP_SCE-APND,DLAP,55.91821,58.09685,0.0,-2.17863,0.0
2025-01-16 20:45:00-08:00,2025-01-16 20:45:00-08:00,2025-01-16 21:00:00-08:00,REAL_TIME_15_MIN,DLAP_SCE-APND,DLAP,52.97748,55.47281,-0.42619,-2.06914,0.0
2025-01-16 21:00:00-08:00,2025-01-16 21:00:00-08:00,2025-01-16 21:15:00-08:00,REAL_TIME_15_MIN,DLAP_SCE-APND,DLAP,53.55137,55.73623,0.0,-2.18486,0.0
2025-01-16 21:15:00-08:00,2025-01-16 21:15:00-08:00,2025-01-16 21:30:00-08:00,REAL_TIME_15_MIN,DLAP_SCE-APND,DLAP,51.80329,53.91683,0.0,-2.11354,0.0
2025-01-16 21:30:00-08:00,2025-01-16 21:30:00-08:00,2025-01-16 21:45:00-08:00,REAL_TIME_15_MIN,DLAP_SCE-APND,DLAP,52.18533,54.21289,0.0,-2.02756,0.0
2025-01-16 21:45:00-08:00,2025-01-16 21:45:00-08:00,2025-01-16 22:00:00-08:00,REAL_TIME_15_MIN,DLAP_SCE-APND,DLAP,50.72974,52.53701,0.0,-1.80727,0.0
2025-01-16 22:00:00-08:00,2025-01-16 22:00:00-08:00,2025-01-16 22:15:00-08:00,REAL_TIME_15_MIN,DLAP_SCE-APND,DLAP,51.93035,53.7192,0.0,-1.78885,0.0
2025-01-16 22:15:00-08:00,2025-01-16 22:15:00-08:00,2025-01-16 22:30:00-08:00,REAL_TIME_15_MIN,DLAP_SCE-APND,DLAP,50.49114,52.06346,0.0,-1.57232,0.0
2025-01-16 22:30:00-08:00,2025-01-16 22:30:00-08:00,2025-01-16 22:45:00-08:00,REAL_TIME_15_MIN,DLAP_SCE-APND,DLAP,48.27564,49.57449,0.0,-1.29885,0.0
2025-01-16 22:45:00-08:00,2025-01-16 22:45:00-08:00,2025-01-16 23:00:00-08:00,REAL_TIME_15_MIN,DLAP_SCE-APND,DLAP,47.48806,48.73069,0.0,-1.24263,0.0
2025-01-16 23:00:00-08:00,2025-01-16 23:00:00-08:00,2025-01-16 23:15:00-08:00,REAL_TIME_15_MIN,DLAP_SCE-APND,DLAP,47.12622,48.80813,-0.39337,-1.28853,0.0
2025-01-16 23:15:00-08:00,2025-01-16 23:15:00-08:00,2025-01-16 23:30:00-08:00,REAL_TIME_15_MIN,DLAP_SCE-APND,DLAP,46.7533,48.37949,-0.39251,-1.23368,0.0
2025-01-16 23:30:00-08:00,2025-01-16 23:30:00-08:00,2025-01-16 23:45:00-08:00,REAL_TIME_15_MIN,DLAP_SCE-APND,DLAP,46.76786,48.27546,-0.39243,-1.11516,0.0
2025-01-16 23:45:00-08:00,2025-01-16 23:45:00-08:00,2025-01-17 00:00:00-08:00,REAL_TIME_15_MIN,DLAP_SCE-APND,DLAP,46.85432,48.03601,0.0,-1.18169,0.0
2025-01-17 00:00:00-08:00,2025-01-17 00:00:00-08:00,2025-01-17 00:15:00-08:00,REAL_TIME_15_MIN,DLAP_SCE-APND,DLAP,48.91632,50.60923,-0.41755,-1.27535,0.0
2025-01-17 00:15:00-08:00,2025-01-17 00:15:00-08:00,2025-01-17 00:30:00-08:00,REAL_TIME_15_MIN,DLAP_SCE-APND,DLAP,48.70172,50.32663,-0.41707,-1.20784,0.0
2025-01-17 00:30:00-08:00,2025-01-17 00:30:00-08:00,2025-01-17 00:45:00-08:00,REAL_TIME_15_MIN,DLAP_SCE-APND,DLAP,47.44677,49.05315,-0.41439,-1.19199,0.0
2025-01-17 00:45:00-08:00,2025-01-17 00:45:00-08:00,2025-01-17 01:00:00-08:00,REAL_TIME_15_MIN,DLAP_SCE-APND,DLAP,45.86554,46.91167,0.0,-1.04613,0.0
2025-01-17 01:00:00-08:00,2025-01-17 01:00:00-08:00,2025-01-17 01:15:00-08:00,REAL_TIME_15_MIN,DLAP_SCE-APND,DLAP,45.64573,46.9725,-0.44838,-0.87839,0.0
2025-01-17 01:15:00-08:00,2025-01-17 01:15:00-08:00,2025-01-17 01:30:00-08:00,REAL_TIME_15_MIN,DLAP_SCE-APND,DLAP,45.17136,46.47383,-0.44736,-0.85512,0.0
2025-01-17 01:30:00-08:00,2025-01-17 01:30:00-08:00,2025-01-17 01:45:00-08:00,REAL_TIME_15_MIN,DLAP_SCE-APND,DLAP,44.17439,45.43739,-0.44513,-0.81787,0.0
2025-01-17 01:45:00-08:00,2025-01-17 01:45:00-08:00,2025-01-17 02:00:00-08:00,REAL_TIME_15_MIN,DLAP_SCE-APND,DLAP,43.61303,44.85079,-0.4439,-0.79386,0.0
2025-01-17 02:00:00-08:00,2025-01-17 02:00:00-08:00,2025-01-17 02:15:00-08:00,REAL_TIME_15_MIN,DLAP_SCE-APND,DLAP,46.28968,47.5379,-0.44958,-0.79864,0.0
2025-01-17 02:15:00-08:00,2025-01-17 02:15:00-08:00,2025-01-17 02:30:00-08:00,REAL_TIME_15_MIN,DLAP_SCE-APND,DLAP,45.91983,47.13212,-0.44875,-0.76354,0.0
2025-01-17 02:30:00-08:00,2025-01-17 02:30:00-08:00,2025-01-17 02:45:00-08:00,REAL_TIME_15_MIN,DLAP_SCE-APND,DLAP,45.43706,46.62607,-0.44766,-0.74135,0.0
2025-01-17 02:45:00-08:00,2025-01-17 02:45:00-08:00,2025-01-17 03:00:00-08:00,REAL_TIME_15_MIN,DLAP_SCE-APND,DLAP,45.20848,46.40743,-0.44715,-0.7518,0.0
2025-01-17 03:00:00-08:00,2025-01-17 03:00:00-08:00,2025-01-17 03:15:00-08:00,REAL_TIME_15_MIN,DLAP_SCE-APND,DLAP,45.42963,46.5808,-0.44781,-0.70337,0.0
2025-01-17 03:15:00-08:00,2025-01-17 03:15:00-08:00,2025-01-17 03:30:00-08:00,REAL_TIME_15_MIN,DLAP_SCE-APND,DLAP,45.46252,46.62847,-0.44787,-0.71808,0.0
2025-01-17 03:30:00-08:00,2025-01-17 03:30:00-08:00,2025-01-17 03:45:00-08:00,REAL_TIME_15_MIN,DLAP_SCE-APND,DLAP,45.35101,46.54331,-0.44761,-0.74469,0.0
2025-01-17 03:45:00-08:00,2025-01-17 03:45:00-08:00,2025-01-17 04:00:00-08:00,REAL_TIME_15_MIN,DLAP_SCE-APND,DLAP,45.15583,46.35395,-0.44719,-0.75093,0.0
2025-01-17 04:00:00-08:00,2025-01-17 04:00:00-08:00,2025-01-17 04:15:00-08:00,REAL_TIME_15_MIN,DLAP_SCE-APND,DLAP,45.51564,46.50711,-0.42873,-0.56274,0.0
2025-01-17 04:15:00-08:00,2025-01-17 04:15:00-08:00,2025-01-17 04:30:00-08:00,REAL_TIME_15_MIN,DLAP_SCE-APND,DLAP,46.11568,47.17313,-0.43006,-0.6274,0.0
2025-01-17 04:30:00-08:00,2025-01-17 04:30:00-08:00,2025-01-17 04:45:00-08:00,REAL_TIME_15_MIN,DLAP_SCE-APND,DLAP,47.43445,48.47816,-0.43289,-0.61082,0.0
2025-01-17 04:45:00-08:00,2025-01-17 04:45:00-08:00,2025-01-17 05:00:00-08:00,REAL_TIME_15_MIN,DLAP_SCE-APND,DLAP,47.6079,48.76813,-0.4531,-0.70714,0.0
2025-01-17 05:00:00-08:00,2025-01-17 05:00:00-08:00,2025-01-17 05:15:00-08:00,REAL_TIME_15_MIN,DLAP_SCE-APND,DLAP,46.37788,46.87949,0.0,-0.50161,0.0
2025-01-17 05:15:00-08:00,2025-01-17 05:15:00-08:00,2025-01-17 05:30:00-08:00,REAL_TIME_15_MIN,DLAP_SCE-APND,DLAP,50.30743,50.94939,0.0,-0.64196,0.0
2025-01-17 05:30:00-08:00,2025-01-17 05:30:00-08:00,2025-01-17 05:45:00-08:00,REAL_TIME_15_MIN,DLAP_SCE-APND,DLAP,54.3818,55.26605,0.0,-0.88426,0.0
2025-01-17 05:45:00-08:00,2025-01-17 05:45:00-08:00,2025-01-17 06:00:00-08:00,REAL_TIME_15_MIN,DLAP_SCE-APND,DLAP,57.87519,58.83419,0.0,-0.959,0.0
2025-01-17 06:00:00-08:00,2025-01-17 06:00:00-08:00,2025-01-17 06:15:00-08:00,REAL_TIME_15_MIN,DLAP_SCE-APND,DLAP,49.58536,50.88831,-0.43785,-0.8651,0.0
2025-01-17 06:15:00-08:00,2025-01-17 06:15:00-08:00,2025-01-17 06:30:00-08:00,REAL_TIME_15_MIN,DLAP_SCE-APND,DLAP,56.12517,57.70246,-0.45208,-1.1252,0.0
2025-01-17 06:30:00-08:00,2025-01-17 06:30:00-08:00,2025-01-17 06:45:00-08:00,REAL_TIME_15_MIN,DLAP_SCE-APND,DLAP,57.31811,55.44804,3.34498,-1.47492,0.0
2025-01-17 06:45:00-08:00,2025-01-17 06:45:00-08:00,2025-01-17 07:00:00-08:00,REAL_TIME_15_MIN,DLAP_SCE-APND,DLAP,61.1867,57.5395,5.24105,-1.59384,0.0
2025-01-17 07:00:00-08:00,2025-01-17 07:00:00-08:00,2025-01-17 07:15:00-08:00,REAL_TIME_15_MIN,DLAP_SCE-APND,DLAP,61.80988,59.70623,4.02021,-1.91657,0.0
2025-01-17 07:15:00-08:00,2025-01-17 07:15:00-08:00,2025-01-17 07:30:00-08:00,REAL_TIME_15_MIN,DLAP_SCE-APND,DLAP,64.50126,56.65244,10.09225,-2.24344,0.0
2025-01-17 07:30:00-08:00,2025-01-17 07:30:00-08:00,2025-01-17 07:45:00-08:00,REAL_TIME_15_MIN,DLAP_SCE-APND,DLAP,57.43304,51.01228,8.6755,-2.25474,0.0
2025-01-17 07:45:00-08:00,2025-01-17 07:45:00-08:00,2025-01-17 08:00:00-08:00,REAL_TIME_15_MIN,DLAP_SCE-APND,DLAP,51.8217,46.67188,7.36206,-2.21225,0.0
2025-01-17 08:00:00-08:00,2025-01-17 08:00:00-08:00,2025-01-17 08:15:00-08:00,REAL_TIME_15_MIN,DLAP_SCE-APND,DLAP,51.73944,53.95677,0.28626,-2.50359,0.0
2025-01-17 08:15:00-08:00,2025-01-17 08:15:00-08:00,2025-01-17 08:30:00-08:00,REAL_TIME_15_MIN,DLAP_SCE-APND,DLAP,38.01855,48.0047,-8.00356,-1.98259,0.0
2025-01-17 08:30:00-08:00,2025-01-17 08:30:00-08:00,2025-01-17 08:45:00-08:00,REAL_TIME_15_MIN,DLAP_SCE-APND,DLAP,12.95051,32.27189,-17.8982,-1.42319,0.0
2025-01-17 08:45:00-08:00,2025-01-17 08:45:00-08:00,2025-01-17 09:00:00-08:00,REAL_TIME_15_MIN,DLAP_SCE-APND,DLAP,9.12213,29.84449,-19.41218,-1.31017,0.0
2025-01-17 09:00:00-08:00,2025-01-17 09:00:00-08:00,2025-01-17 09:15:00-08:00,REAL_TIME_15_MIN,DLAP_SCE-APND,DLAP,9.4375,32.38171,-21.48055,-1.46365,0.0
2025-01-17 09:15:00-08:00,2025-01-17 09:15:00-08:00,2025-01-17 09:30:00-08:00,REAL_TIME_15_MIN,DLAP_SCE-APND,DLAP,10.06051,31.96835,-20.50123,-1.40661,0.0
2025-01-17 09:30:00-08:00,2025-01-17 09:30:00-08:00,2025-01-17 09:45:00-08:00,REAL_TIME_15_MIN,DLAP_SCE-APND,DLAP,10.82677,30.60681,-18.5221,-1.25794,0.0
2025-01-17 09:45:00-08:00,2025-01-17 09:45:00-08:00,2025-01-17 10:00:00-08:00,REAL_TIME_15_MIN,DLAP_SCE-APND,DLAP,3.55108,27.83633,-23.3054,-0.97984,0.0
2025-01-17 10:00:00-08:00,2025-01-17 10:00:00-08:00,2025-01-17 10:15:00-08:00,REAL_TIME_15_MIN,DLAP_SCE-APND,DLAP,2.15516,31.04631,-27.74554,-1.14561,0.0
2025-01-17 10:15:00-08:00,2025-01-17 10:15:00-08:00,2025-01-17 10:30:00-08:00,REAL_TIME_15_MIN,DLAP_SCE-APND,DLAP,-2.93534,28.52355,-30.42063,-1.03826,0.0
2025-01-17 10:30:00-08:00,2025-01-17 10:30:00-08:00,2025-01-17 10:45:00-08:00,REAL_TIME_15_MIN,DLAP_SCE-APND,DLAP,-5.55368,26.513,-31.10161,-0.96507,0.0
2025-01-17 10:45:00-08:00,2025-01-17 10:45:00-08:00,2025-01-17 11:00:00-08:00,REAL_TIME_15_MIN,DLAP_SCE-APND,DLAP,-8.02391,24.76573,-31.88569,-0.90395,0.0
2025-01-17 11:00:00-08:00,2025-01-17 11:00:00-08:00,2025-01-17 11:15:00-08:00,REAL_TIME_15_MIN,DLAP_SCE-APND,DLAP,-2.32338,24.67548,-26.09574,-0.90312,0.0
2025-01-17 11:15:00-08:00,2025-01-17 11:15:00-08:00,2025-01-17 11:30:00-08:00,REAL_TIME_15_MIN,DLAP_SCE-APND,DLAP,-5.5453,21.85275,-26.62665,-0.7714,0.0
2025-01-17 11:30:00-08:00,2025-01-17 11:30:00-08:00,2025-01-17 11:45:00-08:00,REAL_TIME_15_MIN,DLAP_SCE-APND,DLAP,-7.9016,15.92189,-23.2519,-0.5716,0.0
2025-01-17 11:45:00-08:00,2025-01-17 11:45:00-08:00,2025-01-17 12:00:00-08:00,REAL_TIME_15_MIN,DLAP_SCE-APND,DLAP,-5.03098,21.51811,-25.79595,-0.75313,0.0
2025-01-17 12:00:00-08:00,2025-01-17 12:00:00-08:00,2025-01-17 12:15:00-08:00,REAL_TIME_15_MIN,DLAP_SCE-APND,DLAP,-1.32761,20.22132,-20.82906,-0.71988,0.0
2025-01-17 12:15:00-08:00,2025-01-17 12:15:00-08:00,2025-01-17 12:30:00-08:00,REAL_TIME_15_MIN,DLAP_SCE-APND,DLAP,-1.99495,11.08766,-12.65242,-0.4302,0.0
2025-01-17 12:30:00-08:00,2025-01-17 12:30:00-08:00,2025-01-17 12:45:00-08:00,REAL_TIME_15_MIN,DLAP_SCE-APND,DLAP,-8.45067,-2.85585,-5.70277,0.10795,0.0
2025-01-17 12:45:00-08:00,2025-01-17 12:45:00-08:00,2025-01-17 13:00:00-08:00,REAL_TIME_15_MIN,DLAP_SCE-APND,DLAP,-9.763,-12.51122,2.26779,0.48043,0.0
2025-01-17 13:00:00-08:00,2025-01-17 13:00:00-08:00,2025-01-17 13:15:00-08:00,REAL_TIME_15_MIN,DLAP_SCE-APND,DLAP,-8.99454,4.82407,-13.64012,-0.17849,0.0
2025-01-17 13:15:00-08:00,2025-01-17 13:15:00-08:00,2025-01-17 13:30:00-08:00,REAL_TIME_15_MIN,DLAP_SCE-APND,DLAP,-9.08623,-8.00034,-1.3827,0.29681,0.0
2025-01-17 13:30:00-08:00,2025-01-17 13:30:00-08:00,2025-01-17 13:45:00-08:00,REAL_TIME_15_MIN,DLAP_SCE-APND,DLAP,-30.44321,-5.07506,-25.56658,0.19843,0.0
2025-01-17 13:45:00-08:00,2025-01-17 13:45:00-08:00,2025-01-17 14:00:00-08:00,REAL_TIME_15_MIN,DLAP_SCE-APND,DLAP,-11.2925,10.47577,-21.39953,-0.36875,0.0
2025-01-17 14:00:00-08:00,2025-01-17 14:00:00-08:00,2025-01-17 14:15:00-08:00,REAL_TIME_15_MIN,DLAP_SCE-APND,DLAP,-12.95731,13.34842,-25.84921,-0.45652,0.0
2025-01-17 14:15:00-08:00,2025-01-17 14:15:00-08:00,2025-01-17 14:30:00-08:00,REAL_TIME_15_MIN,DLAP_SCE-APND,DLAP,-10.38751,3.47906,-13.74237,-0.1242,0.0
2025-01-17 14:30:00-08:00,2025-01-17 14:30:00-08:00,2025-01-17 14:45:00-08:00,REAL_TIME_15_MIN,DLAP_SCE-APND,DLAP,-16.41143,-2.19277,-14.30616,0.08749,0.0
2025-01-17 14:45:00-08:00,2025-01-17 14:45:00-08:00,2025-01-17 15:00:00-08:00,REAL_TIME_15_MIN,DLAP_SCE-APND,DLAP,-17.44261,10.95598,-27.98554,-0.41304,0.0
2025-01-17 15:00:00-08:00,2025-01-17 15:00:00-08:00,2025-01-17 15:15:00-08:00,REAL_TIME_15_MIN,DLAP_SCE-APND,DLAP,-32.90363,5.1501,-37.8673,-0.18643,0.0
2025-01-17 15:15:00-08:00,2025-01-17 15:15:00-08:00,2025-01-17 15:30:00-08:00,REAL_TIME_15_MIN,DLAP_SCE-APND,DLAP,-8.25527,17.19732,-24.80082,-0.65178,0.0
2025-01-17 15:30:00-08:00,2025-01-17 15:30:00-08:00,2025-01-17 15:45:00-08:00,REAL_TIME_15_MIN,DLAP_SCE-APND,DLAP,13.44037,30.62298,-16.10162,-1.08099,0.0
2025-01-17 15:45:00-08:00,2025-01-17 15:45:00-08:00,2025-01-17 16:00:00-08:00,REAL_TIME_15_MIN,DLAP_SCE-APND,DLAP,40.00417,47.24234,-5.53745,-1.70072,0.0
2025-01-17 16:00:00-08:00,2025-01-17 16:00:00-08:00,2025-01-17 16:15:00-08:00,REAL_TIME_15_MIN,DLAP_SCE-APND,DLAP,33.56228,39.71371,-5.01165,-1.13978,0.0
2025-01-17 16:15:00-08:00,2025-01-17 16:15:00-08:00,2025-01-17 16:30:00-08:00,REAL_TIME_15_MIN,DLAP_SCE-APND,DLAP,50.06164,51.553,-0.10974,-1.38162,0.0
2025-01-17 16:30:00-08:00,2025-01-17 16:30:00-08:00,2025-01-17 16:45:00-08:00,REAL_TIME_15_MIN,DLAP_SCE-APND,DLAP,57.31831,59.79438,-0.40121,-2.07487,0.0
2025-01-17 16:45:00-08:00,2025-01-17 16:45:00-08:00,2025-01-17 17:00:00-08:00,REAL_TIME_15_MIN,DLAP_SCE-APND,DLAP,68.50856,70.45307,0.0,-1.9445,0.0
2025-01-17 17:00:00-08:00,2025-01-17 17:00:00-08:00,2025-01-17 17:15:00-08:00,REAL_TIME_15_MIN,DLAP_SCE-APND,DLAP,58.04495,59.65627,0.04117,-1.65248,0.0
2025-01-17 17:15:00-08:00,2025-01-17 17:15:00-08:00,2025-01-17 17:30:00-08:00,REAL_TIME_15_MIN,DLAP_SCE-APND,DLAP,60.44857,62.21496,0.20583,-1.97221,0.0
2025-01-17 17:30:00-08:00,2025-01-17 17:30:00-08:00,2025-01-17 17:45:00-08:00,REAL_TIME_15_MIN,DLAP_SCE-APND,DLAP,61.76081,63.96163,0.24251,-2.44333,0.0
2025-01-17 17:45:00-08:00,2025-01-17 17:45:00-08:00,2025-01-17 18:00:00-08:00,REAL_TIME_15_MIN,DLAP_SCE-APND,DLAP,64.38385,66.35465,0.17909,-2.14989,0.0
2025-01-17 18:00:00-08:00,2025-01-17 18:00:00-08:00,2025-01-17 18:15:00-08:00,REAL_TIME_15_MIN,DLAP_SCE-APND,DLAP,58.0805,60.06025,0.03227,-2.01202,0.0
2025-01-17 18:15:00-08:00,2025-01-17 18:15:00-08:00,2025-01-17 18:30:00-08:00,REAL_TIME_15_MIN,DLAP_SCE-APND,DLAP,55.8388,57.58174,0.08816,-1.8311,0.0
2025-01-17 18:30:00-08:00,2025-01-17 18:30:00-08:00,2025-01-17 18:45:00-08:00,REAL_TIME_15_MIN,DLAP_SCE-APND,DLAP,55.54027,57.14797,0.07816,-1.68587,0.0
2025-01-17 18:45:00-08:00,2025-01-17 18:45:00-08:00,2025-01-17 19:00:00-08:00,REAL_TIME_15_MIN,DLAP_SCE-APND,DLAP,52.70696,54.28111,0.0,-1.57415,0.0
2025-01-17 19:00:00-08:00,2025-01-17 19:00:00-08:00,2025-01-17 19:15:00-08:00,REAL_TIME_15_MIN,DLAP_SCE-APND,DLAP,52.07652,54.07176,0.0,-1.99525,0.0
2025-01-17 19:15:00-08:00,2025-01-17 19:15:00-08:00,2025-01-17 19:30:00-08:00,REAL_TIME_15_MIN,DLAP_SCE-APND,DLAP,53.20453,55.08856,0.0,-1.88403,0.0
2025-01-17 19:30:00-08:00,2025-01-17 19:30:00-08:00,2025-01-17 19:45:00-08:00,REAL_TIME_15_MIN,DLAP_SCE-APND,DLAP,53.0007,54.82642,0.0,-1.82572,0.0
2025-01-17 19:45:00-08:00,2025-01-17 19:45:00-08:00,2025-01-17 20:00:00-08:00,REAL_TIME_15_MIN,DLAP_SCE-APND,DLAP,51.50123,53.13787,0.0,-1.63665,0.0
2025-01-17 20:00:00-08:00,2025-01-17 20:00:00-08:00,2025-01-17 20:15:00-08:00,REAL_TIME_15_MIN,DLAP_SCE-APND,DLAP,52.47713,53.9167,0.0,-1.43958,0.0
2025-01-17 20:15:00-08:00,2025-01-17 20:15:00-08:00,2025-01-17 20:30:00-08:00,REAL_TIME_15_MIN,DLAP_SCE-APND,DLAP,53.16694,54.40843,0.18401,-1.4255,0.0
2025-01-17 20:30:00-08:00,2025-01-17 20:30:00-08:00,2025-01-17 20:45:00-08:00,REAL_TIME_15_MIN,DLAP_SCE-APND,DLAP,56.17338,57.47807,0.05754,-1.36223,0.0
2025-01-17 20:45:00-08:00,2025-01-17 20:45:00-08:00,2025-01-17 21:00:00-08:00,REAL_TIME_15_MIN,DLAP_SCE-APND,DLAP,57.72355,58.89557,0.0,-1.17202,0.0
2025-01-17 21:00:00-08:00,2025-01-17 21:00:00-08:00,2025-01-17 21:15:00-08:00,REAL_TIME_15_MIN,DLAP_SCE-APND,DLAP,59.90287,61.4326,0.14124,-1.67097,0.0
2025-01-17 21:15:00-08:00,2025-01-17 21:15:00-08:00,2025-01-17 21:30:00-08:00,REAL_TIME_15_MIN,DLAP_SCE-APND,DLAP,58.77141,60.27992,0.05877,-1.56728,0.0
2025-01-17 21:30:00-08:00,2025-01-17 21:30:00-08:00,2025-01-17 21:45:00-08:00,REAL_TIME_15_MIN,DLAP_SCE-APND,DLAP,58.10293,59.4294,0.01663,-1.3431,0.0
2025-01-17 21:45:00-08:00,2025-01-17 21:45:00-08:00,2025-01-17 22:00:00-08:00,REAL_TIME_15_MIN,DLAP_SCE-APND,DLAP,58.48171,59.72159,0.00829,-1.24818,0.0
2025-01-17 22:00:00-08:00,2025-01-17 22:00:00-08:00,2025-01-17 22:15:00-08:00,REAL_TIME_15_MIN,DLAP_SCE-APND,DLAP,57.522,58.41577,0.0,-0.89376,0.0
2025-01-17 22:15:00-08:00,2025-01-17 22:15:00-08:00,2025-01-17 22:30:00-08:00,REAL_TIME_15_MIN,DLAP_SCE-APND,DLAP,57.6854,58.47481,0.0,-0.78941,0.0
2025-01-17 22:30:00-08:00,2025-01-17 22:30:00-08:00,2025-01-17 22:45:00-08:00,REAL_TIME_15_MIN,DLAP_SCE-APND,DLAP,54.78754,55.44175,0.0,-0.65421,0.0
2025-01-17 22:45:00-08:00,2025-01-17 22:45:00-08:00,2025-01-17 23:00:00-08:00,REAL_TIME_15_MIN,DLAP_SCE-APND,DLAP,52.24702,52.74813,0.0,-0.50111,0.0
2025-01-17 23:00:00-08:00,2025-01-17 23:00:00-08:00,2025-01-17 23:15:00-08:00,REAL_TIME_15_MIN,DLAP_SCE-APND,DLAP,54.67452,55.26587,0.0,-0.59134,0.0
2025-01-17 23:15:00-08:00,2025-01-17 23:15:00-08:00,2025-01-17 23:30:00-08:00,REAL_TIME_15_MIN,DLAP_SCE-APND,DLAP,52.86827,53.37533,0.0,-0.50707,0.0
2025-01-17 23:30:00-08:00,2025-01-17 23:30:00-08:00,2025-01-17 23:45:00-08:00,REAL_TIME_15_MIN,DLAP_SCE-APND,DLAP,56.54954,56.91952,0.0,-0.36998,0.0
2025-01-17 23:45:00-08:00,2025-01-17 23:45:00-08:00,2025-01-18 00:00:00-08:00,REAL_TIME_15_MIN,DLAP_SCE-APND,DLAP,57.32138,57.57471,0.0,-0.25333,0.0
2025-01-18 00:00:00-08:00,2025-01-18 00:00:00-08:00,2025-01-18 00:15:00-08:00,REAL_TIME_15_MIN,DLAP_SCE-APND,DLAP,57.57989,58.02085,0.0,-0.44096,0.0
2025-01-18 00:15:00-08:00,2025-01-18 00:15:00-08:00,2025-01-18 00:30:00-08:00,REAL_TIME_15_MIN,DLAP_SCE-APND,DLAP,57.7346,58.43075,0.0167,-0.71286,0.0
2025-01-18 00:30:00-08:00,2025-01-18 00:30:00-08:00,2025-01-18 00:45:00-08:00,REAL_TIME_15_MIN,DLAP_SCE-APND,DLAP,59.11285,59.94197,0.01007,-0.83919,0.0
2025-01-18 00:45:00-08:00,2025-01-18 00:45:00-08:00,2025-01-18 01:00:00-08:00,REAL_TIME_15_MIN,DLAP_SCE-APND,DLAP,58.46227,59.10056,0.0,-0.63829,0.0
2025-01-18 01:00:00-08:00,2025-01-18 01:00:00-08:00,2025-01-18 01:15:00-08:00,REAL_TIME_15_MIN,DLAP_SCE-APND,DLAP,57.88898,58.43241,0.0,-0.54342,0.0
2025-01-18 01:15:00-08:00,2025-01-18 01:15:00-08:00,2025-01-18 01:30:00-08:00,REAL_TIME_15_MIN,DLAP_SCE-APND,DLAP,57.79981,58.3012,0.0,-0.50139,0.0
2025-01-18 01:30:00-08:00,2025-01-18 01:30:00-08:00,2025-01-18 01:45:00-08:00,REAL_TIME_15_MIN,DLAP_SCE-APND,DLAP,53.8909,54.29537,0.13305,-0.53752,0.0
2025-01-18 01:45:00-08:00,2025-01-18 01:45:00-08:00,2025-01-18 02:00:00-08:00,REAL_TIME_15_MIN,DLAP_SCE-APND,DLAP,52.47347,52.90198,0.0,-0.42851,0.0
2025-01-18 02:00:00-08:00,2025-01-18 02:00:00-08:00,2025-01-18 02:15:00-08:00,REAL_TIME_15_MIN,DLAP_SCE-APND,DLAP,52.5972,52.91469,0.0,-0.31749,0.0
2025-01-18 02:15:00-08:00,2025-01-18 02:15:00-08:00,2025-01-18 02:30:00-08:00,REAL_TIME_15_MIN,DLAP_SCE-APND,DLAP,52.69705,52.99381,0.0,-0.29677,0.0
2025-01-18 02:30:00-08:00,2025-01-18 02:30:00-08:00,2025-01-18 02:45:00-08:00,REAL_TIME_15_MIN,DLAP_SCE-APND,DLAP,52.26852,52.7113,0.0,-0.44277,0.0
2025-01-18 02:45:00-08:00,2025-01-18 02:45:00-08:00,2025-01-18 03:00:00-08:00,REAL_TIME_15_MIN,DLAP_SCE-APND,DLAP,51.09188,51.56109,0.0,-0.46921,0.0
2025-01-18 03:00:00-08:00,2025-01-18 03:00:00-08:00,2025-01-18 03:15:00-08:00,REAL_TIME_15_MIN,DLAP_SCE-APND,DLAP,51.52132,51.8584,0.0,-0.33708,0.0
2025-01-18 03:15:00-08:00,2025-01-18 03:15:00-08:00,2025-01-18 03:30:00-08:00,REAL_TIME_15_MIN,DLAP_SCE-APND,DLAP,50.74851,51.08053,0.0,-0.33202,0.0
2025-01-18 03:30:00-08:00,2025-01-18 03:30:00-08:00,2025-01-18 03:45:00-08:00,REAL_TIME_15_MIN,DLAP_SCE-APND,DLAP,50.79613,51.14391,0.0,-0.34778,0.0
2025-01-18 03:45:00-08:00,2025-01-18 03:45:00-08:00,2025-01-18 04:00:00-08:00,REAL_TIME_15_MIN,DLAP_SCE-APND,DLAP,50.52841,50.89998,0.0,-0.37157,0.0
2025-01-18 04:00:00-08:00,2025-01-18 04:00:00-08:00,2025-01-18 04:15:00-08:00,REAL_TIME_15_MIN,DLAP_SCE-APND,DLAP,50.46471,50.77444,0.0,-0.30972,0.0
2025-01-18 04:15:00-08:00,2025-01-18 04:15:00-08:00,2025-01-18 04:30:00-08:00,REAL_TIME_15_MIN,DLAP_SCE-APND,DLAP,50.83471,51.1776,0.0,-0.34289,0.0
2025-01-18 04:30:00-08:00,2025-01-18 04:30:00-08:00,2025-01-18 04:45:00-08:00,REAL_TIME_15_MIN,DLAP_SCE-APND,DLAP,51.22868,51.6106,0.0,-0.38192,0.0
2025-01-18 04:45:00-08:00,2025-01-18 04:45:00-08:00,2025-01-18 05:00:00-08:00,REAL_TIME_15_MIN,DLAP_SCE-APND,DLAP,52.82713,53.19417,0.0,-0.36704,0.0
2025-01-18 05:00:00-08:00,2025-01-18 05:00:00-08:00,2025-01-18 05:15:00-08:00,REAL_TIME_15_MIN,DLAP_SCE-APND,DLAP,44.77979,45.08264,0.08035,-0.3832,0.0
2025-01-18 05:15:00-08:00,2025-01-18 05:15:00-08:00,2025-01-18 05:30:00-08:00,REAL_TIME_15_MIN,DLAP_SCE-APND,DLAP,45.54145,45.56817,0.34694,-0.37366,0.0
2025-01-18 05:30:00-08:00,2025-01-18 05:30:00-08:00,2025-01-18 05:45:00-08:00,REAL_TIME_15_MIN,DLAP_SCE-APND,DLAP,46.61259,46.44444,0.61401,-0.44587,0.0
2025-01-18 05:45:00-08:00,2025-01-18 05:45:00-08:00,2025-01-18 06:00:00-08:00,REAL_TIME_15_MIN,DLAP_SCE-APND,DLAP,51.31242,50.89294,0.89788,-0.47839,0.0
2025-01-18 06:00:00-08:00,2025-01-18 06:00:00-08:00,2025-01-18 06:15:00-08:00,REAL_TIME_15_MIN,DLAP_SCE-APND,DLAP,48.55247,48.85902,0.01592,-0.32247,0.0
2025-01-18 06:15:00-08:00,2025-01-18 06:15:00-08:00,2025-01-18 06:30:00-08:00,REAL_TIME_15_MIN,DLAP_SCE-APND,DLAP,51.21301,51.61041,0.0,-0.3974,0.0
2025-01-18 06:30:00-08:00,2025-01-18 06:30:00-08:00,2025-01-18 06:45:00-08:00,REAL_TIME_15_MIN,DLAP_SCE-APND,DLAP,55.17916,55.14214,0.38442,-0.3474,0.0
2025-01-18 06:45:00-08:00,2025-01-18 06:45:00-08:00,2025-01-18 07:00:00-08:00,REAL_TIME_15_MIN,DLAP_SCE-APND,DLAP,55.80214,55.87824,0.35975,-0.43585,0.0
2025-01-18 07:00:00-08:00,2025-01-18 07:00:00-08:00,2025-01-18 07:15:00-08:00,REAL_TIME_15_MIN,DLAP_SCE-APND,DLAP,57.91236,57.78255,0.74231,-0.6125,0.0
2025-01-18 07:15:00-08:00,2025-01-18 07:15:00-08:00,2025-01-18 07:30:00-08:00,REAL_TIME_15_MIN,DLAP_SCE-APND,DLAP,56.82357,57.27237,0.47329,-0.92209,0.0
2025-01-18 07:30:00-08:00,2025-01-18 07:30:00-08:00,2025-01-18 07:45:00-08:00,REAL_TIME_15_MIN,DLAP_SCE-APND,DLAP,52.50038,52.85729,0.89053,-1.24743,0.0
2025-01-18 07:45:00-08:00,2025-01-18 07:45:00-08:00,2025-01-18 08:00:00-08:00,REAL_TIME_15_MIN,DLAP_SCE-APND,DLAP,45.38555,45.05738,1.37801,-1.04984,0.0
2025-01-18 08:00:00-08:00,2025-01-18 08:00:00-08:00,2025-01-18 08:15:00-08:00,REAL_TIME_15_MIN,DLAP_SCE-APND,DLAP,53.39302,53.80552,1.47607,-1.88857,0.0
2025-01-18 08:15:00-08:00,2025-01-18 08:15:00-08:00,2025-01-18 08:30:00-08:00,REAL_TIME_15_MIN,DLAP_SCE-APND,DLAP,44.79752,46.49105,0.54269,-2.23622,0.0
2025-01-18 08:30:00-08:00,2025-01-18 08:30:00-08:00,2025-01-18 08:45:00-08:00,REAL_TIME_15_MIN,DLAP_SCE-APND,DLAP,30.39582,33.92855,-1.75827,-1.77446,0.0
2025-01-18 08:45:00-08:00,2025-01-18 08:45:00-08:00,2025-01-18 09:00:00-08:00,REAL_TIME_15_MIN,DLAP_SCE-APND,DLAP,27.24634,26.32252,2.24521,-1.32139,0.0
2025-01-18 09:00:00-08:00,2025-01-18 09:00:00-08:00,2025-01-18 09:15:00-08:00,REAL_TIME_15_MIN,DLAP_SCE-APND,DLAP,34.7884,36.39372,0.18525,-1.79057,0.0
2025-01-18 09:15:00-08:00,2025-01-18 09:15:00-08:00,2025-01-18 09:30:00-08:00,REAL_TIME_15_MIN,DLAP_SCE-APND,DLAP,28.86337,31.73881,-1.39324,-1.4822,0.0
2025-01-18 09:30:00-08:00,2025-01-18 09:30:00-08:00,2025-01-18 09:45:00-08:00,REAL_TIME_15_MIN,DLAP_SCE-APND,DLAP,18.13646,19.88595,-0.92025,-0.82924,0.0
2025-01-18 09:45:00-08:00,2025-01-18 09:45:00-08:00,2025-01-18 10:00:00-08:00,REAL_TIME_15_MIN,DLAP_SCE-APND,DLAP,12.06988,15.59848,-2.87502,-0.65358,0.0
2025-01-18 10:00:00-08:00,2025-01-18 10:00:00-08:00,2025-01-18 10:15:00-08:00,REAL_TIME_15_MIN,DLAP_SCE-APND,DLAP,15.9677,21.47614,-4.55491,-0.95354,0.0
2025-01-18 10:15:00-08:00,2025-01-18 10:15:00-08:00,2025-01-18 10:30:00-08:00,REAL_TIME_15_MIN,DLAP_SCE-APND,DLAP,6.25769,8.94372,-2.29161,-0.39442,0.0
2025-01-18 10:30:00-08:00,2025-01-18 10:30:00-08:00,2025-01-18 10:45:00-08:00,REAL_TIME_15_MIN,DLAP_SCE-APND,DLAP,0.65204,0.38432,0.28337,-0.01564,0.0
2025-01-18 10:45:00-08:00,2025-01-18 10:45:00-08:00,2025-01-18 11:00:00-08:00,REAL_TIME_15_MIN,DLAP_SCE-APND,DLAP,-0.76467,-1.86142,1.02136,0.07539,0.0
2025-01-18 11:00:00-08:00,2025-01-18 11:00:00-08:00,2025-01-18 11:15:00-08:00,REAL_TIME_15_MIN,DLAP_SCE-APND,DLAP,1.98953,0.90496,1.1196,-0.03502,0.0
2025-01-18 11:15:00-08:00,2025-01-18 11:15:00-08:00,2025-01-18 11:30:00-08:00,REAL_TIME_15_MIN,DLAP_SCE-APND,DLAP,0.86359,-0.26204,1.11636,0.00928,0.0
2025-01-18 11:30:00-08:00,2025-01-18 11:30:00-08:00,2025-01-18 11:45:00-08:00,REAL_TIME_15_MIN,DLAP_SCE-APND,DLAP,0.95894,-0.6039,1.54364,0.0192,0.0
2025-01-18 11:45:00-08:00,2025-01-18 11:45:00-08:00,2025-01-18 12:00:00-08:00,REAL_TIME_15_MIN,DLAP_SCE-APND,DLAP,-0.00902,-1.70127,1.64053,0.05172,0.0
2025-01-18 12:00:00-08:00,2025-01-18 12:00:00-08:00,2025-01-18 12:15:00-08:00,REAL_TIME_15_MIN,DLAP_SCE-APND,DLAP,-0.33783,-2.2973,1.95947,0.0,0.0
2025-01-18 12:15:00-08:00,2025-01-18 12:15:00-08:00,2025-01-18 12:30:00-08:00,REAL_TIME_15_MIN,DLAP_SCE-APND,DLAP,0.88891,-1.19889,2.0878,0.0,0.0
2025-01-18 12:30:00-08:00,2025-01-18 12:30:00-08:00,2025-01-18 12:45:00-08:00,REAL_TIME_15_MIN,DLAP_SCE-APND,DLAP,-3.01666,-5.71029,2.51261,0.18102,0.0
2025-01-18 12:45:00-08:00,2025-01-18 12:45:00-08:00,2025-01-18 13:00:00-08:00,REAL_TIME_15_MIN,DLAP_SCE-APND,DLAP,-3.39331,-6.44222,2.85435,0.19456,0.0
2025-01-18 13:00:00-08:00,2025-01-18 13:00:00-08:00,2025-01-18 13:15:00-08:00,REAL_TIME_15_MIN,DLAP_SCE-APND,DLAP,-2.83968,-5.72414,2.88446,0.0,0.0
2025-01-18 13:15:00-08:00,2025-01-18 13:15:00-08:00,2025-01-18 13:30:00-08:00,REAL_TIME_15_MIN,DLAP_SCE-APND,DLAP,-3.33123,-6.43017,2.90153,0.19741,0.0
2025-01-18 13:30:00-08:00,2025-01-18 13:30:00-08:00,2025-01-18 13:45:00-08:00,REAL_TIME_15_MIN,DLAP_SCE-APND,DLAP,-3.43171,-6.47773,2.85688,0.18915,0.0
2025-01-18 13:45:00-08:00,2025-01-18 13:45:00-08:00,2025-01-18 14:00:00-08:00,REAL_TIME_15_MIN,DLAP_SCE-APND,DLAP,-4.87911,-8.01149,2.89123,0.24115,0.0
2025-01-18 14:00:00-08:00,2025-01-18 14:00:00-08:00,2025-01-18 14:15:00-08:00,REAL_TIME_15_MIN,DLAP_SCE-APND,DLAP,-3.76451,-6.67438,2.72766,0.18221,0.0
2025-01-18 14:15:00-08:00,2025-01-18 14:15:00-08:00,2025-01-18 14:30:00-08:00,REAL_TIME_15_MIN,DLAP_SCE-APND,DLAP,-2.25351,-5.09647,2.69618,0.14678,0.0
2025-01-18 14:30:00-08:00,2025-01-18 14:30:00-08:00,2025-01-18 14:45:00-08:00,REAL_TIME_15_MIN,DLAP_SCE-APND,DLAP,-2.27638,-5.59055,3.15484,0.15933,0.0
2025-01-18 14:45:00-08:00,2025-01-18 14:45:00-08:00,2025-01-18 15:00:00-08:00,REAL_TIME_15_MIN,DLAP_SCE-APND,DLAP,1.15432,-2.08654,3.17575,0.0651,0.0
2025-01-18 15:00:00-08:00,2025-01-18 15:00:00-08:00,2025-01-18 15:15:00-08:00,REAL_TIME_15_MIN,DLAP_SCE-APND,DLAP,0.1987,-3.5947,3.66615,0.12725,0.0
2025-01-18 15:15:00-08:00,2025-01-18 15:15:00-08:00,2025-01-18 15:30:00-08:00,REAL_TIME_15_MIN,DLAP_SCE-APND,DLAP,1.93309,-1.80132,3.67749,0.05692,0.0
2025-01-18 15:30:00-08:00,2025-01-18 15:30:00-08:00,2025-01-18 15:45:00-08:00,REAL_TIME_15_MIN,DLAP_SCE-APND,DLAP,32.75784,31.18969,2.38532,-0.81717,0.0
2025-01-18 15:45:00-08:00,2025-01-18 15:45:00-08:00,2025-01-18 16:00:00-08:00,REAL_TIME_15_MIN,DLAP_SCE-APND,DLAP,60.37388,60.23301,1.38167,-1.2408,0.0
2025-01-18 16:00:00-08:00,2025-01-18 16:00:00-08:00,2025-01-18 16:15:00-08:00,REAL_TIME_15_MIN,DLAP_SCE-APND,DLAP,44.64934,44.46903,0.78953,-0.60923,0.0
2025-01-18 16:15:00-08:00,2025-01-18 16:15:00-08:00,2025-01-18 16:30:00-08:00,REAL_TIME_15_MIN,DLAP_SCE-APND,DLAP,53.13485,53.58527,0.10686,-0.55729,0.0
2025-01-18 16:30:00-08:00,2025-01-18 16:30:00-08:00,2025-01-18 16:45:00-08:00,REAL_TIME_15_MIN,DLAP_SCE-APND,DLAP,63.71751,64.08762,0.16182,-0.53193,0.0
2025-01-18 16:45:00-08:00,2025-01-18 16:45:00-08:00,2025-01-18 17:00:00-08:00,REAL_TIME_15_MIN,DLAP_SCE-APND,DLAP,76.36518,76.88028,0.0,-0.5151,0.0
2025-01-18 17:00:00-08:00,2025-01-18 17:00:00-08:00,2025-01-18 17:15:00-08:00,REAL_TIME_15_MIN,DLAP_SCE-APND,DLAP,66.27024,65.12167,1.62396,-0.47539,0.0
2025-01-18 17:15:00-08:00,2025-01-18 17:15:00-08:00,2025-01-18 17:30:00-08:00,REAL_TIME_15_MIN,DLAP_SCE-APND,DLAP,71.96395,70.97627,1.5555,-0.56781,0.0
2025-01-18 17:30:00-08:00,2025-01-18 17:30:00-08:00,2025-01-18 17:45:00-08:00,REAL_TIME_15_MIN,DLAP_SCE-APND,DLAP,77.07107,76.19527,1.67586,-0.80005,0.0
2025-01-18 17:45:00-08:00,2025-01-18 17:45:00-08:00,2025-01-18 18:00:00-08:00,REAL_TIME_15_MIN,DLAP_SCE-APND,DLAP,78.72513,77.55821,2.0666,-0.89968,0.0
2025-01-18 18:00:00-08:00,2025-01-18 18:00:00-08:00,2025-01-18 18:15:00-08:00,REAL_TIME_15_MIN,DLAP_SCE-APND,DLAP,70.36881,70.36072,0.45136,-0.44327,0.0
2025-01-18 18:15:00-08:00,2025-01-18 18:15:00-08:00,2025-01-18 18:30:00-08:00,REAL_TIME_15_MIN,DLAP_SCE-APND,DLAP,70.86938,71.25522,0.15571,-0.54154,0.0
2025-01-18 18:30:00-08:00,2025-01-18 18:30:00-08:00,2025-01-18 18:45:00-08:00,REAL_TIME_15_MIN,DLAP_SCE-APND,DLAP,70.62206,71.21976,0.00055,-0.59825,0.0
2025-01-18 18:45:00-08:00,2025-01-18 18:45:00-08:00,2025-01-18 19:00:00-08:00,REAL_TIME_15_MIN,DLAP_SCE-APND,DLAP,70.48913,70.97889,0.0,-0.48975,0.0
2025-01-18 19:00:00-08:00,2025-01-18 19:00:00-08:00,2025-01-18 19:15:00-08:00,REAL_TIME_15_MIN,DLAP_SCE-APND,DLAP,62.89727,63.52618,0.0,-0.62891,0.0
2025-01-18 19:15:00-08:00,2025-01-18 19:15:00-08:00,2025-01-18 19:30:00-08:00,REAL_TIME_15_MIN,DLAP_SCE-APND,DLAP,60.75771,61.10602,0.0,-0.3483,0.0
2025-01-18 19:30:00-08:00,2025-01-18 19:30:00-08:00,2025-01-18 19:45:00-08:00,REAL_TIME_15_MIN,DLAP_SCE-APND,DLAP,66.05468,66.26008,0.0,-0.20541,0.0
2025-01-18 19:45:00-08:00,2025-01-18 19:45:00-08:00,2025-01-18 20:00:00-08:00,REAL_TIME_15_MIN,DLAP_SCE-APND,DLAP,66.45022,66.53521,0.0015,-0.0865,0.0
2025-01-18 20:00:00-08:00,2025-01-18 20:00:00-08:00,2025-01-18 20:15:00-08:00,REAL_TIME_15_MIN,DLAP_SCE-APND,DLAP,68.03968,63.13946,4.90022,0.0,0.0
2025-01-18 20:15:00-08:00,2025-01-18 20:15:00-08:00,2025-01-18 20:30:00-08:00,REAL_TIME_15_MIN,DLAP_SCE-APND,DLAP,69.69828,63.27354,6.42474,0.0,0.0
2025-01-18 20:30:00-08:00,2025-01-18 20:30:00-08:00,2025-01-18 20:45:00-08:00,REAL_TIME_15_MIN,DLAP_SCE-APND,DLAP,70.68508,64.31436,6.37073,0.0,0.0
2025-01-18 20:45:00-08:00,2025-01-18 20:45:00-08:00,2025-01-18 21:00:00-08:00,REAL_TIME_15_MIN,DLAP_SCE-APND,DLAP,70.85341,67.71683,3.13658,0.0,0.0
2025-01-18 21:00:00-08:00,2025-01-18 21:00:00-08:00,2025-01-18 21:15:00-08:00,REAL_TIME_15_MIN,DLAP_SCE-APND,DLAP,65.0,65.0,0.0,0.0,0.0
2025-01-18 21:15:00-08:00,2025-01-18 21:15:00-08:00,2025-01-18 21:30:00-08:00,REAL_TIME_15_MIN,DLAP_SCE-APND,DLAP,67.00317,67.23176,0.0,-0.22859,0.0
2025-01-18 21:30:00-08:00,2025-01-18 21:30:00-08:00,2025-01-18 21:45:00-08:00,REAL_TIME_15_MIN,DLAP_SCE-APND,DLAP,72.59356,70.98949,1.64665,-0.04259,0.0
2025-01-18 21:45:00-08:00,2025-01-18 21:45:00-08:00,2025-01-18 22:00:00-08:00,REAL_TIME_15_MIN,DLAP_SCE-APND,DLAP,77.66896,69.23275,8.58852,-0.15231,0.0
2025-01-18 22:00:00-08:00,2025-01-18 22:00:00-08:00,2025-01-18 22:15:00-08:00,REAL_TIME_15_MIN,DLAP_SCE-APND,DLAP,78.17762,74.66169,3.59059,-0.07466,0.0
2025-01-18 22:15:00-08:00,2025-01-18 22:15:00-08:00,2025-01-18 22:30:00-08:00,REAL_TIME_15_MIN,DLAP_SCE-APND,DLAP,78.27094,71.90333,6.46109,-0.09347,0.0
2025-01-18 22:30:00-08:00,2025-01-18 22:30:00-08:00,2025-01-18 22:45:00-08:00,REAL_TIME_15_MIN,DLAP_SCE-APND,DLAP,81.87891,70.88293,11.08813,-0.09215,0.0
2025-01-18 22:45:00-08:00,2025-01-18 22:45:00-08:00,2025-01-18 23:00:00-08:00,REAL_TIME_15_MIN,DLAP_SCE-APND,DLAP,87.52569,72.2013,15.44713,-0.12274,0.0
2025-01-18 23:00:00-08:00,2025-01-18 23:00:00-08:00,2025-01-18 23:15:00-08:00,REAL_TIME_15_MIN,DLAP_SCE-APND,DLAP,87.08836,78.24232,8.94775,-0.10172,0.0
2025-01-18 23:15:00-08:00,2025-01-18 23:15:00-08:00,2025-01-18 23:30:00-08:00,REAL_TIME_15_MIN,DLAP_SCE-APND,DLAP,89.03365,77.48274,11.5974,-0.04649,0.0
2025-01-18 23:30:00-08:00,2025-01-18 23:30:00-08:00,2025-01-18 23:45:00-08:00,REAL_TIME_15_MIN,DLAP_SCE-APND,DLAP,87.16795,73.89087,13.33619,-0.05911,0.0
2025-01-18 23:45:00-08:00,2025-01-18 23:45:00-08:00,2025-01-19 00:00:00-08:00,REAL_TIME_15_MIN,DLAP_SCE-APND,DLAP,85.38457,72.11839,13.38878,-0.1226,0.0
2025-01-19 00:00:00-08:00,2025-01-19 00:00:00-08:00,2025-01-19 00:15:00-08:00,REAL_TIME_15_MIN,DLAP_SCE-APND,DLAP,82.34614,75.97597,6.31699,0.05318,0.0
2025-01-19 00:15:00-08:00,2025-01-19 00:15:00-08:00,2025-01-19 00:30:00-08:00,REAL_TIME_15_MIN,DLAP_SCE-APND,DLAP,78.76509,69.18691,9.64045,-0.06227,0.0
2025-01-19 00:30:00-08:00,2025-01-19 00:30:00-08:00,2025-01-19 00:45:00-08:00,REAL_TIME_15_MIN,DLAP_SCE-APND,DLAP,81.08866,70.74515,10.44963,-0.10612,0.0
2025-01-19 00:45:00-08:00,2025-01-19 00:45:00-08:00,2025-01-19 01:00:00-08:00,REAL_TIME_15_MIN,DLAP_SCE-APND,DLAP,72.37345,65.04589,7.36659,-0.03903,0.0
2025-01-19 01:00:00-08:00,2025-01-19 01:00:00-08:00,2025-01-19 01:15:00-08:00,REAL_TIME_15_MIN,DLAP_SCE-APND,DLAP,76.57561,73.92464,2.68793,-0.03696,0.0
2025-01-19 01:15:00-08:00,2025-01-19 01:15:00-08:00,2025-01-19 01:30:00-08:00,REAL_TIME_15_MIN,DLAP_SCE-APND,DLAP,76.83189,74.06477,2.78193,-0.01481,0.0
2025-01-19 01:30:00-08:00,2025-01-19 01:30:00-08:00,2025-01-19 01:45:00-08:00,REAL_TIME_15_MIN,DLAP_SCE-APND,DLAP,74.42147,72.77724,1.60783,0.03639,0.0
2025-01-19 01:45:00-08:00,2025-01-19 01:45:00-08:00,2025-01-19 02:00:00-08:00,REAL_TIME_15_MIN,DLAP_SCE-APND,DLAP,72.15294,69.67603,2.40723,0.06968,0.0
2025-01-19 02:00:00-08:00,2025-01-19 02:00:00-08:00,2025-01-19 02:15:00-08:00,REAL_TIME_15_MIN,DLAP_SCE-APND,DLAP,72.47368,68.1435,4.22796,0.10222,0.0
2025-01-19 02:15:00-08:00,2025-01-19 02:15:00-08:00,2025-01-19 02:30:00-08:00,REAL_TIME_15_MIN,DLAP_SCE-APND,DLAP,72.61318,68.2771,4.26098,0.0751,0.0
2025-01-19 02:30:00-08:00,2025-01-19 02:30:00-08:00,2025-01-19 02:45:00-08:00,REAL_TIME_15_MIN,DLAP_SCE-APND,DLAP,77.2915,68.86109,8.31334,0.11706,0.0
2025-01-19 02:45:00-08:00,2025-01-19 02:45:00-08:00,2025-01-19 03:00:00-08:00,REAL_TIME_15_MIN,DLAP_SCE-APND,DLAP,76.90841,68.58489,8.2275,0.09602,0.0
2025-01-19 03:00:00-08:00,2025-01-19 03:00:00-08:00,2025-01-19 03:15:00-08:00,REAL_TIME_15_MIN,DLAP_SCE-APND,DLAP,75.09765,73.49085,1.54066,0.06614,0.0
2025-01-19 03:15:00-08:00,2025-01-19 03:15:00-08:00,2025-01-19 03:30:00-08:00,REAL_TIME_15_MIN,DLAP_SCE-APND,DLAP,77.08883,74.10236,2.88273,0.10374,0.0
2025-01-19 03:30:00-08:00,2025-01-19 03:30:00-08:00,2025-01-19 03:45:00-08:00,REAL_TIME_15_MIN,DLAP_SCE-APND,DLAP,74.82977,73.46687,1.22332,0.13959,0.0
2025-01-19 03:45:00-08:00,2025-01-19 03:45:00-08:00,2025-01-19 04:00:00-08:00,REAL_TIME_15_MIN,DLAP_SCE-APND,DLAP,72.03994,72.03125,0.00149,0.0072,0.0
2025-01-19 04:00:00-08:00,2025-01-19 04:00:00-08:00,2025-01-19 04:15:00-08:00,REAL_TIME_15_MIN,DLAP_SCE-APND,DLAP,66.76893,64.03913,2.58891,0.14089,0.0
2025-01-19 04:15:00-08:00,2025-01-19 04:15:00-08:00,2025-01-19 04:30:00-08:00,REAL_TIME_15_MIN,DLAP_SCE-APND,DLAP,65.42242,65.2643,0.00149,0.15663,0.0
2025-01-19 04:30:00-08:00,2025-01-19 04:30:00-08:00,2025-01-19 04:45:00-08:00,REAL_TIME_15_MIN,DLAP_SCE-APND,DLAP,71.11594,70.95126,0.00149,0.16319,0.0
2025-01-19 04:45:00-08:00,2025-01-19 04:45:00-08:00,2025-01-19 05:00:00-08:00,REAL_TIME_15_MIN,DLAP_SCE-APND,DLAP,72.01559,71.84883,0.0015,0.16525,0.0
2025-01-19 05:00:00-08:00,2025-01-19 05:00:00-08:00,2025-01-19 05:15:00-08:00,REAL_TIME_15_MIN,DLAP_SCE-APND,DLAP,66.88966,63.66934,3.03567,0.18464,0.0
2025-01-19 05:15:00-08:00,2025-01-19 05:15:00-08:00,2025-01-19 05:30:00-08:00,REAL_TIME_15_MIN,DLAP_SCE-APND,DLAP,65.63378,63.35896,2.06573,0.20908,0.0
2025-01-19 05:30:00-08:00,2025-01-19 05:30:00-08:00,2025-01-19 05:45:00-08:00,REAL_TIME_15_MIN,DLAP_SCE-APND,DLAP,69.88692,69.56543,0.00149,0.32,0.0
2025-01-19 05:45:00-08:00,2025-01-19 05:45:00-08:00,2025-01-19 06:00:00-08:00,REAL_TIME_15_MIN,DLAP_SCE-APND,DLAP,71.29219,71.0577,0.0,0.23449,0.0
2025-01-19 06:00:00-08:00,2025-01-19 06:00:00-08:00,2025-01-19 06:15:00-08:00,REAL_TIME_15_MIN,DLAP_SCE-APND,DLAP,72.21075,66.60449,5.26658,0.33968,0.0
2025-01-19 06:15:00-08:00,2025-01-19 06:15:00-08:00,2025-01-19 06:30:00-08:00,REAL_TIME_15_MIN,DLAP_SCE-APND,DLAP,75.22304,72.19263,2.71276,0.31765,0.0
2025-01-19 06:30:00-08:00,2025-01-19 06:30:00-08:00,2025-01-19 06:45:00-08:00,REAL_TIME_15_MIN,DLAP_SCE-APND,DLAP,91.57796,82.67292,8.67356,0.23148,0.0
2025-01-19 06:45:00-08:00,2025-01-19 06:45:00-08:00,2025-01-19 07:00:00-08:00,REAL_TIME_15_MIN,DLAP_SCE-APND,DLAP,84.09054,83.49265,0.28896,0.30892,0.0
2025-01-19 07:00:00-08:00,2025-01-19 07:00:00-08:00,2025-01-19 07:15:00-08:00,REAL_TIME_15_MIN,DLAP_SCE-APND,DLAP,83.95328,83.87779,0.0,0.07549,0.0
2025-01-19 07:15:00-08:00,2025-01-19 07:15:00-08:00,2025-01-19 07:30:00-08:00,REAL_TIME_15_MIN,DLAP_SCE-APND,DLAP,82.45247,82.8668,0.0,-0.41433,0.0
2025-01-19 07:30:00-08:00,2025-01-19 07:30:00-08:00,2025-01-19 07:45:00-08:00,REAL_TIME_15_MIN,DLAP_SCE-APND,DLAP,58.1091,59.16821,0.0,-1.05911,0.0
2025-01-19 07:45:00-08:00,2025-01-19 07:45:00-08:00,2025-01-19 08:00:00-08:00,REAL_TIME_15_MIN,DLAP_SCE-APND,DLAP,56.86573,57.81388,0.0,-0.94815,0.0
2025-01-19 08:00:00-08:00,2025-01-19 08:00:00-08:00,2025-01-19 08:15:00-08:00,REAL_TIME_15_MIN,DLAP_SCE-APND,DLAP,55.43987,56.47333,0.0,-1.03346,0.0
2025-01-19 08:15:00-08:00,2025-01-19 08:15:00-08:00,2025-01-19 08:30:00-08:00,REAL_TIME_15_MIN,DLAP_SCE-APND,DLAP,46.2732,46.86259,1.257,-1.84639,0.0
2025-01-19 08:30:00-08:00,2025-01-19 08:30:00-08:00,2025-01-19 08:45:00-08:00,REAL_TIME_15_MIN,DLAP_SCE-APND,DLAP,37.6563,38.13218,1.0494,-1.52529,0.0
2025-01-19 08:45:00-08:00,2025-01-19 08:45:00-08:00,2025-01-19 09:00:00-08:00,REAL_TIME_15_MIN,DLAP_SCE-APND,DLAP,34.72183,34.98375,1.03597,-1.2979,0.0
2025-01-19 09:00:00-08:00,2025-01-19 09:00:00-08:00,2025-01-19 09:15:00-08:00,REAL_TIME_15_MIN,DLAP_SCE-APND,DLAP,35.64613,37.53179,-0.37689,-1.50878,0.0
2025-01-19 09:15:00-08:00,2025-01-19 09:15:00-08:00,2025-01-19 09:30:00-08:00,REAL_TIME_15_MIN,DLAP_SCE-APND,DLAP,31.26282,34.8925,-2.13628,-1.4934,0.0
2025-01-19 09:30:00-08:00,2025-01-19 09:30:00-08:00,2025-01-19 09:45:00-08:00,REAL_TIME_15_MIN,DLAP_SCE-APND,DLAP,21.7274,27.73428,-4.98348,-1.02339,0.0
2025-01-19 09:45:00-08:00,2025-01-19 09:45:00-08:00,2025-01-19 10:00:00-08:00,REAL_TIME_15_MIN,DLAP_SCE-APND,DLAP,17.72977,26.32721,-7.67071,-0.92672,0.0
2025-01-19 10:00:00-08:00,2025-01-19 10:00:00-08:00,2025-01-19 10:15:00-08:00,REAL_TIME_15_MIN,DLAP_SCE-APND,DLAP,27.71342,35.38327,-6.40667,-1.26318,0.0
2025-01-19 10:15:00-08:00,2025-01-19 10:15:00-08:00,2025-01-19 10:30:00-08:00,REAL_TIME_15_MIN,DLAP_SCE-APND,DLAP,24.85965,33.42266,-7.36647,-1.19653,0.0
2025-01-19 10:30:00-08:00,2025-01-19 10:30:00-08:00,2025-01-19 10:45:00-08:00,REAL_TIME_15_MIN,DLAP_SCE-APND,DLAP,18.36177,25.48659,-6.19965,-0.92516,0.0
2025-01-19 10:45:00-08:00,2025-01-19 10:45:00-08:00,2025-01-19 11:00:00-08:00,REAL_TIME_15_MIN,DLAP_SCE-APND,DLAP,17.08564,23.62843,-5.70162,-0.84117,0.0
2025-01-19 11:00:00-08:00,2025-01-19 11:00:00-08:00,2025-01-19 11:15:00-08:00,REAL_TIME_15_MIN,DLAP_SCE-APND,DLAP,31.89421,32.58889,0.44919,-1.14387,0.0
2025-01-19 11:15:00-08:00,2025-01-19 11:15:00-08:00,2025-01-19 11:30:00-08:00,REAL_TIME_15_MIN,DLAP_SCE-APND,DLAP,33.02308,35.25997,-0.92521,-1.31167,0.0
2025-01-19 11:30:00-08:00,2025-01-19 11:30:00-08:00,2025-01-19 11:45:00-08:00,REAL_TIME_15_MIN,DLAP_SCE-APND,DLAP,29.23453,31.8308,-1.53949,-1.05678,0.0
2025-01-19 11:45:00-08:00,2025-01-19 11:45:00-08:00,2025-01-19 12:00:00-08:00,REAL_TIME_15_MIN,DLAP_SCE-APND,DLAP,22.07663,25.67375,-2.70367,-0.89345,0.0
2025-01-19 12:00:00-08:00,2025-01-19 12:00:00-08:00,2025-01-19 12:15:00-08:00,REAL_TIME_15_MIN,DLAP_SCE-APND,DLAP,30.85521,31.16206,0.80563,-1.11249,0.0
2025-01-19 12:15:00-08:00,2025-01-19 12:15:00-08:00,2025-01-19 12:30:00-08:00,REAL_TIME_15_MIN,DLAP_SCE-APND,DLAP,25.90351,26.65478,0.19764,-0.94891,0.0
2025-01-19 12:30:00-08:00,2025-01-19 12:30:00-08:00,2025-01-19 12:45:00-08:00,REAL_TIME_15_MIN,DLAP_SCE-APND,DLAP,18.68171,21.99674,-2.55394,-0.76109,0.0
2025-01-19 12:45:00-08:00,2025-01-19 12:45:00-08:00,2025-01-19 13:00:00-08:00,REAL_TIME_15_MIN,DLAP_SCE-APND,DLAP,11.00145,16.06883,-4.51944,-0.54795,0.0
2025-01-19 13:00:00-08:00,2025-01-19 13:00:00-08:00,2025-01-19 13:15:00-08:00,REAL_TIME_15_MIN,DLAP_SCE-APND,DLAP,11.54117,19.54035,-7.32114,-0.67805,0.0
2025-01-19 13:15:00-08:00,2025-01-19 13:15:00-08:00,2025-01-19 13:30:00-08:00,REAL_TIME_15_MIN,DLAP_SCE-APND,DLAP,6.44668,12.82063,-5.91754,-0.45641,0.0
2025-01-19 13:30:00-08:00,2025-01-19 13:30:00-08:00,2025-01-19 13:45:00-08:00,REAL_TIME_15_MIN,DLAP_SCE-APND,DLAP,0.88666,5.57773,-4.47967,-0.2114,0.0
2025-01-19 13:45:00-08:00,2025-01-19 13:45:00-08:00,2025-01-19 14:00:00-08:00,REAL_TIME_15_MIN,DLAP_SCE-APND,DLAP,0.74169,15.01023,-13.65912,-0.60942,0.0
2025-01-19 14:00:00-08:00,2025-01-19 14:00:00-08:00,2025-01-19 14:15:00-08:00,REAL_TIME_15_MIN,DLAP_SCE-APND,DLAP,5.10016,20.43156,-14.48553,-0.84587,0.0
2025-01-19 14:15:00-08:00,2025-01-19 14:15:00-08:00,2025-01-19 14:30:00-08:00,REAL_TIME_15_MIN,DLAP_SCE-APND,DLAP,8.31448,24.51915,-15.219,-0.98567,0.0
2025-01-19 14:30:00-08:00,2025-01-19 14:30:00-08:00,2025-01-19 14:45:00-08:00,REAL_TIME_15_MIN,DLAP_SCE-APND,DLAP,10.75688,27.66104,-15.77836,-1.1258,0.0
2025-01-19 14:45:00-08:00,2025-01-19 14:45:00-08:00,2025-01-19 15:00:00-08:00,REAL_TIME_15_MIN,DLAP_SCE-APND,DLAP,16.28266,32.4585,-14.92618,-1.24965,0.0
2025-01-19 15:00:00-08:00,2025-01-19 15:00:00-08:00,2025-01-19 15:15:00-08:00,REAL_TIME_15_MIN,DLAP_SCE-APND,DLAP,13.83295,22.31958,-7.68536,-0.80127,0.0
2025-01-19 15:15:00-08:00,2025-01-19 15:15:00-08:00,2025-01-19 15:30:00-08:00,REAL_TIME_15_MIN,DLAP_SCE-APND,DLAP,24.99179,31.54702,-5.52048,-1.03474,0.0
2025-01-19 15:30:00-08:00,2025-01-19 15:30:00-08:00,2025-01-19 15:45:00-08:00,REAL_TIME_15_MIN,DLAP_SCE-APND,DLAP,48.18229,48.9083,0.5456,-1.27162,0.0
2025-01-19 15:45:00-08:00,2025-01-19 15:45:00-08:00,2025-01-19 16:00:00-08:00,REAL_TIME_15_MIN,DLAP_SCE-APND,DLAP,59.9582,61.03662,0.124,-1.20242,0.0
2025-01-19 16:00:00-08:00,2025-01-19 16:00:00-08:00,2025-01-19 16:15:00-08:00,REAL_TIME_15_MIN,DLAP_SCE-APND,DLAP,49.52884,50.27288,0.0,-0.74404,0.0
2025-01-19 16:15:00-08:00,2025-01-19 16:15:00-08:00,2025-01-19 16:30:00-08:00,REAL_TIME_15_MIN,DLAP_SCE-APND,DLAP,55.83272,56.76364,0.0,-0.93092,0.0
2025-01-19 16:30:00-08:00,2025-01-19 16:30:00-08:00,2025-01-19 16:45:00-08:00,REAL_TIME_15_MIN,DLAP_SCE-APND,DLAP,71.91871,72.95466,0.0,-1.03596,0.0
2025-01-19 16:45:00-08:00,2025-01-19 16:45:00-08:00,2025-01-19 17:00:00-08:00,REAL_TIME_15_MIN,DLAP_SCE-APND,DLAP,82.41311,83.49859,0.0,-1.08548,0.0
2025-01-19 17:00:00-08:00,2025-01-19 17:00:00-08:00,2025-01-19 17:15:00-08:00,REAL_TIME_15_MIN,DLAP_SCE-APND,DLAP,69.02117,69.36104,0.0,-0.33987,0.0
2025-01-19 17:15:00-08:00,2025-01-19 17:15:00-08:00,2025-01-19 17:30:00-08:00,REAL_TIME_15_MIN,DLAP_SCE-APND,DLAP,70.77742,71.29071,0.0,-0.51329,0.0
2025-01-19 17:30:00-08:00,2025-01-19 17:30:00-08:00,2025-01-19 17:45:00-08:00,REAL_TIME_15_MIN,DLAP_SCE-APND,DLAP,72.47515,73.19983,0.0,-0.72468,0.0
2025-01-19 17:45:00-08:00,2025-01-19 17:45:00-08:00,2025-01-19 18:00:00-08:00,REAL_TIME_15_MIN,DLAP_SCE-APND,DLAP,75.34339,76.41318,0.0,-1.06978,0.0
2025-01-19 18:00:00-08:00,2025-01-19 18:00:00-08:00,2025-01-19 18:15:00-08:00,REAL_TIME_15_MIN,DLAP_SCE-APND,DLAP,71.53719,72.5088,0.0,-0.97162,0.0
2025-01-19 18:15:00-08:00,2025-01-19 18:15:00-08:00,2025-01-19 18:30:00-08:00,REAL_TIME_15_MIN,DLAP_SCE-APND,DLAP,71.32888,72.37837,0.0,-1.04949,0.0
2025-01-19 18:30:00-08:00,2025-01-19 18:30:00-08:00,2025-01-19 18:45:00-08:00,REAL_TIME_15_MIN,DLAP_SCE-APND,DLAP,71.45437,72.30294,-0.00263,-0.84594,0.0
2025-01-19 18:45:00-08:00,2025-01-19 18:45:00-08:00,2025-01-19 19:00:00-08:00,REAL_TIME_15_MIN,DLAP_SCE-APND,DLAP,67.79525,68.20103,-0.01021,-0.39557,0.0
2025-01-19 19:00:00-08:00,2025-01-19 19:00:00-08:00,2025-01-19 19:15:00-08:00,REAL_TIME_15_MIN,DLAP_SCE-APND,DLAP,69.59666,69.98156,0.0,-0.3849,0.0
2025-01-19 19:15:00-08:00,2025-01-19 19:15:00-08:00,2025-01-19 19:30:00-08:00,REAL_TIME_15_MIN,DLAP_SCE-APND,DLAP,69.77869,70.10819,0.0,-0.32951,0.0
2025-01-19 19:30:00-08:00,2025-01-19 19:30:00-08:00,2025-01-19 19:45:00-08:00,REAL_TIME_15_MIN,DLAP_SCE-APND,DLAP,71.89676,72.01198,0.0,-0.11522,0.0
2025-01-19 19:45:00-08:00,2025-01-19 19:45:00-08:00,2025-01-19 20:00:00-08:00,REAL_TIME_15_MIN,DLAP_SCE-APND,DLAP,71.2877,71.40194,0.0,-0.11424,0.0
2025-01-19 20:00:00-08:00,2025-01-19 20:00:00-08:00,2025-01-19 20:15:00-08:00,REAL_TIME_15_MIN,DLAP_SCE-APND,DLAP,71.78822,72.10548,0.0,-0.31726,0.0
2025-01-19 20:15:00-08:00,2025-01-19 20:15:00-08:00,2025-01-19 20:30:00-08:00,REAL_TIME_15_MIN,DLAP_SCE-APND,DLAP,71.91697,72.07553,0.0,-0.15857,0.0
2025-01-19 20:30:00-08:00,2025-01-19 20:30:00-08:00,2025-01-19 20:45:00-08:00,REAL_TIME_15_MIN,DLAP_SCE-APND,DLAP,72.00415,72.0618,0.0,-0.05765,0.0
2025-01-19 20:45:00-08:00,2025-01-19 20:45:00-08:00,2025-01-19 21:00:00-08:00,REAL_TIME_15_MIN,DLAP_SCE-APND,DLAP,71.20306,71.36005,0.0,-0.15699,0.0
2025-01-19 21:00:00-08:00,2025-01-19 21:00:00-08:00,2025-01-19 21:15:00-08:00,REAL_TIME_15_MIN,DLAP_SCE-APND,DLAP,69.9628,70.48438,0.0,-0.52158,0.0
2025-01-19 21:15:00-08:00,2025-01-19 21:15:00-08:00,2025-01-19 21:30:00-08:00,REAL_TIME_15_MIN,DLAP_SCE-APND,DLAP,68.45966,68.94226,0.0,-0.4826,0.0
2025-01-19 21:30:00-08:00,2025-01-19 21:30:00-08:00,2025-01-19 21:45:00-08:00,REAL_TIME_15_MIN,DLAP_SCE-APND,DLAP,68.9357,69.24036,0.0,-0.30466,0.0
2025-01-19 21:45:00-08:00,2025-01-19 21:45:00-08:00,2025-01-19 22:00:00-08:00,REAL_TIME_15_MIN,DLAP_SCE-APND,DLAP,70.60434,70.59728,0.0,0.00706,0.0
2025-01-19 22:00:00-08:00,2025-01-19 22:00:00-08:00,2025-01-19 22:15:00-08:00,REAL_TIME_15_MIN,DLAP_SCE-APND,DLAP,72.28874,72.54264,0.0,-0.2539,0.0
2025-01-19 22:15:00-08:00,2025-01-19 22:15:00-08:00,2025-01-19 22:30:00-08:00,REAL_TIME_15_MIN,DLAP_SCE-APND,DLAP,71.81121,72.01284,0.0,-0.20164,0.0
2025-01-19 22:30:00-08:00,2025-01-19 22:30:00-08:00,2025-01-19 22:45:00-08:00,REAL_TIME_15_MIN,DLAP_SCE-APND,DLAP,71.58891,71.46028,0.0,0.12863,0.0
2025-01-19 22:45:00-08:00,2025-01-19 22:45:00-08:00,2025-01-19 23:00:00-08:00,REAL_TIME_15_MIN,DLAP_SCE-APND,DLAP,70.84491,70.50648,0.0,0.33843,0.0
2025-01-19 23:00:00-08:00,2025-01-19 23:00:00-08:00,2025-01-19 23:15:00-08:00,REAL_TIME_15_MIN,DLAP_SCE-APND,DLAP,69.3551,69.12698,0.0,0.22812,0.0
2025-01-19 23:15:00-08:00,2025-01-19 23:15:00-08:00,2025-01-19 23:30:00-08:00,REAL_TIME_15_MIN,DLAP_SCE-APND,DLAP,69.35936,68.73989,0.28264,0.33683,0.0
2025-01-19 23:30:00-08:00,2025-01-19 23:30:00-08:00,2025-01-19 23:45:00-08:00,REAL_TIME_15_MIN,DLAP_SCE-APND,DLAP,69.75162,67.43798,2.13156,0.18208,0.0
2025-01-19 23:45:00-08:00,2025-01-19 23:45:00-08:00,2025-01-20 00:00:00-08:00,REAL_TIME_15_MIN,DLAP_SCE-APND,DLAP,70.92609,65.8885,4.93876,0.09883,0.0
2025-01-20 00:00:00-08:00,2025-01-20 00:00:00-08:00,2025-01-20 00:15:00-08:00,REAL_TIME_15_MIN,DLAP_SCE-APND,DLAP,73.22841,73.5816,0.0,-0.35319,0.0
2025-01-20 00:15:00-08:00,2025-01-20 00:15:00-08:00,2025-01-20 00:30:00-08:00,REAL_TIME_15_MIN,DLAP_SCE-APND,DLAP,73.95584,74.29761,0.0,-0.34177,0.0
2025-01-20 00:30:00-08:00,2025-01-20 00:30:00-08:00,2025-01-20 00:45:00-08:00,REAL_TIME_15_MIN,DLAP_SCE-APND,DLAP,73.84514,74.09707,0.0,-0.25193,0.0
2025-01-20 00:45:00-08:00,2025-01-20 00:45:00-08:00,2025-01-20 01:00:00-08:00,REAL_TIME_15_MIN,DLAP_SCE-APND,DLAP,70.81473,70.92111,0.0,-0.10638,0.0
2025-01-20 01:00:00-08:00,2025-01-20 01:00:00-08:00,2025-01-20 01:15:00-08:00,REAL_TIME_15_MIN,DLAP_SCE-APND,DLAP,75.30596,75.47956,0.0,-0.1736,0.0
2025-01-20 01:15:00-08:00,2025-01-20 01:15:00-08:00,2025-01-20 01:30:00-08:00,REAL_TIME_15_MIN,DLAP_SCE-APND,DLAP,75.71371,75.9263,0.0,-0.21259,0.0
2025-01-20 01:30:00-08:00,2025-01-20 01:30:00-08:00,2025-01-20 01:45:00-08:00,REAL_TIME_15_MIN,DLAP_SCE-APND,DLAP,75.23952,75.44322,0.0,-0.2037,0.0
2025-01-20 01:45:00-08:00,2025-01-20 01:45:00-08:00,2025-01-20 02:00:00-08:00,REAL_TIME_15_MIN,DLAP_SCE-APND,DLAP,74.62681,74.67161,0.0,-0.0448,0.0
2025-01-20 02:00:00-08:00,2025-01-20 02:00:00-08:00,2025-01-20 02:15:00-08:00,REAL_TIME_15_MIN,DLAP_SCE-APND,DLAP,76.11662,76.06338,0.0,0.05324,0.0
2025-01-20 02:15:00-08:00,2025-01-20 02:15:00-08:00,2025-01-20 02:30:00-08:00,REAL_TIME_15_MIN,DLAP_SCE-APND,DLAP,77.14708,77.10853,0.0,0.03855,0.0
2025-01-20 02:30:00-08:00,2025-01-20 02:30:00-08:00,2025-01-20 02:45:00-08:00,REAL_TIME_15_MIN,DLAP_SCE-APND,DLAP,78.31454,78.24412,0.0,0.07042,0.0
2025-01-20 02:45:00-08:00,2025-01-20 02:45:00-08:00,2025-01-20 03:00:00-08:00,REAL_TIME_15_MIN,DLAP_SCE-APND,DLAP,77.36332,77.20815,0.00076,0.15442,0.0
2025-01-20 03:00:00-08:00,2025-01-20 03:00:00-08:00,2025-01-20 03:15:00-08:00,REAL_TIME_15_MIN,DLAP_SCE-APND,DLAP,77.61432,77.45791,0.0015,0.15492,0.0
2025-01-20 03:15:00-08:00,2025-01-20 03:15:00-08:00,2025-01-20 03:30:00-08:00,REAL_TIME_15_MIN,DLAP_SCE-APND,DLAP,75.15356,75.116,0.0,0.03756,0.0
2025-01-20 03:30:00-08:00,2025-01-20 03:30:00-08:00,2025-01-20 03:45:00-08:00,REAL_TIME_15_MIN,DLAP_SCE-APND,DLAP,78.43454,78.45023,0.0,-0.01569,0.0
2025-01-20 03:45:00-08:00,2025-01-20 03:45:00-08:00,2025-01-20 04:00:00-08:00,REAL_TIME_15_MIN,DLAP_SCE-APND,DLAP,79.05836,79.12957,0.0,-0.07122,0.0
2025-01-20 04:00:00-08:00,2025-01-20 04:00:00-08:00,2025-01-20 04:15:00-08:00,REAL_TIME_15_MIN,DLAP_SCE-APND,DLAP,63.77603,63.68686,0.0,0.08916,0.0
2025-01-20 04:15:00-08:00,2025-01-20 04:15:00-08:00,2025-01-20 04:30:00-08:00,REAL_TIME_15_MIN,DLAP_SCE-APND,DLAP,67.8538,67.75894,0.0,0.09486,0.0
2025-01-20 04:30:00-08:00,2025-01-20 04:30:00-08:00,2025-01-20 04:45:00-08:00,REAL_TIME_15_MIN,DLAP_SCE-APND,DLAP,71.15641,71.0073,0.0,0.14912,0.0
2025-01-20 04:45:00-08:00,2025-01-20 04:45:00-08:00,2025-01-20 05:00:00-08:00,REAL_TIME_15_MIN,DLAP_SCE-APND,DLAP,74.98653,74.85927,0.0,0.12726,0.0
2025-01-20 05:00:00-08:00,2025-01-20 05:00:00-08:00,2025-01-20 05:15:00-08:00,REAL_TIME_15_MIN,DLAP_SCE-APND,DLAP,65.37736,64.97205,0.09994,0.30537,0.0
2025-01-20 05:15:00-08:00,2025-01-20 05:15:00-08:00,2025-01-20 05:30:00-08:00,REAL_TIME_15_MIN,DLAP_SCE-APND,DLAP,69.51019,67.81645,1.40892,0.28483,0.0
2025-01-20 05:30:00-08:00,2025-01-20 05:30:00-08:00,2025-01-20 05:45:00-08:00,REAL_TIME_15_MIN,DLAP_SCE-APND,DLAP,75.13323,74.86821,0.00298,0.26204,0.0
2025-01-20 05:45:00-08:00,2025-01-20 05:45:00-08:00,2025-01-20 06:00:00-08:00,REAL_TIME_15_MIN,DLAP_SCE-APND,DLAP,79.64864,79.43416,0.0,0.21447,0.0
2025-01-20 06:00:00-08:00,2025-01-20 06:00:00-08:00,2025-01-20 06:15:00-08:00,REAL_TIME_15_MIN,DLAP_SCE-APND,DLAP,76.72659,69.21151,7.51508,0.0,0.0
2025-01-20 06:15:00-08:00,2025-01-20 06:15:00-08:00,2025-01-20 06:30:00-08:00,REAL_TIME_15_MIN,DLAP_SCE-APND,DLAP,79.07609,74.14586,4.93023,0.0,0.0
2025-01-20 06:30:00-08:00,2025-01-20 06:30:00-08:00,2025-01-20 06:45:00-08:00,REAL_TIME_15_MIN,DLAP_SCE-APND,DLAP,90.37464,82.6234,7.75124,0.0,0.0
2025-01-20 06:45:00-08:00,2025-01-20 06:45:00-08:00,2025-01-20 07:00:00-08:00,REAL_TIME_15_MIN,DLAP_SCE-APND,DLAP,81.70779,80.16702,1.54077,0.0,0.0
2025-01-20 07:00:00-08:00,2025-01-20 07:00:00-08:00,2025-01-20 07:15:00-08:00,REAL_TIME_15_MIN,DLAP_SCE-APND,DLAP,87.68495,87.75364,0.00151,-0.0702,0.0
2025-01-20 07:15:00-08:00,2025-01-20 07:15:00-08:00,2025-01-20 07:30:00-08:00,REAL_TIME_15_MIN,DLAP_SCE-APND,DLAP,90.28563,90.86718,0.0,-0.58155,0.0
2025-01-20 07:30:00-08:00,2025-01-20 07:30:00-08:00,2025-01-20 07:45:00-08:00,REAL_TIME_15_MIN,DLAP_SCE-APND,DLAP,76.21439,77.35931,0.0,-1.14492,0.0
2025-01-20 07:45:00-08:00,2025-01-20 07:45:00-08:00,2025-01-20 08:00:00-08:00,REAL_TIME_15_MIN,DLAP_SCE-APND,DLAP,58.64425,59.96957,0.0,-1.32533,0.0
2025-01-20 08:00:00-08:00,2025-01-20 08:00:00-08:00,2025-01-20 08:15:00-08:00,REAL_TIME_15_MIN,DLAP_SCE-APND,DLAP,66.66525,67.90405,0.29583,-1.53463,0.0
2025-01-20 08:15:00-08:00,2025-01-20 08:15:00-08:00,2025-01-20 08:30:00-08:00,REAL_TIME_15_MIN,DLAP_SCE-APND,DLAP,61.32373,61.7407,1.6143,-2.03127,0.0
2025-01-20 08:30:00-08:00,2025-01-20 08:30:00-08:00,2025-01-20 08:45:00-08:00,REAL_TIME_15_MIN,DLAP_SCE-APND,DLAP,51.42138,52.63622,1.34328,-2.55812,0.0
2025-01-20 08:45:00-08:00,2025-01-20 08:45:00-08:00,2025-01-20 09:00:00-08:00,REAL_TIME_15_MIN,DLAP_SCE-APND,DLAP,48.79777,49.7875,1.3453,-2.33503,0.0
2025-01-20 09:00:00-08:00,2025-01-20 09:00:00-08:00,2025-01-20 09:15:00-08:00,REAL_TIME_15_MIN,DLAP_SCE-APND,DLAP,51.22462,52.19063,1.28862,-2.25464,0.0
2025-01-20 09:15:00-08:00,2025-01-20 09:15:00-08:00,2025-01-20 09:30:00-08:00,REAL_TIME_15_MIN,DLAP_SCE-APND,DLAP,49.16819,49.93799,1.28765,-2.05745,0.0
2025-01-20 09:30:00-08:00,2025-01-20 09:30:00-08:00,2025-01-20 09:45:00-08:00,REAL_TIME_15_MIN,DLAP_SCE-APND,DLAP,48.98838,49.93638,1.26917,-2.21718,0.0
2025-01-20 09:45:00-08:00,2025-01-20 09:45:00-08:00,2025-01-20 10:00:00-08:00,REAL_TIME_15_MIN,DLAP_SCE-APND,DLAP,40.24537,45.53127,-3.15504,-2.13086,0.0
2025-01-20 10:00:00-08:00,2025-01-20 10:00:00-08:00,2025-01-20 10:15:00-08:00,REAL_TIME_15_MIN,DLAP_SCE-APND,DLAP,43.8287,50.13394,-4.09433,-2.21091,0.0
2025-01-20 10:15:00-08:00,2025-01-20 10:15:00-08:00,2025-01-20 10:30:00-08:00,REAL_TIME_15_MIN,DLAP_SCE-APND,DLAP,40.5998,48.21451,-5.30042,-2.3143,0.0
2025-01-20 10:30:00-08:00,2025-01-20 10:30:00-08:00,2025-01-20 10:45:00-08:00,REAL_TIME_15_MIN,DLAP_SCE-APND,DLAP,28.97684,39.97924,-9.09139,-1.91101,0.0
2025-01-20 10:45:00-08:00,2025-01-20 10:45:00-08:00,2025-01-20 11:00:00-08:00,REAL_TIME_15_MIN,DLAP_SCE-APND,DLAP,26.87789,34.66462,-6.24762,-1.53911,0.0
2025-01-20 11:00:00-08:00,2025-01-20 11:00:00-08:00,2025-01-20 11:15:00-08:00,REAL_TIME_15_MIN,DLAP_SCE-APND,DLAP,42.36045,43.25972,1.02146,-1.92073,0.0
2025-01-20 11:15:00-08:00,2025-01-20 11:15:00-08:00,2025-01-20 11:30:00-08:00,REAL_TIME_15_MIN,DLAP_SCE-APND,DLAP,41.1571,42.09886,0.95269,-1.89445,0.0
2025-01-20 11:30:00-08:00,2025-01-20 11:30:00-08:00,2025-01-20 11:45:00-08:00,REAL_TIME_15_MIN,DLAP_SCE-APND,DLAP,33.4295,36.12847,-1.07319,-1.62578,0.0
2025-01-20 11:45:00-08:00,2025-01-20 11:45:00-08:00,2025-01-20 12:00:00-08:00,REAL_TIME_15_MIN,DLAP_SCE-APND,DLAP,32.11366,33.91174,-0.25849,-1.53959,0.0
2025-01-20 12:00:00-08:00,2025-01-20 12:00:00-08:00,2025-01-20 12:15:00-08:00,REAL_TIME_15_MIN,DLAP_SCE-APND,DLAP,34.27893,39.46577,-3.35168,-1.83516,0.0
2025-01-20 12:15:00-08:00,2025-01-20 12:15:00-08:00,2025-01-20 12:30:00-08:00,REAL_TIME_15_MIN,DLAP_SCE-APND,DLAP,33.27415,38.59154,-3.55761,-1.75977,0.0
2025-01-20 12:30:00-08:00,2025-01-20 12:30:00-08:00,2025-01-20 12:45:00-08:00,REAL_TIME_15_MIN,DLAP_SCE-APND,DLAP,29.0661,33.75442,-3.14238,-1.54595,0.0
2025-01-20 12:45:00-08:00,2025-01-20 12:45:00-08:00,2025-01-20 13:00:00-08:00,REAL_TIME_15_MIN,DLAP_SCE-APND,DLAP,26.02852,26.69026,0.5073,-1.16903,0.0
2025-01-20 13:00:00-08:00,2025-01-20 13:00:00-08:00,2025-01-20 13:15:00-08:00,REAL_TIME_15_MIN,DLAP_SCE-APND,DLAP,23.37807,27.12768,-2.61838,-1.13122,0.0
2025-01-20 13:15:00-08:00,2025-01-20 13:15:00-08:00,2025-01-20 13:30:00-08:00,REAL_TIME_15_MIN,DLAP_SCE-APND,DLAP,19.5612,25.51228,-4.92548,-1.02559,0.0
2025-01-20 13:30:00-08:00,2025-01-20 13:30:00-08:00,2025-01-20 13:45:00-08:00,REAL_TIME_15_MIN,DLAP_SCE-APND,DLAP,10.39063,18.6144,-7.46616,-0.75761,0.0
2025-01-20 13:45:00-08:00,2025-01-20 13:45:00-08:00,2025-01-20 14:00:00-08:00,REAL_TIME_15_MIN,DLAP_SCE-APND,DLAP,10.78437,22.17708,-10.50341,-0.8893,0.0
2025-01-20 14:00:00-08:00,2025-01-20 14:00:00-08:00,2025-01-20 14:15:00-08:00,REAL_TIME_15_MIN,DLAP_SCE-APND,DLAP,6.21578,14.22658,-7.446,-0.5648,0.0
2025-01-20 14:15:00-08:00,2025-01-20 14:15:00-08:00,2025-01-20 14:30:00-08:00,REAL_TIME_15_MIN,DLAP_SCE-APND,DLAP,4.14762,9.30682,-4.76739,-0.39182,0.0
2025-01-20 14:30:00-08:00,2025-01-20 14:30:00-08:00,2025-01-20 14:45:00-08:00,REAL_TIME_15_MIN,DLAP_SCE-APND,DLAP,-2.34507,17.60266,-19.16793,-0.7798,0.0
2025-01-20 14:45:00-08:00,2025-01-20 14:45:00-08:00,2025-01-20 15:00:00-08:00,REAL_TIME_15_MIN,DLAP_SCE-APND,DLAP,-2.62047,8.52259,-10.73994,-0.40312,0.0
2025-01-20 15:00:00-08:00,2025-01-20 15:00:00-08:00,2025-01-20 15:15:00-08:00,REAL_TIME_15_MIN,DLAP_SCE-APND,DLAP,-2.92179,-3.21709,0.15889,0.1364,0.0
2025-01-20 15:15:00-08:00,2025-01-20 15:15:00-08:00,2025-01-20 15:30:00-08:00,REAL_TIME_15_MIN,DLAP_SCE-APND,DLAP,21.74446,29.62604,-6.6758,-1.20578,0.0
2025-01-20 15:30:00-08:00,2025-01-20 15:30:00-08:00,2025-01-20 15:45:00-08:00,REAL_TIME_15_MIN,DLAP_SCE-APND,DLAP,51.37218,52.04117,0.86102,-1.53001,0.0
2025-01-20 15:45:00-08:00,2025-01-20 15:45:00-08:00,2025-01-20 16:00:00-08:00,REAL_TIME_15_MIN,DLAP_SCE-APND,DLAP,64.02388,65.08095,0.56344,-1.62052,0.0
2025-01-20 16:00:00-08:00,2025-01-20 16:00:00-08:00,2025-01-20 16:15:00-08:00,REAL_TIME_15_MIN,DLAP_SCE-APND,DLAP,53.65468,54.68272,0.0,-1.02804,0.0
2025-01-20 16:15:00-08:00,2025-01-20 16:15:00-08:00,2025-01-20 16:30:00-08:00,REAL_TIME_15_MIN,DLAP_SCE-APND,DLAP,63.53054,64.78081,0.0,-1.25027,0.0
2025-01-20 16:30:00-08:00,2025-01-20 16:30:00-08:00,2025-01-20 16:45:00-08:00,REAL_TIME_15_MIN,DLAP_SCE-APND,DLAP,86.67407,88.32576,0.0,-1.65169,0.0
2025-01-20 16:45:00-08:00,2025-01-20 16:45:00-08:00,2025-01-20 17:00:00-08:00,REAL_TIME_15_MIN,DLAP_SCE-APND,DLAP,93.22414,95.10726,0.0,-1.88312,0.0
2025-01-20 17:00:00-08:00,2025-01-20 17:00:00-08:00,2025-01-20 17:15:00-08:00,REAL_TIME_15_MIN,DLAP_SCE-APND,DLAP,77.22151,78.59696,0.0,-1.37545,0.0
2025-01-20 17:15:00-08:00,2025-01-20 17:15:00-08:00,2025-01-20 17:30:00-08:00,REAL_TIME_15_MIN,DLAP_SCE-APND,DLAP,80.18092,81.84232,0.0,-1.6614,0.0
2025-01-20 17:30:00-08:00,2025-01-20 17:30:00-08:00,2025-01-20 17:45:00-08:00,REAL_TIME_15_MIN,DLAP_SCE-APND,DLAP,87.99929,90.09859,0.0,-2.0993,0.0
2025-01-20 17:45:00-08:00,2025-01-20 17:45:00-08:00,2025-01-20 18:00:00-08:00,REAL_TIME_15_MIN,DLAP_SCE-APND,DLAP,91.85597,94.06291,0.08819,-2.29514,0.0
2025-01-20 18:00:00-08:00,2025-01-20 18:00:00-08:00,2025-01-20 18:15:00-08:00,REAL_TIME_15_MIN,DLAP_SCE-APND,DLAP,85.90738,87.43722,0.03529,-1.56513,0.0
2025-01-20 18:15:00-08:00,2025-01-20 18:15:00-08:00,2025-01-20 18:30:00-08:00,REAL_TIME_15_MIN,DLAP_SCE-APND,DLAP,85.68066,87.00581,0.02344,-1.34859,0.0
2025-01-20 18:30:00-08:00,2025-01-20 18:30:00-08:00,2025-01-20 18:45:00-08:00,REAL_TIME_15_MIN,DLAP_SCE-APND,DLAP,85.28707,85.30738,0.90953,-0.92985,0.0
2025-01-20 18:45:00-08:00,2025-01-20 18:45:00-08:00,2025-01-20 19:00:00-08:00,REAL_TIME_15_MIN,DLAP_SCE-APND,DLAP,88.23169,86.33012,2.81667,-0.9151,0.0
2025-01-20 19:00:00-08:00,2025-01-20 19:00:00-08:00,2025-01-20 19:15:00-08:00,REAL_TIME_15_MIN,DLAP_SCE-APND,DLAP,86.98511,87.67776,0.0,-0.69265,0.0
2025-01-20 19:15:00-08:00,2025-01-20 19:15:00-08:00,2025-01-20 19:30:00-08:00,REAL_TIME_15_MIN,DLAP_SCE-APND,DLAP,85.7638,86.30754,0.0,-0.54374,0.0
2025-01-20 19:30:00-08:00,2025-01-20 19:30:00-08:00,2025-01-20 19:45:00-08:00,REAL_TIME_15_MIN,DLAP_SCE-APND,DLAP,89.63995,90.18103,0.0,-0.54109,0.0
2025-01-20 19:45:00-08:00,2025-01-20 19:45:00-08:00,2025-01-20 20:00:00-08:00,REAL_TIME_15_MIN,DLAP_SCE-APND,DLAP,88.73619,89.06573,0.0,-0.32954,0.0
2025-01-20 20:00:00-08:00,2025-01-20 20:00:00-08:00,2025-01-20 20:15:00-08:00,REAL_TIME_15_MIN,DLAP_SCE-APND,DLAP,87.61029,87.94018,0.03946,-0.36935,0.0
2025-01-20 20:15:00-08:00,2025-01-20 20:15:00-08:00,2025-01-20 20:30:00-08:00,REAL_TIME_15_MIN,DLAP_SCE-APND,DLAP,87.3224,87.57637,0.0,-0.25397,0.0
2025-01-20 20:30:00-08:00,2025-01-20 20:30:00-08:00,2025-01-20 20:45:00-08:00,REAL_TIME_15_MIN,DLAP_SCE-APND,DLAP,90.19327,87.4304,3.02517,-0.26229,0.0
2025-01-20 20:45:00-08:00,2025-01-20 20:45:00-08:00,2025-01-20 21:00:00-08:00,REAL_TIME_15_MIN,DLAP_SCE-APND,DLAP,89.79819,85.72491,4.29616,-0.22288,0.0
2025-01-20 21:00:00-08:00,2025-01-20 21:00:00-08:00,2025-01-20 21:15:00-08:00,REAL_TIME_15_MIN,DLAP_SCE-APND,DLAP,84.1398,84.12433,0.15007,-0.1346,0.0
2025-01-20 21:15:00-08:00,2025-01-20 21:15:00-08:00,2025-01-20 21:30:00-08:00,REAL_TIME_15_MIN,DLAP_SCE-APND,DLAP,84.51084,81.10562,3.53499,-0.12977,0.0
2025-01-20 21:30:00-08:00,2025-01-20 21:30:00-08:00,2025-01-20 21:45:00-08:00,REAL_TIME_15_MIN,DLAP_SCE-APND,DLAP,82.25251,79.56797,2.79594,-0.1114,0.0
2025-01-20 21:45:00-08:00,2025-01-20 21:45:00-08:00,2025-01-20 22:00:00-08:00,REAL_TIME_15_MIN,DLAP_SCE-APND,DLAP,85.37811,80.2549,5.25162,-0.12841,0.0
2025-01-20 22:00:00-08:00,2025-01-20 22:00:00-08:00,2025-01-20 22:15:00-08:00,REAL_TIME_15_MIN,DLAP_SCE-APND,DLAP,82.76132,83.11873,0.0,-0.35741,0.0
2025-01-20 22:15:00-08:00,2025-01-20 22:15:00-08:00,2025-01-20 22:30:00-08:00,REAL_TIME_15_MIN,DLAP_SCE-APND,DLAP,77.55894,77.93302,0.0,-0.37408,0.0
2025-01-20 22:30:00-08:00,2025-01-20 22:30:00-08:00,2025-01-20 22:45:00-08:00,REAL_TIME_15_MIN,DLAP_SCE-APND,DLAP,76.71388,76.937,0.0,-0.22312,0.0
2025-01-20 22:45:00-08:00,2025-01-20 22:45:00-08:00,2025-01-20 23:00:00-08:00,REAL_TIME_15_MIN,DLAP_SCE-APND,DLAP,75.10874,75.14632,0.0,-0.03757,0.0
2025-01-20 23:00:00-08:00,2025-01-20 23:00:00-08:00,2025-01-20 23:15:00-08:00,REAL_TIME_15_MIN,DLAP_SCE-APND,DLAP,75.15473,75.24502,0.0,-0.09029,0.0
2025-01-20 23:15:00-08:00,2025-01-20 23:15:00-08:00,2025-01-20 23:30:00-08:00,REAL_TIME_15_MIN,DLAP_SCE-APND,DLAP,74.73553,72.57861,2.04079,0.11613,0.0
2025-01-20 23:30:00-08:00,2025-01-20 23:30:00-08:00,2025-01-20 23:45:00-08:00,REAL_TIME_15_MIN,DLAP_SCE-APND,DLAP,73.75241,71.92585,1.70429,0.12227,0.0
2025-01-20 23:45:00-08:00,2025-01-20 23:45:00-08:00,2025-01-21 00:00:00-08:00,REAL_TIME_15_MIN,DLAP_SCE-APND,DLAP,71.77181,68.94367,2.78678,0.04137,0.0
2025-01-21 00:00:00-08:00,2025-01-21 00:00:00-08:00,2025-01-21 00:15:00-08:00,REAL_TIME_15_MIN,DLAP_SCE-APND,DLAP,85.71381,83.78987,1.84853,0.07541,0.0
2025-01-21 00:15:00-08:00,2025-01-21 00:15:00-08:00,2025-01-21 00:30:00-08:00,REAL_TIME_15_MIN,DLAP_SCE-APND,DLAP,79.90398,78.80723,1.10463,-0.00788,0.0
2025-01-21 00:30:00-08:00,2025-01-21 00:30:00-08:00,2025-01-21 00:45:00-08:00,REAL_TIME_15_MIN,DLAP_SCE-APND,DLAP,77.11853,77.32731,0.0,-0.20878,0.0
2025-01-21 00:45:00-08:00,2025-01-21 00:45:00-08:00,2025-01-21 01:00:00-08:00,REAL_TIME_15_MIN,DLAP_SCE-APND,DLAP,74.09115,74.33646,0.0,-0.24531,0.0
2025-01-21 01:00:00-08:00,2025-01-21 01:00:00-08:00,2025-01-21 01:15:00-08:00,REAL_TIME_15_MIN,DLAP_SCE-APND,DLAP,76.32206,77.03075,0.0,-0.70868,0.0
2025-01-21 01:15:00-08:00,2025-01-21 01:15:00-08:00,2025-01-21 01:30:00-08:00,REAL_TIME_15_MIN,DLAP_SCE-APND,DLAP,71.5454,72.07878,0.0,-0.53338,0.0
2025-01-21 01:30:00-08:00,2025-01-21 01:30:00-08:00,2025-01-21 01:45:00-08:00,REAL_TIME_15_MIN,DLAP_SCE-APND,DLAP,71.30724,71.85333,0.0,-0.54609,0.0
2025-01-21 01:45:00-08:00,2025-01-21 01:45:00-08:00,2025-01-21 02:00:00-08:00,REAL_TIME_15_MIN,DLAP_SCE-APND,DLAP,70.79044,71.1891,0.0,-0.39866,0.0
2025-01-21 02:00:00-08:00,2025-01-21 02:00:00-08:00,2025-01-21 02:15:00-08:00,REAL_TIME_15_MIN,DLAP_SCE-APND,DLAP,70.84505,71.05823,0.0,-0.21317,0.0
2025-01-21 02:15:00-08:00,2025-01-21 02:15:00-08:00,2025-01-21 02:30:00-08:00,REAL_TIME_15_MIN,DLAP_SCE-APND,DLAP,70.98147,71.33099,0.0,-0.34952,0.0
2025-01-21 02:30:00-08:00,2025-01-21 02:30:00-08:00,2025-01-21 02:45:00-08:00,REAL_TIME_15_MIN,DLAP_SCE-APND,DLAP,70.84883,71.38422,0.0,-0.53538,0.0
2025-01-21 02:45:00-08:00,2025-01-21 02:45:00-08:00,2025-01-21 03:00:00-08:00,REAL_TIME_15_MIN,DLAP_SCE-APND,DLAP,70.57608,71.18112,0.0,-0.60504,0.0
2025-01-21 03:00:00-08:00,2025-01-21 03:00:00-08:00,2025-01-21 03:15:00-08:00,REAL_TIME_15_MIN,DLAP_SCE-APND,DLAP,70.34907,70.92355,0.0,-0.57448,0.0
2025-01-21 03:15:00-08:00,2025-01-21 03:15:00-08:00,2025-01-21 03:30:00-08:00,REAL_TIME_15_MIN,DLAP_SCE-APND,DLAP,70.33392,71.01567,0.0,-0.68175,0.0
2025-01-21 03:30:00-08:00,2025-01-21 03:30:00-08:00,2025-01-21 03:45:00-08:00,REAL_TIME_15_MIN,DLAP_SCE-APND,DLAP,70.59624,71.33095,0.0,-0.73471,0.0
2025-01-21 03:45:00-08:00,2025-01-21 03:45:00-08:00,2025-01-21 04:00:00-08:00,REAL_TIME_15_MIN,DLAP_SCE-APND,DLAP,71.44117,72.25037,0.0,-0.8092,0.0
2025-01-21 04:00:00-08:00,2025-01-21 04:00:00-08:00,2025-01-21 04:15:00-08:00,REAL_TIME_15_MIN,DLAP_SCE-APND,DLAP,66.96581,67.38359,0.0,-0.41778,0.0
2025-01-21 04:15:00-08:00,2025-01-21 04:15:00-08:00,2025-01-21 04:30:00-08:00,REAL_TIME_15_MIN,DLAP_SCE-APND,DLAP,69.13397,69.69151,0.0,-0.55753,0.0
2025-01-21 04:30:00-08:00,2025-01-21 04:30:00-08:00,2025-01-21 04:45:00-08:00,REAL_TIME_15_MIN,DLAP_SCE-APND,DLAP,71.62706,72.2484,0.0,-0.62134,0.0
2025-01-21 04:45:00-08:00,2025-01-21 04:45:00-08:00,2025-01-21 05:00:00-08:00,REAL_TIME_15_MIN,DLAP_SCE-APND,DLAP,77.67058,78.32854,0.0,-0.65796,0.0
2025-01-21 05:00:00-08:00,2025-01-21 05:00:00-08:00,2025-01-21 05:15:00-08:00,REAL_TIME_15_MIN,DLAP_SCE-APND,DLAP,70.83571,70.93502,0.0,-0.09931,0.0
2025-01-21 05:15:00-08:00,2025-01-21 05:15:00-08:00,2025-01-21 05:30:00-08:00,REAL_TIME_15_MIN,DLAP_SCE-APND,DLAP,74.14328,74.35147,0.0,-0.20818,0.0
2025-01-21 05:30:00-08:00,2025-01-21 05:30:00-08:00,2025-01-21 05:45:00-08:00,REAL_TIME_15_MIN,DLAP_SCE-APND,DLAP,79.92184,80.2267,0.0,-0.30486,0.0
2025-01-21 05:45:00-08:00,2025-01-21 05:45:00-08:00,2025-01-21 06:00:00-08:00,REAL_TIME_15_MIN,DLAP_SCE-APND,DLAP,93.31698,93.80476,0.0,-0.48778,0.0
2025-01-21 06:00:00-08:00,2025-01-21 06:00:00-08:00,2025-01-21 06:15:00-08:00,REAL_TIME_15_MIN,DLAP_SCE-APND,DLAP,75.31945,74.51174,0.87477,-0.06706,0.0
2025-01-21 06:15:00-08:00,2025-01-21 06:15:00-08:00,2025-01-21 06:30:00-08:00,REAL_TIME_15_MIN,DLAP_SCE-APND,DLAP,79.51989,79.94359,0.0,-0.4237,0.0
2025-01-21 06:30:00-08:00,2025-01-21 06:30:00-08:00,2025-01-21 06:45:00-08:00,REAL_TIME_15_MIN,DLAP_SCE-APND,DLAP,84.21635,85.00692,0.0,-0.79056,0.0
2025-01-21 06:45:00-08:00,2025-01-21 06:45:00-08:00,2025-01-21 07:00:00-08:00,REAL_TIME_15_MIN,DLAP_SCE-APND,DLAP,87.55146,89.07464,0.0,-1.52318,0.0
2025-01-21 07:00:00-08:00,2025-01-21 07:00:00-08:00,2025-01-21 07:15:00-08:00,REAL_TIME_15_MIN,DLAP_SCE-APND,DLAP,87.2652,89.51195,0.0,-2.24675,0.0
2025-01-21 07:15:00-08:00,2025-01-21 07:15:00-08:00,2025-01-21 07:30:00-08:00,REAL_TIME_15_MIN,DLAP_SCE-APND,DLAP,84.53661,86.99867,0.0,-2.46206,0.0
2025-01-21 07:30:00-08:00,2025-01-21 07:30:00-08:00,2025-01-21 07:45:00-08:00,REAL_TIME_15_MIN,DLAP_SCE-APND,DLAP,70.60307,72.88435,0.0,-2.28128,0.0
2025-01-21 07:45:00-08:00,2025-01-21 07:45:00-08:00,2025-01-21 08:00:00-08:00,REAL_TIME_15_MIN,DLAP_SCE-APND,DLAP,62.99932,63.93304,1.00346,-1.93717,0.0
2025-01-21 08:00:00-08:00,2025-01-21 08:00:00-08:00,2025-01-21 08:15:00-08:00,REAL_TIME_15_MIN,DLAP_SCE-APND,DLAP,67.41725,68.41723,2.243,-3.24298,0.0
2025-01-21 08:15:00-08:00,2025-01-21 08:15:00-08:00,2025-01-21 08:30:00-08:00,REAL_TIME_15_MIN,DLAP_SCE-APND,DLAP,60.77726,58.48059,4.84058,-2.54391,0.0
2025-01-21 08:30:00-08:00,2025-01-21 08:30:00-08:00,2025-01-21 08:45:00-08:00,REAL_TIME_15_MIN,DLAP_SCE-APND,DLAP,41.5571,49.01237,-4.7841,-2.67117,0.0
2025-01-21 08:45:00-08:00,2025-01-21 08:45:00-08:00,2025-01-21 09:00:00-08:00,REAL_TIME_15_MIN,DLAP_SCE-APND,DLAP,35.65608,33.50725,3.62315,-1.47432,0.0
2025-01-21 09:00:00-08:00,2025-01-21 09:00:00-08:00,2025-01-21 09:15:00-08:00,REAL_TIME_15_MIN,DLAP_SCE-APND,DLAP,38.81522,42.81235,-2.33602,-1.66112,0.0
2025-01-21 09:15:00-08:00,2025-01-21 09:15:00-08:00,2025-01-21 09:30:00-08:00,REAL_TIME_15_MIN,DLAP_SCE-APND,DLAP,34.37846,39.81802,-3.75924,-1.68032,0.0
2025-01-21 09:30:00-08:00,2025-01-21 09:30:00-08:00,2025-01-21 09:45:00-08:00,REAL_TIME_15_MIN,DLAP_SCE-APND,DLAP,31.45941,38.44357,-5.38107,-1.6031,0.0
2025-01-21 09:45:00-08:00,2025-01-21 09:45:00-08:00,2025-01-21 10:00:00-08:00,REAL_TIME_15_MIN,DLAP_SCE-APND,DLAP,28.26287,33.0183,-3.50404,-1.25139,0.0
2025-01-21 10:00:00-08:00,2025-01-21 10:00:00-08:00,2025-01-21 10:15:00-08:00,REAL_TIME_15_MIN,DLAP_SCE-APND,DLAP,28.67141,37.22024,-6.79575,-1.75307,0.0
2025-01-21 10:15:00-08:00,2025-01-21 10:15:00-08:00,2025-01-21 10:30:00-08:00,REAL_TIME_15_MIN,DLAP_SCE-APND,DLAP,28.30005,33.52502,-3.70629,-1.51868,0.0
2025-01-21 10:30:00-08:00,2025-01-21 10:30:00-08:00,2025-01-21 10:45:00-08:00,REAL_TIME_15_MIN,DLAP_SCE-APND,DLAP,19.95632,30.51096,-9.03519,-1.51945,0.0
2025-01-21 10:45:00-08:00,2025-01-21 10:45:00-08:00,2025-01-21 11:00:00-08:00,REAL_TIME_15_MIN,DLAP_SCE-APND,DLAP,12.01039,20.00218,-7.1477,-0.84409,0.0
2025-01-21 11:00:00-08:00,2025-01-21 11:00:00-08:00,2025-01-21 11:15:00-08:00,REAL_TIME_15_MIN,DLAP_SCE-APND,DLAP,9.45251,31.20013,-20.16265,-1.58497,0.0
2025-01-21 11:15:00-08:00,2025-01-21 11:15:00-08:00,2025-01-21 11:30:00-08:00,REAL_TIME_15_MIN,DLAP_SCE-APND,DLAP,9.90221,29.98682,-18.51629,-1.56831,0.0
2025-01-21 11:30:00-08:00,2025-01-21 11:30:00-08:00,2025-01-21 11:45:00-08:00,REAL_TIME_15_MIN,DLAP_SCE-APND,DLAP,16.57676,28.19678,-10.10303,-1.51699,0.0
2025-01-21 11:45:00-08:00,2025-01-21 11:45:00-08:00,2025-01-21 12:00:00-08:00,REAL_TIME_15_MIN,DLAP_SCE-APND,DLAP,6.83916,21.74836,-13.93921,-0.96998,0.0
2025-01-21 12:00:00-08:00,2025-01-21 12:00:00-08:00,2025-01-21 12:15:00-08:00,REAL_TIME_15_MIN,DLAP_SCE-APND,DLAP,17.14682,20.91062,-2.84791,-0.91589,0.0
2025-01-21 12:15:00-08:00,2025-01-21 12:15:00-08:00,2025-01-21 12:30:00-08:00,REAL_TIME_15_MIN,DLAP_SCE-APND,DLAP,16.4166,20.29486,-3.01775,-0.8605,0.0
2025-01-21 12:30:00-08:00,2025-01-21 12:30:00-08:00,2025-01-21 12:45:00-08:00,REAL_TIME_15_MIN,DLAP_SCE-APND,DLAP,11.7956,19.40549,-6.7444,-0.86548,0.0
2025-01-21 12:45:00-08:00,2025-01-21 12:45:00-08:00,2025-01-21 13:00:00-08:00,REAL_TIME_15_MIN,DLAP_SCE-APND,DLAP,3.82036,9.21527,-5.0051,-0.38981,0.0
2025-01-21 13:00:00-08:00,2025-01-21 13:00:00-08:00,2025-01-21 13:15:00-08:00,REAL_TIME_15_MIN,DLAP_SCE-APND,DLAP,7.81334,21.23577,-12.49656,-0.92588,0.0
2025-01-21 13:15:00-08:00,2025-01-21 13:15:00-08:00,2025-01-21 13:30:00-08:00,REAL_TIME_15_MIN,DLAP_SCE-APND,DLAP,1.40119,7.11546,-5.38767,-0.3266,0.0
2025-01-21 13:30:00-08:00,2025-01-21 13:30:00-08:00,2025-01-21 13:45:00-08:00,REAL_TIME_15_MIN,DLAP_SCE-APND,DLAP,0.08108,18.20788,-17.25464,-0.87216,0.0
2025-01-21 13:45:00-08:00,2025-01-21 13:45:00-08:00,2025-01-21 14:00:00-08:00,REAL_TIME_15_MIN,DLAP_SCE-APND,DLAP,-3.85284,1.35506,-5.14205,-0.06586,0.0
2025-01-21 14:00:00-08:00,2025-01-21 14:00:00-08:00,2025-01-21 14:15:00-08:00,REAL_TIME_15_MIN,DLAP_SCE-APND,DLAP,1.76643,16.90265,-14.37898,-0.75724,0.0
2025-01-21 14:15:00-08:00,2025-01-21 14:15:00-08:00,2025-01-21 14:30:00-08:00,REAL_TIME_15_MIN,DLAP_SCE-APND,DLAP,2.26902,17.98207,-14.90386,-0.80919,0.0
2025-01-21 14:30:00-08:00,2025-01-21 14:30:00-08:00,2025-01-21 14:45:00-08:00,REAL_TIME_15_MIN,DLAP_SCE-APND,DLAP,7.4037,19.53217,-11.31202,-0.81644,0.0
2025-01-21 14:45:00-08:00,2025-01-21 14:45:00-08:00,2025-01-21 15:00:00-08:00,REAL_TIME_15_MIN,DLAP_SCE-APND,DLAP,-4.30743,15.71653,-19.345,-0.67895,0.0
2025-01-21 15:00:00-08:00,2025-01-21 15:00:00-08:00,2025-01-21 15:15:00-08:00,REAL_TIME_15_MIN,DLAP_SCE-APND,DLAP,-9.60601,8.3655,-17.57248,-0.39903,0.0
2025-01-21 15:15:00-08:00,2025-01-21 15:15:00-08:00,2025-01-21 15:30:00-08:00,REAL_TIME_15_MIN,DLAP_SCE-APND,DLAP,-5.56968,12.43251,-17.42159,-0.5806,0.0
2025-01-21 15:30:00-08:00,2025-01-21 15:30:00-08:00,2025-01-21 15:45:00-08:00,REAL_TIME_15_MIN,DLAP_SCE-APND,DLAP,38.1255,38.26249,1.61925,-1.75625,0.0
2025-01-21 15:45:00-08:00,2025-01-21 15:45:00-08:00,2025-01-21 16:00:00-08:00,REAL_TIME_15_MIN,DLAP_SCE-APND,DLAP,55.4683,56.94761,0.3601,-1.83941,0.0
2025-01-21 16:00:00-08:00,2025-01-21 16:00:00-08:00,2025-01-21 16:15:00-08:00,REAL_TIME_15_MIN,DLAP_SCE-APND,DLAP,44.81482,45.74808,0.0,-0.93326,0.0
2025-01-21 16:15:00-08:00,2025-01-21 16:15:00-08:00,2025-01-21 16:30:00-08:00,REAL_TIME_15_MIN,DLAP_SCE-APND,DLAP,58.76749,59.36202,0.18311,-0.77764,0.0
2025-01-21 16:30:00-08:00,2025-01-21 16:30:00-08:00,2025-01-21 16:45:00-08:00,REAL_TIME_15_MIN,DLAP_SCE-APND,DLAP,70.40634,71.17203,0.16667,-0.93235,0.0
2025-01-21 16:45:00-08:00,2025-01-21 16:45:00-08:00,2025-01-21 17:00:00-08:00,REAL_TIME_15_MIN,DLAP_SCE-APND,DLAP,85.37414,85.8722,0.0,-0.49806,0.0
2025-01-21 17:00:00-08:00,2025-01-21 17:00:00-08:00,2025-01-21 17:15:00-08:00,REAL_TIME_15_MIN,DLAP_SCE-APND,DLAP,72.68071,71.97203,1.62273,-0.91404,0.0
2025-01-21 17:15:00-08:00,2025-01-21 17:15:00-08:00,2025-01-21 17:30:00-08:00,REAL_TIME_15_MIN,DLAP_SCE-APND,DLAP,77.82677,77.33985,1.71662,-1.2297,0.0
2025-01-21 17:30:00-08:00,2025-01-21 17:30:00-08:00,2025-01-21 17:45:00-08:00,REAL_TIME_15_MIN,DLAP_SCE-APND,DLAP,86.13859,85.91222,1.84152,-1.61515,0.0
2025-01-21 17:45:00-08:00,2025-01-21 17:45:00-08:00,2025-01-21 18:00:00-08:00,REAL_TIME_15_MIN,DLAP_SCE-APND,DLAP,80.36416,85.26171,-3.20084,-1.69671,0.0
2025-01-21 18:00:00-08:00,2025-01-21 18:00:00-08:00,2025-01-21 18:15:00-08:00,REAL_TIME_15_MIN,DLAP_SCE-APND,DLAP,72.6282,79.09298,-5.51567,-0.94912,0.0
2025-01-21 18:15:00-08:00,2025-01-21 18:15:00-08:00,2025-01-21 18:30:00-08:00,REAL_TIME_15_MIN,DLAP_SCE-APND,DLAP,68.65822,75.97894,-6.24182,-1.0789,0.0
2025-01-21 18:30:00-08:00,2025-01-21 18:30:00-08:00,2025-01-21 18:45:00-08:00,REAL_TIME_15_MIN,DLAP_SCE-APND,DLAP,67.10313,74.47899,-6.3555,-1.02036,0.0
2025-01-21 18:45:00-08:00,2025-01-21 18:45:00-08:00,2025-01-21 19:00:00-08:00,REAL_TIME_15_MIN,DLAP_SCE-APND,DLAP,67.75986,73.66941,-5.09182,-0.81773,0.0
2025-01-21 19:00:00-08:00,2025-01-21 19:00:00-08:00,2025-01-21 19:15:00-08:00,REAL_TIME_15_MIN,DLAP_SCE-APND,DLAP,59.32151,66.94887,-6.7771,-0.85025,0.0
2025-01-21 19:15:00-08:00,2025-01-21 19:15:00-08:00,2025-01-21 19:30:00-08:00,REAL_TIME_15_MIN,DLAP_SCE-APND,DLAP,65.33974,72.1352,-5.59802,-1.19744,0.0
2025-01-21 19:30:00-08:00,2025-01-21 19:30:00-08:00,2025-01-21 19:45:00-08:00,REAL_TIME_15_MIN,DLAP_SCE-APND,DLAP,68.73944,75.91093,-6.13151,-1.03998,0.0
2025-01-21 19:45:00-08:00,2025-01-21 19:45:00-08:00,2025-01-21 20:00:00-08:00,REAL_TIME_15_MIN,DLAP_SCE-APND,DLAP,69.66586,76.60617,-6.05168,-0.88863,0.0
2025-01-21 20:00:00-08:00,2025-01-21 20:00:00-08:00,2025-01-21 20:15:00-08:00,REAL_TIME_15_MIN,DLAP_SCE-APND,DLAP,64.66112,74.40322,-9.08736,-0.65475,0.0
2025-01-21 20:15:00-08:00,2025-01-21 20:15:00-08:00,2025-01-21 20:30:00-08:00,REAL_TIME_15_MIN,DLAP_SCE-APND,DLAP,70.25792,76.50503,-5.71922,-0.52788,0.0
2025-01-21 20:30:00-08:00,2025-01-21 20:30:00-08:00,2025-01-21 20:45:00-08:00,REAL_TIME_15_MIN,DLAP_SCE-APND,DLAP,72.58592,79.38042,-6.2547,-0.53979,0.0
2025-01-21 20:45:00-08:00,2025-01-21 20:45:00-08:00,2025-01-21 21:00:00-08:00,REAL_TIME_15_MIN,DLAP_SCE-APND,DLAP,69.44663,75.07195,-5.14486,-0.48046,0.0
2025-01-21 21:00:00-08:00,2025-01-21 21:00:00-08:00,2025-01-21 21:15:00-08:00,REAL_TIME_15_MIN,DLAP_SCE-APND,DLAP,69.37073,73.49128,-3.50323,-0.61733,0.0
2025-01-21 21:15:00-08:00,2025-01-21 21:15:00-08:00,2025-01-21 21:30:00-08:00,REAL_TIME_15_MIN,DLAP_SCE-APND,DLAP,69.29578,73.72961,-4.05043,-0.38339,0.0
2025-01-21 21:30:00-08:00,2025-01-21 21:30:00-08:00,2025-01-21 21:45:00-08:00,REAL_TIME_15_MIN,DLAP_SCE-APND,DLAP,69.72785,73.55195,-3.45634,-0.36776,0.0
2025-01-21 21:45:00-08:00,2025-01-21 21:45:00-08:00,2025-01-21 22:00:00-08:00,REAL_TIME_15_MIN,DLAP_SCE-APND,DLAP,69.77311,72.8983,-2.94294,-0.18225,0.0
2025-01-21 22:00:00-08:00,2025-01-21 22:00:00-08:00,2025-01-21 22:15:00-08:00,REAL_TIME_15_MIN,DLAP_SCE-APND,DLAP,69.24277,73.67061,-4.03003,-0.39782,0.0
2025-01-21 22:15:00-08:00,2025-01-21 22:15:00-08:00,2025-01-21 22:30:00-08:00,REAL_TIME_15_MIN,DLAP_SCE-APND,DLAP,69.66461,73.69105,-3.81274,-0.2137,0.0
2025-01-21 22:30:00-08:00,2025-01-21 22:30:00-08:00,2025-01-21 22:45:00-08:00,REAL_TIME_15_MIN,DLAP_SCE-APND,DLAP,68.53233,72.02747,-3.54556,0.05042,0.0
2025-01-21 22:45:00-08:00,2025-01-21 22:45:00-08:00,2025-01-21 23:00:00-08:00,REAL_TIME_15_MIN,DLAP_SCE-APND,DLAP,66.75769,70.34896,-3.68272,0.09145,0.0
2025-01-21 23:00:00-08:00,2025-01-21 23:00:00-08:00,2025-01-21 23:15:00-08:00,REAL_TIME_15_MIN,DLAP_SCE-APND,DLAP,72.19105,74.58424,-2.48269,0.0895,0.0
2025-01-21 23:15:00-08:00,2025-01-21 23:15:00-08:00,2025-01-21 23:30:00-08:00,REAL_TIME_15_MIN,DLAP_SCE-APND,DLAP,76.13192,76.12299,-0.13571,0.14463,0.0
2025-01-21 23:30:00-08:00,2025-01-21 23:30:00-08:00,2025-01-21 23:45:00-08:00,REAL_TIME_15_MIN,DLAP_SCE-APND,DLAP,71.0191,73.20784,-2.40105,0.2123,0.0
2025-01-21 23:45:00-08:00,2025-01-21 23:45:00-08:00,2025-01-22 00:00:00-08:00,REAL_TIME_15_MIN,DLAP_SCE-APND,DLAP,69.95742,69.41425,0.46681,0.07636,0.0
2025-01-22 00:00:00-08:00,2025-01-22 00:00:00-08:00,2025-01-22 00:15:00-08:00,REAL_TIME_15_MIN,DLAP_SCE-APND,DLAP,67.15388,71.63061,-3.76042,-0.71631,0.0
2025-01-22 00:15:00-08:00,2025-01-22 00:15:00-08:00,2025-01-22 00:30:00-08:00,REAL_TIME_15_MIN,DLAP_SCE-APND,DLAP,64.03186,68.02413,-3.33243,-0.65983,0.0
2025-01-22 00:30:00-08:00,2025-01-22 00:30:00-08:00,2025-01-22 00:45:00-08:00,REAL_TIME_15_MIN,DLAP_SCE-APND,DLAP,63.50726,67.45707,-3.25501,-0.69481,0.0
2025-01-22 00:45:00-08:00,2025-01-22 00:45:00-08:00,2025-01-22 01:00:00-08:00,REAL_TIME_15_MIN,DLAP_SCE-APND,DLAP,62.89498,66.66667,-3.18502,-0.58667,0.0
2025-01-22 01:00:00-08:00,2025-01-22 01:00:00-08:00,2025-01-22 01:15:00-08:00,REAL_TIME_15_MIN,DLAP_SCE-APND,DLAP,63.12662,67.17767,-3.33224,-0.7188,0.0
2025-01-22 01:15:00-08:00,2025-01-22 01:15:00-08:00,2025-01-22 01:30:00-08:00,REAL_TIME_15_MIN,DLAP_SCE-APND,DLAP,63.37048,67.54682,-3.45359,-0.72275,0.0
2025-01-22 01:30:00-08:00,2025-01-22 01:30:00-08:00,2025-01-22 01:45:00-08:00,REAL_TIME_15_MIN,DLAP_SCE-APND,DLAP,63.78045,67.99151,-3.44955,-0.7615,0.0
2025-01-22 01:45:00-08:00,2025-01-22 01:45:00-08:00,2025-01-22 02:00:00-08:00,REAL_TIME_15_MIN,DLAP_SCE-APND,DLAP,61.03939,64.90214,-3.22671,-0.63604,0.0
2025-01-22 02:00:00-08:00,2025-01-22 02:00:00-08:00,2025-01-22 02:15:00-08:00,REAL_TIME_15_MIN,DLAP_SCE-APND,DLAP,64.52091,68.77075,-3.68592,-0.56392,0.0
2025-01-22 02:15:00-08:00,2025-01-22 02:15:00-08:00,2025-01-22 02:30:00-08:00,REAL_TIME_15_MIN,DLAP_SCE-APND,DLAP,63.44356,67.47076,-3.62913,-0.39808,0.0
2025-01-22 02:30:00-08:00,2025-01-22 02:30:00-08:00,2025-01-22 02:45:00-08:00,REAL_TIME_15_MIN,DLAP_SCE-APND,DLAP,63.61668,67.93532,-3.79554,-0.5231,0.0
2025-01-22 02:45:00-08:00,2025-01-22 02:45:00-08:00,2025-01-22 03:00:00-08:00,REAL_TIME_15_MIN,DLAP_SCE-APND,DLAP,63.5073,68.13782,-4.07861,-0.55192,0.0
2025-01-22 03:00:00-08:00,2025-01-22 03:00:00-08:00,2025-01-22 03:15:00-08:00,REAL_TIME_15_MIN,DLAP_SCE-APND,DLAP,63.94962,68.07009,-3.70524,-0.41523,0.0
2025-01-22 03:15:00-08:00,2025-01-22 03:15:00-08:00,2025-01-22 03:30:00-08:00,REAL_TIME_15_MIN,DLAP_SCE-APND,DLAP,65.05338,69.35237,-3.83433,-0.46466,0.0
2025-01-22 03:30:00-08:00,2025-01-22 03:30:00-08:00,2025-01-22 03:45:00-08:00,REAL_TIME_15_MIN,DLAP_SCE-APND,DLAP,65.1777,69.74454,-4.09257,-0.47426,0.0
2025-01-22 03:45:00-08:00,2025-01-22 03:45:00-08:00,2025-01-22 04:00:00-08:00,REAL_TIME_15_MIN,DLAP_SCE-APND,DLAP,64.14373,69.11058,-4.46926,-0.4976,0.0
2025-01-22 04:00:00-08:00,2025-01-22 04:00:00-08:00,2025-01-22 04:15:00-08:00,REAL_TIME_15_MIN,DLAP_SCE-APND,DLAP,55.17356,58.65317,-3.17461,-0.305,0.0
2025-01-22 04:15:00-08:00,2025-01-22 04:15:00-08:00,2025-01-22 04:30:00-08:00,REAL_TIME_15_MIN,DLAP_SCE-APND,DLAP,54.70476,58.79745,-3.62819,-0.4645,0.0
2025-01-22 04:30:00-08:00,2025-01-22 04:30:00-08:00,2025-01-22 04:45:00-08:00,REAL_TIME_15_MIN,DLAP_SCE-APND,DLAP,61.55149,66.87923,-4.75257,-0.57516,0.0
2025-01-22 04:45:00-08:00,2025-01-22 04:45:00-08:00,2025-01-22 05:00:00-08:00,REAL_TIME_15_MIN,DLAP_SCE-APND,DLAP,69.7066,70.42494,0.0,-0.71833,0.0
2025-01-22 05:00:00-08:00,2025-01-22 05:00:00-08:00,2025-01-22 05:15:00-08:00,REAL_TIME_15_MIN,DLAP_SCE-APND,DLAP,63.0424,63.0424,0.0,0.0,0.0
2025-01-22 05:15:00-08:00,2025-01-22 05:15:00-08:00,2025-01-22 05:30:00-08:00,REAL_TIME_15_MIN,DLAP_SCE-APND,DLAP,70.53,70.53,0.0,0.0,0.0
2025-01-22 05:30:00-08:00,2025-01-22 05:30:00-08:00,2025-01-22 05:45:00-08:00,REAL_TIME_15_MIN,DLAP_SCE-APND,DLAP,75.6248,75.6248,0.0,0.0,0.0
2025-01-22 05:45:00-08:00,2025-01-22 05:45:00-08:00,2025-01-22 06:00:00-08:00,REAL_TIME_15_MIN,DLAP_SCE-APND,DLAP,83.20748,84.24368,0.0,-1.0362,0.0
2025-01-22 06:00:00-08:00,2025-01-22 06:00:00-08:00,2025-01-22 06:15:00-08:00,REAL_TIME_15_MIN,DLAP_SCE-APND,DLAP,79.14612,79.75224,0.0,-0.60612,0.0
2025-01-22 06:15:00-08:00,2025-01-22 06:15:00-08:00,2025-01-22 06:30:00-08:00,REAL_TIME_15_MIN,DLAP_SCE-APND,DLAP,86.27781,87.08772,0.0,-0.80992,0.0
2025-01-22 06:30:00-08:00,2025-01-22 06:30:00-08:00,2025-01-22 06:45:00-08:00,REAL_TIME_15_MIN,DLAP_SCE-APND,DLAP,87.09,87.09,0.0,0.0,0.0
2025-01-22 06:45:00-08:00,2025-01-22 06:45:00-08:00,2025-01-22 07:00:00-08:00,REAL_TIME_15_MIN,DLAP_SCE-APND,DLAP,105.40408,107.50033,0.0,-2.09626,0.0
2025-01-22 07:00:00-08:00,2025-01-22 07:00:00-08:00,2025-01-22 07:15:00-08:00,REAL_TIME_15_MIN,DLAP_SCE-APND,DLAP,93.89741,96.30503,0.0,-2.40763,0.0
2025-01-22 07:15:00-08:00,2025-01-22 07:15:00-08:00,2025-01-22 07:30:00-08:00,REAL_TIME_15_MIN,DLAP_SCE-APND,DLAP,108.24403,111.82235,0.0,-3.57832,0.0
2025-01-22 07:30:00-08:00,2025-01-22 07:30:00-08:00,2025-01-22 07:45:00-08:00,REAL_TIME_15_MIN,DLAP_SCE-APND,DLAP,151.76665,159.01785,0.0,-7.25121,0.0
2025-01-22 07:45:00-08:00,2025-01-22 07:45:00-08:00,2025-01-22 08:00:00-08:00,REAL_TIME_15_MIN,DLAP_SCE-APND,DLAP,71.8554,75.44666,0.0,-3.59126,0.0
2025-01-22 08:00:00-08:00,2025-01-22 08:00:00-08:00,2025-01-22 08:15:00-08:00,REAL_TIME_15_MIN,DLAP_SCE-APND,DLAP,81.44552,86.10373,0.0,-4.65821,0.0
2025-01-22 08:15:00-08:00,2025-01-22 08:15:00-08:00,2025-01-22 08:30:00-08:00,REAL_TIME_15_MIN,DLAP_SCE-APND,DLAP,63.67602,67.24278,0.4947,-4.06146,0.0
2025-01-22 08:30:00-08:00,2025-01-22 08:30:00-08:00,2025-01-22 08:45:00-08:00,REAL_TIME_15_MIN,DLAP_SCE-APND,DLAP,51.45657,52.46466,1.88796,-2.89605,0.0
2025-01-22 08:45:00-08:00,2025-01-22 08:45:00-08:00,2025-01-22 09:00:00-08:00,REAL_TIME_15_MIN,DLAP_SCE-APND,DLAP,43.26805,45.38486,0.43382,-2.55063,0.0
2025-01-22 09:00:00-08:00,2025-01-22 09:00:00-08:00,2025-01-22 09:15:00-08:00,REAL_TIME_15_MIN,DLAP_SCE-APND,DLAP,48.54429,52.43538,-1.76746,-2.12363,0.0
2025-01-22 09:15:00-08:00,2025-01-22 09:15:00-08:00,2025-01-22 09:30:00-08:00,REAL_TIME_15_MIN,DLAP_SCE-APND,DLAP,48.46613,48.6088,1.59266,-1.73533,0.0
2025-01-22 09:30:00-08:00,2025-01-22 09:30:00-08:00,2025-01-22 09:45:00-08:00,REAL_TIME_15_MIN,DLAP_SCE-APND,DLAP,42.05676,40.87468,2.64131,-1.45923,0.0
2025-01-22 09:45:00-08:00,2025-01-22 09:45:00-08:00,2025-01-22 10:00:00-08:00,REAL_TIME_15_MIN,DLAP_SCE-APND,DLAP,37.97828,38.03447,1.35489,-1.41108,0.0
2025-01-22 10:00:00-08:00,2025-01-22 10:00:00-08:00,2025-01-22 10:15:00-08:00,REAL_TIME_15_MIN,DLAP_SCE-APND,DLAP,36.52474,47.2778,-9.02269,-1.73037,0.0
2025-01-22 10:15:00-08:00,2025-01-22 10:15:00-08:00,2025-01-22 10:30:00-08:00,REAL_TIME_15_MIN,DLAP_SCE-APND,DLAP,38.56901,43.91902,-3.75136,-1.59865,0.0
2025-01-22 10:30:00-08:00,2025-01-22 10:30:00-08:00,2025-01-22 10:45:00-08:00,REAL_TIME_15_MIN,DLAP_SCE-APND,DLAP,39.72495,44.22469,-2.78382,-1.71592,0.0
2025-01-22 10:45:00-08:00,2025-01-22 10:45:00-08:00,2025-01-22 11:00:00-08:00,REAL_TIME_15_MIN,DLAP_SCE-APND,DLAP,37.19206,35.92596,2.30796,-1.04185,0.0
2025-01-22 11:00:00-08:00,2025-01-22 11:00:00-08:00,2025-01-22 11:15:00-08:00,REAL_TIME_15_MIN,DLAP_SCE-APND,DLAP,46.91119,40.94736,7.17996,-1.21614,0.0
2025-01-22 11:15:00-08:00,2025-01-22 11:15:00-08:00,2025-01-22 11:30:00-08:00,REAL_TIME_15_MIN,DLAP_SCE-APND,DLAP,43.18695,38.10789,6.24516,-1.1661,0.0
2025-01-22 11:30:00-08:00,2025-01-22 11:30:00-08:00,2025-01-22 11:45:00-08:00,REAL_TIME_15_MIN,DLAP_SCE-APND,DLAP,40.80024,35.99479,5.8853,-1.07984,0.0
2025-01-22 11:45:00-08:00,2025-01-22 11:45:00-08:00,2025-01-22 12:00:00-08:00,REAL_TIME_15_MIN,DLAP_SCE-APND,DLAP,36.75104,34.01374,3.79173,-1.05443,0.0
2025-01-22 12:00:00-08:00,2025-01-22 12:00:00-08:00,2025-01-22 12:15:00-08:00,REAL_TIME_15_MIN,DLAP_SCE-APND,DLAP,37.89924,34.51766,4.43092,-1.04934,0.0
2025-01-22 12:15:00-08:00,2025-01-22 12:15:00-08:00,2025-01-22 12:30:00-08:00,REAL_TIME_15_MIN,DLAP_SCE-APND,DLAP,30.22476,31.72214,-0.40614,-1.09124,0.0
2025-01-22 12:30:00-08:00,2025-01-22 12:30:00-08:00,2025-01-22 12:45:00-08:00,REAL_TIME_15_MIN,DLAP_SCE-APND,DLAP,22.83924,24.66075,-1.0003,-0.8212,0.0
2025-01-22 12:45:00-08:00,2025-01-22 12:45:00-08:00,2025-01-22 13:00:00-08:00,REAL_TIME_15_MIN,DLAP_SCE-APND,DLAP,24.86137,23.6819,1.8473,-0.66783,0.0
2025-01-22 13:00:00-08:00,2025-01-22 13:00:00-08:00,2025-01-22 13:15:00-08:00,REAL_TIME_15_MIN,DLAP_SCE-APND,DLAP,23.30746,26.92216,-2.73704,-0.87766,0.0
2025-01-22 13:15:00-08:00,2025-01-22 13:15:00-08:00,2025-01-22 13:30:00-08:00,REAL_TIME_15_MIN,DLAP_SCE-APND,DLAP,25.34925,23.52408,2.5356,-0.71043,0.0
2025-01-22 13:30:00-08:00,2025-01-22 13:30:00-08:00,2025-01-22 13:45:00-08:00,REAL_TIME_15_MIN,DLAP_SCE-APND,DLAP,20.45842,21.79108,-0.64842,-0.68424,0.0
2025-01-22 13:45:00-08:00,2025-01-22 13:45:00-08:00,2025-01-22 14:00:00-08:00,REAL_TIME_15_MIN,DLAP_SCE-APND,DLAP,19.36667,21.33734,-1.226,-0.74467,0.0
2025-01-22 14:00:00-08:00,2025-01-22 14:00:00-08:00,2025-01-22 14:15:00-08:00,REAL_TIME_15_MIN,DLAP_SCE-APND,DLAP,23.34499,26.62512,-2.30565,-0.97448,0.0
2025-01-22 14:15:00-08:00,2025-01-22 14:15:00-08:00,2025-01-22 14:30:00-08:00,REAL_TIME_15_MIN,DLAP_SCE-APND,DLAP,18.9063,21.31417,-1.62991,-0.77797,0.0
2025-01-22 14:30:00-08:00,2025-01-22 14:30:00-08:00,2025-01-22 14:45:00-08:00,REAL_TIME_15_MIN,DLAP_SCE-APND,DLAP,18.87952,26.70858,-6.79277,-1.03629,0.0
2025-01-22 14:45:00-08:00,2025-01-22 14:45:00-08:00,2025-01-22 15:00:00-08:00,REAL_TIME_15_MIN,DLAP_SCE-APND,DLAP,22.1762,32.22335,-8.68087,-1.36627,0.0
2025-01-22 15:00:00-08:00,2025-01-22 15:00:00-08:00,2025-01-22 15:15:00-08:00,REAL_TIME_15_MIN,DLAP_SCE-APND,DLAP,17.67834,27.03836,-8.17304,-1.18698,0.0
2025-01-22 15:15:00-08:00,2025-01-22 15:15:00-08:00,2025-01-22 15:30:00-08:00,REAL_TIME_15_MIN,DLAP_SCE-APND,DLAP,22.75841,33.1649,-8.98371,-1.42277,0.0
2025-01-22 15:30:00-08:00,2025-01-22 15:30:00-08:00,2025-01-22 15:45:00-08:00,REAL_TIME_15_MIN,DLAP_SCE-APND,DLAP,45.29812,46.44322,0.55937,-1.70447,0.0
2025-01-22 15:45:00-08:00,2025-01-22 15:45:00-08:00,2025-01-22 16:00:00-08:00,REAL_TIME_15_MIN,DLAP_SCE-APND,DLAP,59.88153,61.32213,0.53397,-1.97457,0.0
2025-01-22 16:00:00-08:00,2025-01-22 16:00:00-08:00,2025-01-22 16:15:00-08:00,REAL_TIME_15_MIN,DLAP_SCE-APND,DLAP,41.43703,40.19908,2.43588,-1.19793,0.0
2025-01-22 16:15:00-08:00,2025-01-22 16:15:00-08:00,2025-01-22 16:30:00-08:00,REAL_TIME_15_MIN,DLAP_SCE-APND,DLAP,45.47586,46.76662,0.0,-1.29076,0.0
2025-01-22 16:30:00-08:00,2025-01-22 16:30:00-08:00,2025-01-22 16:45:00-08:00,REAL_TIME_15_MIN,DLAP_SCE-APND,DLAP,65.36599,67.40152,0.0,-2.03553,0.0
2025-01-22 16:45:00-08:00,2025-01-22 16:45:00-08:00,2025-01-22 17:00:00-08:00,REAL_TIME_15_MIN,DLAP_SCE-APND,DLAP,74.39743,77.08779,0.0,-2.69036,0.0
2025-01-22 17:00:00-08:00,2025-01-22 17:00:00-08:00,2025-01-22 17:15:00-08:00,REAL_TIME_15_MIN,DLAP_SCE-APND,DLAP,58.80171,60.6641,0.0,-1.86239,0.0
2025-01-22 17:15:00-08:00,2025-01-22 17:15:00-08:00,2025-01-22 17:30:00-08:00,REAL_TIME_15_MIN,DLAP_SCE-APND,DLAP,64.19584,66.76634,0.0,-2.5705,0.0
2025-01-22 17:30:00-08:00,2025-01-22 17:30:00-08:00,2025-01-22 17:45:00-08:00,REAL_TIME_15_MIN,DLAP_SCE-APND,DLAP,68.93897,72.14143,0.00062,-3.20308,0.0
2025-01-22 17:45:00-08:00,2025-01-22 17:45:00-08:00,2025-01-22 18:00:00-08:00,REAL_TIME_15_MIN,DLAP_SCE-APND,DLAP,69.10814,72.65742,0.02546,-3.57475,0.0
2025-01-22 18:00:00-08:00,2025-01-22 18:00:00-08:00,2025-01-22 18:15:00-08:00,REAL_TIME_15_MIN,DLAP_SCE-APND,DLAP,63.94776,66.16491,0.62794,-2.84509,0.0
2025-01-22 18:15:00-08:00,2025-01-22 18:15:00-08:00,2025-01-22 18:30:00-08:00,REAL_TIME_15_MIN,DLAP_SCE-APND,DLAP,64.01676,63.76196,2.92006,-2.66525,0.0
2025-01-22 18:30:00-08:00,2025-01-22 18:30:00-08:00,2025-01-22 18:45:00-08:00,REAL_TIME_15_MIN,DLAP_SCE-APND,DLAP,65.18606,67.94461,0.0,-2.75855,0.0
2025-01-22 18:45:00-08:00,2025-01-22 18:45:00-08:00,2025-01-22 19:00:00-08:00,REAL_TIME_15_MIN,DLAP_SCE-APND,DLAP,66.06341,68.79455,0.0,-2.73114,0.0
2025-01-22 19:00:00-08:00,2025-01-22 19:00:00-08:00,2025-01-22 19:15:00-08:00,REAL_TIME_15_MIN,DLAP_SCE-APND,DLAP,65.79461,68.30126,0.0,-2.50666,0.0
2025-01-22 19:15:00-08:00,2025-01-22 19:15:00-08:00,2025-01-22 19:30:00-08:00,REAL_TIME_15_MIN,DLAP_SCE-APND,DLAP,66.89381,69.44955,0.0,-2.55574,0.0
2025-01-22 19:30:00-08:00,2025-01-22 19:30:00-08:00,2025-01-22 19:45:00-08:00,REAL_TIME_15_MIN,DLAP_SCE-APND,DLAP,67.31388,69.86392,0.0,-2.55003,0.0
2025-01-22 19:45:00-08:00,2025-01-22 19:45:00-08:00,2025-01-22 20:00:00-08:00,REAL_TIME_15_MIN,DLAP_SCE-APND,DLAP,68.15938,70.71208,0.0,-2.55271,0.0
2025-01-22 20:00:00-08:00,2025-01-22 20:00:00-08:00,2025-01-22 20:15:00-08:00,REAL_TIME_15_MIN,DLAP_SCE-APND,DLAP,67.35355,69.92686,0.0,-2.57331,0.0
2025-01-22 20:15:00-08:00,2025-01-22 20:15:00-08:00,2025-01-22 20:30:00-08:00,REAL_TIME_15_MIN,DLAP_SCE-APND,DLAP,67.47823,70.12911,0.0,-2.65088,0.0
2025-01-22 20:30:00-08:00,2025-01-22 20:30:00-08:00,2025-01-22 20:45:00-08:00,REAL_TIME_15_MIN,DLAP_SCE-APND,DLAP,66.25775,68.88216,0.0,-2.62441,0.0
2025-01-22 20:45:00-08:00,2025-01-22 20:45:00-08:00,2025-01-22 21:00:00-08:00,REAL_TIME_15_MIN,DLAP_SCE-APND,DLAP,66.86225,69.33041,0.0,-2.46816,0.0
2025-01-22 21:00:00-08:00,2025-01-22 21:00:00-08:00,2025-01-22 21:15:00-08:00,REAL_TIME_15_MIN,DLAP_SCE-APND,DLAP,66.21676,68.54028,0.0,-2.32352,0.0
2025-01-22 21:15:00-08:00,2025-01-22 21:15:00-08:00,2025-01-22 21:30:00-08:00,REAL_TIME_15_MIN,DLAP_SCE-APND,DLAP,65.72479,67.83444,0.0,-2.10965,0.0
2025-01-22 21:30:00-08:00,2025-01-22 21:30:00-08:00,2025-01-22 21:45:00-08:00,REAL_TIME_15_MIN,DLAP_SCE-APND,DLAP,65.4594,67.26203,0.0,-1.80262,0.0
2025-01-22 21:45:00-08:00,2025-01-22 21:45:00-08:00,2025-01-22 22:00:00-08:00,REAL_TIME_15_MIN,DLAP_SCE-APND,DLAP,61.60035,62.94743,0.0,-1.34707,0.0
2025-01-22 22:00:00-08:00,2025-01-22 22:00:00-08:00,2025-01-22 22:15:00-08:00,REAL_TIME_15_MIN,DLAP_SCE-APND,DLAP,66.25126,67.93607,0.0,-1.68481,0.0
2025-01-22 22:15:00-08:00,2025-01-22 22:15:00-08:00,2025-01-22 22:30:00-08:00,REAL_TIME_15_MIN,DLAP_SCE-APND,DLAP,66.25489,67.77994,0.0,-1.52505,0.0
2025-01-22 22:30:00-08:00,2025-01-22 22:30:00-08:00,2025-01-22 22:45:00-08:00,REAL_TIME_15_MIN,DLAP_SCE-APND,DLAP,65.9081,67.23944,0.0,-1.33134,0.0
2025-01-22 22:45:00-08:00,2025-01-22 22:45:00-08:00,2025-01-22 23:00:00-08:00,REAL_TIME_15_MIN,DLAP_SCE-APND,DLAP,64.43507,65.60948,0.0,-1.17441,0.0
2025-01-22 23:00:00-08:00,2025-01-22 23:00:00-08:00,2025-01-22 23:15:00-08:00,REAL_TIME_15_MIN,DLAP_SCE-APND,DLAP,66.92817,68.33589,0.0,-1.40772,0.0
2025-01-22 23:15:00-08:00,2025-01-22 23:15:00-08:00,2025-01-22 23:30:00-08:00,REAL_TIME_15_MIN,DLAP_SCE-APND,DLAP,65.44795,66.85867,0.0,-1.41072,0.0
2025-01-22 23:30:00-08:00,2025-01-22 23:30:00-08:00,2025-01-22 23:45:00-08:00,REAL_TIME_15_MIN,DLAP_SCE-APND,DLAP,62.12515,63.35423,0.0,-1.22907,0.0
2025-01-22 23:45:00-08:00,2025-01-22 23:45:00-08:00,2025-01-23 00:00:00-08:00,REAL_TIME_15_MIN,DLAP_SCE-APND,DLAP,58.70568,59.94657,0.0,-1.24089,0.0
2025-01-23 00:00:00-08:00,2025-01-23 00:00:00-08:00,2025-01-23 00:15:00-08:00,REAL_TIME_15_MIN,DLAP_SCE-APND,DLAP,62.10423,63.13331,0.0,-1.02907,0.0
2025-01-23 00:15:00-08:00,2025-01-23 00:15:00-08:00,2025-01-23 00:30:00-08:00,REAL_TIME_15_MIN,DLAP_SCE-APND,DLAP,53.04794,54.16924,0.0,-1.1213,0.0
2025-01-23 00:30:00-08:00,2025-01-23 00:30:00-08:00,2025-01-23 00:45:00-08:00,REAL_TIME_15_MIN,DLAP_SCE-APND,DLAP,50.27633,51.17184,0.0,-0.89551,0.0
2025-01-23 00:45:00-08:00,2025-01-23 00:45:00-08:00,2025-01-23 01:00:00-08:00,REAL_TIME_15_MIN,DLAP_SCE-APND,DLAP,50.56725,51.37382,0.0,-0.80657,0.0
2025-01-23 01:00:00-08:00,2025-01-23 01:00:00-08:00,2025-01-23 01:15:00-08:00,REAL_TIME_15_MIN,DLAP_SCE-APND,DLAP,54.52513,55.49067,0.0,-0.96554,0.0
2025-01-23 01:15:00-08:00,2025-01-23 01:15:00-08:00,2025-01-23 01:30:00-08:00,REAL_TIME_15_MIN,DLAP_SCE-APND,DLAP,55.89842,56.86513,0.0,-0.96671,0.0
2025-01-23 01:30:00-08:00,2025-01-23 01:30:00-08:00,2025-01-23 01:45:00-08:00,REAL_TIME_15_MIN,DLAP_SCE-APND,DLAP,51.95954,52.80978,0.0,-0.85024,0.0
2025-01-23 01:45:00-08:00,2025-01-23 01:45:00-08:00,2025-01-23 02:00:00-08:00,REAL_TIME_15_MIN,DLAP_SCE-APND,DLAP,50.47021,51.22839,0.0,-0.75818,0.0
2025-01-23 02:00:00-08:00,2025-01-23 02:00:00-08:00,2025-01-23 02:15:00-08:00,REAL_TIME_15_MIN,DLAP_SCE-APND,DLAP,58.04216,59.02192,0.0,-0.97976,0.0
2025-01-23 02:15:00-08:00,2025-01-23 02:15:00-08:00,2025-01-23 02:30:00-08:00,REAL_TIME_15_MIN,DLAP_SCE-APND,DLAP,57.06192,58.04284,0.0,-0.98092,0.0
2025-01-23 02:30:00-08:00,2025-01-23 02:30:00-08:00,2025-01-23 02:45:00-08:00,REAL_TIME_15_MIN,DLAP_SCE-APND,DLAP,52.50223,53.44282,0.0,-0.94059,0.0
2025-01-23 02:45:00-08:00,2025-01-23 02:45:00-08:00,2025-01-23 03:00:00-08:00,REAL_TIME_15_MIN,DLAP_SCE-APND,DLAP,52.78447,53.73559,0.0,-0.95112,0.0
2025-01-23 03:00:00-08:00,2025-01-23 03:00:00-08:00,2025-01-23 03:15:00-08:00,REAL_TIME_15_MIN,DLAP_SCE-APND,DLAP,56.43138,57.63008,0.0,-1.19871,0.0
2025-01-23 03:15:00-08:00,2025-01-23 03:15:00-08:00,2025-01-23 03:30:00-08:00,REAL_TIME_15_MIN,DLAP_SCE-APND,DLAP,57.49461,58.68593,0.0,-1.19132,0.0
2025-01-23 03:30:00-08:00,2025-01-23 03:30:00-08:00,2025-01-23 03:45:00-08:00,REAL_TIME_15_MIN,DLAP_SCE-APND,DLAP,56.21141,57.26509,0.0,-1.05368,0.0
2025-01-23 03:45:00-08:00,2025-01-23 03:45:00-08:00,2025-01-23 04:00:00-08:00,REAL_TIME_15_MIN,DLAP_SCE-APND,DLAP,58.76971,59.86525,0.0,-1.09553,0.0
2025-01-23 04:00:00-08:00,2025-01-23 04:00:00-08:00,2025-01-23 04:15:00-08:00,REAL_TIME_15_MIN,DLAP_SCE-APND,DLAP,62.95648,64.202,0.0,-1.24552,0.0
2025-01-23 04:15:00-08:00,2025-01-23 04:15:00-08:00,2025-01-23 04:30:00-08:00,REAL_TIME_15_MIN,DLAP_SCE-APND,DLAP,63.59207,64.85677,0.0,-1.26471,0.0
2025-01-23 04:30:00-08:00,2025-01-23 04:30:00-08:00,2025-01-23 04:45:00-08:00,REAL_TIME_15_MIN,DLAP_SCE-APND,DLAP,66.88224,68.14288,0.0,-1.26064,0.0
2025-01-23 04:45:00-08:00,2025-01-23 04:45:00-08:00,2025-01-23 05:00:00-08:00,REAL_TIME_15_MIN,DLAP_SCE-APND,DLAP,67.29807,68.65749,0.0,-1.35942,0.0
2025-01-23 05:00:00-08:00,2025-01-23 05:00:00-08:00,2025-01-23 05:15:00-08:00,REAL_TIME_15_MIN,DLAP_SCE-APND,DLAP,64.70237,64.70237,0.0,0.0,0.0
2025-01-23 05:15:00-08:00,2025-01-23 05:15:00-08:00,2025-01-23 05:30:00-08:00,REAL_TIME_15_MIN,DLAP_SCE-APND,DLAP,68.99,68.99,0.0,0.0,0.0
2025-01-23 05:30:00-08:00,2025-01-23 05:30:00-08:00,2025-01-23 05:45:00-08:00,REAL_TIME_15_MIN,DLAP_SCE-APND,DLAP,75.54,75.54,0.0,0.0,0.0
2025-01-23 05:45:00-08:00,2025-01-23 05:45:00-08:00,2025-01-23 06:00:00-08:00,REAL_TIME_15_MIN,DLAP_SCE-APND,DLAP,81.17068,82.52407,0.0,-1.35339,0.0
2025-01-23 06:00:00-08:00,2025-01-23 06:00:00-08:00,2025-01-23 06:15:00-08:00,REAL_TIME_15_MIN,DLAP_SCE-APND,DLAP,66.31925,67.32235,0.0,-1.0031,0.0
2025-01-23 06:15:00-08:00,2025-01-23 06:15:00-08:00,2025-01-23 06:30:00-08:00,REAL_TIME_15_MIN,DLAP_SCE-APND,DLAP,75.10734,76.34412,0.0,-1.23677,0.0
2025-01-23 06:30:00-08:00,2025-01-23 06:30:00-08:00,2025-01-23 06:45:00-08:00,REAL_TIME_15_MIN,DLAP_SCE-APND,DLAP,80.95167,82.46071,0.0,-1.50903,0.0
2025-01-23 06:45:00-08:00,2025-01-23 06:45:00-08:00,2025-01-23 07:00:00-08:00,REAL_TIME_15_MIN,DLAP_SCE-APND,DLAP,81.2378,83.07373,0.0,-1.83593,0.0
2025-01-23 07:00:00-08:00,2025-01-23 07:00:00-08:00,2025-01-23 07:15:00-08:00,REAL_TIME_15_MIN,DLAP_SCE-APND,DLAP,79.12255,81.46047,0.0,-2.33792,0.0
2025-01-23 07:15:00-08:00,2025-01-23 07:15:00-08:00,2025-01-23 07:30:00-08:00,REAL_TIME_15_MIN,DLAP_SCE-APND,DLAP,71.00171,74.12999,0.0,-3.12829,0.0
2025-01-23 07:30:00-08:00,2025-01-23 07:30:00-08:00,2025-01-23 07:45:00-08:00,REAL_TIME_15_MIN,DLAP_SCE-APND,DLAP,57.73219,61.11813,0.0,-3.38594,0.0
2025-01-23 07:45:00-08:00,2025-01-23 07:45:00-08:00,2025-01-23 08:00:00-08:00,REAL_TIME_15_MIN,DLAP_SCE-APND,DLAP,39.1942,40.26546,1.00241,-2.07367,0.0
2025-01-23 08:00:00-08:00,2025-01-23 08:00:00-08:00,2025-01-23 08:15:00-08:00,REAL_TIME_15_MIN,DLAP_SCE-APND,DLAP,41.35537,55.60238,-10.99427,-3.25274,0.0
2025-01-23 08:15:00-08:00,2025-01-23 08:15:00-08:00,2025-01-23 08:30:00-08:00,REAL_TIME_15_MIN,DLAP_SCE-APND,DLAP,40.67226,47.84791,-4.43875,-2.7369,0.0
2025-01-23 08:30:00-08:00,2025-01-23 08:30:00-08:00,2025-01-23 08:45:00-08:00,REAL_TIME_15_MIN,DLAP_SCE-APND,DLAP,32.14803,40.19961,-5.92903,-2.12254,0.0
2025-01-23 08:45:00-08:00,2025-01-23 08:45:00-08:00,2025-01-23 09:00:00-08:00,REAL_TIME_15_MIN,DLAP_SCE-APND,DLAP,36.31441,32.5944,5.1835,-1.46349,0.0
2025-01-23 09:00:00-08:00,2025-01-23 09:00:00-08:00,2025-01-23 09:15:00-08:00,REAL_TIME_15_MIN,DLAP_SCE-APND,DLAP,27.81328,39.25421,-9.74122,-1.69971,0.0
2025-01-23 09:15:00-08:00,2025-01-23 09:15:00-08:00,2025-01-23 09:30:00-08:00,REAL_TIME_15_MIN,DLAP_SCE-APND,DLAP,19.62214,32.91619,-12.03336,-1.26069,0.0
2025-01-23 09:30:00-08:00,2025-01-23 09:30:00-08:00,2025-01-23 09:45:00-08:00,REAL_TIME_15_MIN,DLAP_SCE-APND,DLAP,16.26353,27.53731,-10.19982,-1.07396,0.0
2025-01-23 09:45:00-08:00,2025-01-23 09:45:00-08:00,2025-01-23 10:00:00-08:00,REAL_TIME_15_MIN,DLAP_SCE-APND,DLAP,9.76834,21.95491,-11.36985,-0.81672,0.0
2025-01-23 10:00:00-08:00,2025-01-23 10:00:00-08:00,2025-01-23 10:15:00-08:00,REAL_TIME_15_MIN,DLAP_SCE-APND,DLAP,12.99392,27.3029,-13.337,-0.97198,0.0
2025-01-23 10:15:00-08:00,2025-01-23 10:15:00-08:00,2025-01-23 10:30:00-08:00,REAL_TIME_15_MIN,DLAP_SCE-APND,DLAP,7.86682,26.0515,-17.27028,-0.91441,0.0
2025-01-23 10:30:00-08:00,2025-01-23 10:30:00-08:00,2025-01-23 10:45:00-08:00,REAL_TIME_15_MIN,DLAP_SCE-APND,DLAP,-2.08342,21.26297,-22.58943,-0.75696,0.0
2025-01-23 10:45:00-08:00,2025-01-23 10:45:00-08:00,2025-01-23 11:00:00-08:00,REAL_TIME_15_MIN,DLAP_SCE-APND,DLAP,-2.82332,20.25556,-22.24638,-0.8325,0.0
2025-01-23 11:00:00-08:00,2025-01-23 11:00:00-08:00,2025-01-23 11:15:00-08:00,REAL_TIME_15_MIN,DLAP_SCE-APND,DLAP,-1.22147,32.07066,-32.21776,-1.07437,0.0
2025-01-23 11:15:00-08:00,2025-01-23 11:15:00-08:00,2025-01-23 11:30:00-08:00,REAL_TIME_15_MIN,DLAP_SCE-APND,DLAP,-2.16043,27.86566,-29.02572,-1.00038,0.0
2025-01-23 11:30:00-08:00,2025-01-23 11:30:00-08:00,2025-01-23 11:45:00-08:00,REAL_TIME_15_MIN,DLAP_SCE-APND,DLAP,-3.68211,25.48487,-28.23169,-0.93529,0.0
2025-01-23 11:45:00-08:00,2025-01-23 11:45:00-08:00,2025-01-23 12:00:00-08:00,REAL_TIME_15_MIN,DLAP_SCE-APND,DLAP,-2.56656,15.42792,-17.29714,-0.69734,0.0
2025-01-23 12:00:00-08:00,2025-01-23 12:00:00-08:00,2025-01-23 12:15:00-08:00,REAL_TIME_15_MIN,DLAP_SCE-APND,DLAP,-1.8147,22.76996,-23.51219,-1.07246,0.0
2025-01-23 12:15:00-08:00,2025-01-23 12:15:00-08:00,2025-01-23 12:30:00-08:00,REAL_TIME_15_MIN,DLAP_SCE-APND,DLAP,2.45812,22.79977,-19.29057,-1.05107,0.0
2025-01-23 12:30:00-08:00,2025-01-23 12:30:00-08:00,2025-01-23 12:45:00-08:00,REAL_TIME_15_MIN,DLAP_SCE-APND,DLAP,1.61943,21.72109,-19.04819,-1.05347,0.0
2025-01-23 12:45:00-08:00,2025-01-23 12:45:00-08:00,2025-01-23 13:00:00-08:00,REAL_TIME_15_MIN,DLAP_SCE-APND,DLAP,3.26374,20.95479,-16.75646,-0.93458,0.0
2025-01-23 13:00:00-08:00,2025-01-23 13:00:00-08:00,2025-01-23 13:15:00-08:00,REAL_TIME_15_MIN,DLAP_SCE-APND,DLAP,4.55868,22.67971,-17.06642,-1.05461,0.0
2025-01-23 13:15:00-08:00,2025-01-23 13:15:00-08:00,2025-01-23 13:30:00-08:00,REAL_TIME_15_MIN,DLAP_SCE-APND,DLAP,5.51106,21.6868,-15.16947,-1.00627,0.0
2025-01-23 13:30:00-08:00,2025-01-23 13:30:00-08:00,2025-01-23 13:45:00-08:00,REAL_TIME_15_MIN,DLAP_SCE-APND,DLAP,4.15193,21.34128,-16.1671,-1.02225,0.0
2025-01-23 13:45:00-08:00,2025-01-23 13:45:00-08:00,2025-01-23 14:00:00-08:00,REAL_TIME_15_MIN,DLAP_SCE-APND,DLAP,4.09818,22.9097,-17.71873,-1.09279,0.0
2025-01-23 14:00:00-08:00,2025-01-23 14:00:00-08:00,2025-01-23 14:15:00-08:00,REAL_TIME_15_MIN,DLAP_SCE-APND,DLAP,5.32175,23.80549,-17.38392,-1.09981,0.0
2025-01-23 14:15:00-08:00,2025-01-23 14:15:00-08:00,2025-01-23 14:30:00-08:00,REAL_TIME_15_MIN,DLAP_SCE-APND,DLAP,5.5661,23.96116,-17.28086,-1.11419,0.0
2025-01-23 14:30:00-08:00,2025-01-23 14:30:00-08:00,2025-01-23 14:45:00-08:00,REAL_TIME_15_MIN,DLAP_SCE-APND,DLAP,5.18874,22.65044,-16.31332,-1.14838,0.0
2025-01-23 14:45:00-08:00,2025-01-23 14:45:00-08:00,2025-01-23 15:00:00-08:00,REAL_TIME_15_MIN,DLAP_SCE-APND,DLAP,23.06358,22.25631,1.83552,-1.02824,0.0
2025-01-23 15:00:00-08:00,2025-01-23 15:00:00-08:00,2025-01-23 15:15:00-08:00,REAL_TIME_15_MIN,DLAP_SCE-APND,DLAP,15.92111,10.53769,5.85762,-0.4742,0.0
2025-01-23 15:15:00-08:00,2025-01-23 15:15:00-08:00,2025-01-23 15:30:00-08:00,REAL_TIME_15_MIN,DLAP_SCE-APND,DLAP,32.63666,29.04056,4.99295,-1.39685,0.0
2025-01-23 15:30:00-08:00,2025-01-23 15:30:00-08:00,2025-01-23 15:45:00-08:00,REAL_TIME_15_MIN,DLAP_SCE-APND,DLAP,46.18617,40.95603,7.02402,-1.79387,0.0
2025-01-23 15:45:00-08:00,2025-01-23 15:45:00-08:00,2025-01-23 16:00:00-08:00,REAL_TIME_15_MIN,DLAP_SCE-APND,DLAP,59.09121,53.66824,7.46774,-2.04476,0.0
2025-01-23 16:00:00-08:00,2025-01-23 16:00:00-08:00,2025-01-23 16:15:00-08:00,REAL_TIME_15_MIN,DLAP_SCE-APND,DLAP,48.27065,39.87788,9.90015,-1.50738,0.0
2025-01-23 16:15:00-08:00,2025-01-23 16:15:00-08:00,2025-01-23 16:30:00-08:00,REAL_TIME_15_MIN,DLAP_SCE-APND,DLAP,55.36861,48.60911,8.51429,-1.75479,0.0
2025-01-23 16:30:00-08:00,2025-01-23 16:30:00-08:00,2025-01-23 16:45:00-08:00,REAL_TIME_15_MIN,DLAP_SCE-APND,DLAP,73.53211,61.81106,13.37758,-1.65654,0.0
2025-01-23 16:45:00-08:00,2025-01-23 16:45:00-08:00,2025-01-23 17:00:00-08:00,REAL_TIME_15_MIN,DLAP_SCE-APND,DLAP,85.77383,69.91227,17.52548,-1.66391,0.0
2025-01-23 17:00:00-08:00,2025-01-23 17:00:00-08:00,2025-01-23 17:15:00-08:00,REAL_TIME_15_MIN,DLAP_SCE-APND,DLAP,77.38065,55.0,22.38065,0.0,0.0
2025-01-23 17:15:00-08:00,2025-01-23 17:15:00-08:00,2025-01-23 17:30:00-08:00,REAL_TIME_15_MIN,DLAP_SCE-APND,DLAP,84.61545,57.0312,27.58425,0.0,0.0
2025-01-23 17:30:00-08:00,2025-01-23 17:30:00-08:00,2025-01-23 17:45:00-08:00,REAL_TIME_15_MIN,DLAP_SCE-APND,DLAP,84.59983,57.26,27.33983,0.0,0.0
2025-01-23 17:45:00-08:00,2025-01-23 17:45:00-08:00,2025-01-23 18:00:00-08:00,REAL_TIME_15_MIN,DLAP_SCE-APND,DLAP,88.38183,64.02774,26.37097,-2.01687,0.0
2025-01-23 18:00:00-08:00,2025-01-23 18:00:00-08:00,2025-01-23 18:15:00-08:00,REAL_TIME_15_MIN,DLAP_SCE-APND,DLAP,78.41955,58.56198,21.77255,-1.91498,0.0
2025-01-23 18:15:00-08:00,2025-01-23 18:15:00-08:00,2025-01-23 18:30:00-08:00,REAL_TIME_15_MIN,DLAP_SCE-APND,DLAP,115.12471,61.67129,54.68068,-1.22726,0.0
2025-01-23 18:30:00-08:00,2025-01-23 18:30:00-08:00,2025-01-23 18:45:00-08:00,REAL_TIME_15_MIN,DLAP_SCE-APND,DLAP,64.59235,54.57804,11.34056,-1.32625,0.0
2025-01-23 18:45:00-08:00,2025-01-23 18:45:00-08:00,2025-01-23 19:00:00-08:00,REAL_TIME_15_MIN,DLAP_SCE-APND,DLAP,59.19487,51.29211,9.0517,-1.14894,0.0
2025-01-23 19:00:00-08:00,2025-01-23 19:00:00-08:00,2025-01-23 19:15:00-08:00,REAL_TIME_15_MIN,DLAP_SCE-APND,DLAP,61.38914,52.42831,10.27154,-1.31071,0.0
2025-01-23 19:15:00-08:00,2025-01-23 19:15:00-08:00,2025-01-23 19:30:00-08:00,REAL_TIME_15_MIN,DLAP_SCE-APND,DLAP,60.60032,50.94191,10.92177,-1.26336,0.0
2025-01-23 19:30:00-08:00,2025-01-23 19:30:00-08:00,2025-01-23 19:45:00-08:00,REAL_TIME_15_MIN,DLAP_SCE-APND,DLAP,60.45329,50.51102,11.04341,-1.10114,0.0
2025-01-23 19:45:00-08:00,2025-01-23 19:45:00-08:00,2025-01-23 20:00:00-08:00,REAL_TIME_15_MIN,DLAP_SCE-APND,DLAP,61.19012,50.81168,11.46072,-1.08229,0.0
2025-01-23 20:00:00-08:00,2025-01-23 20:00:00-08:00,2025-01-23 20:15:00-08:00,REAL_TIME_15_MIN,DLAP_SCE-APND,DLAP,60.52859,50.38393,11.18761,-1.04295,0.0
2025-01-23 20:15:00-08:00,2025-01-23 20:15:00-08:00,2025-01-23 20:30:00-08:00,REAL_TIME_15_MIN,DLAP_SCE-APND,DLAP,59.78924,49.63663,11.14534,-0.99273,0.0
2025-01-23 20:30:00-08:00,2025-01-23 20:30:00-08:00,2025-01-23 20:45:00-08:00,REAL_TIME_15_MIN,DLAP_SCE-APND,DLAP,61.56884,51.07453,11.30129,-0.80698,0.0
2025-01-23 20:45:00-08:00,2025-01-23 20:45:00-08:00,2025-01-23 21:00:00-08:00,REAL_TIME_15_MIN,DLAP_SCE-APND,DLAP,59.31809,49.57141,10.29692,-0.55024,0.0
2025-01-23 21:00:00-08:00,2025-01-23 21:00:00-08:00,2025-01-23 21:15:00-08:00,REAL_TIME_15_MIN,DLAP_SCE-APND,DLAP,61.51158,52.13249,10.36439,-0.9853,0.0
2025-01-23 21:15:00-08:00,2025-01-23 21:15:00-08:00,2025-01-23 21:30:00-08:00,REAL_TIME_15_MIN,DLAP_SCE-APND,DLAP,60.33596,51.218,9.91696,-0.799,0.0
2025-01-23 21:30:00-08:00,2025-01-23 21:30:00-08:00,2025-01-23 21:45:00-08:00,REAL_TIME_15_MIN,DLAP_SCE-APND,DLAP,58.78872,49.64339,9.65665,-0.51133,0.0
2025-01-23 21:45:00-08:00,2025-01-23 21:45:00-08:00,2025-01-23 22:00:00-08:00,REAL_TIME_15_MIN,DLAP_SCE-APND,DLAP,58.16197,48.8883,9.64033,-0.36666,0.0
2025-01-23 22:00:00-08:00,2025-01-23 22:00:00-08:00,2025-01-23 22:15:00-08:00,REAL_TIME_15_MIN,DLAP_SCE-APND,DLAP,60.09387,50.29719,10.33486,-0.53818,0.0
2025-01-23 22:15:00-08:00,2025-01-23 22:15:00-08:00,2025-01-23 22:30:00-08:00,REAL_TIME_15_MIN,DLAP_SCE-APND,DLAP,61.31866,48.98501,12.54918,-0.21553,0.0
2025-01-23 22:30:00-08:00,2025-01-23 22:30:00-08:00,2025-01-23 22:45:00-08:00,REAL_TIME_15_MIN,DLAP_SCE-APND,DLAP,58.60404,47.85715,11.08189,-0.335,0.0
2025-01-23 22:45:00-08:00,2025-01-23 22:45:00-08:00,2025-01-23 23:00:00-08:00,REAL_TIME_15_MIN,DLAP_SCE-APND,DLAP,55.18398,46.57452,9.04261,-0.43314,0.0
2025-01-23 23:00:00-08:00,2025-01-23 23:00:00-08:00,2025-01-23 23:15:00-08:00,REAL_TIME_15_MIN,DLAP_SCE-APND,DLAP,55.6427,47.40784,8.88435,-0.64949,0.0
2025-01-23 23:15:00-08:00,2025-01-23 23:15:00-08:00,2025-01-23 23:30:00-08:00,REAL_TIME_15_MIN,DLAP_SCE-APND,DLAP,54.34259,46.40516,8.6103,-0.67287,0.0
2025-01-23 23:30:00-08:00,2025-01-23 23:30:00-08:00,2025-01-23 23:45:00-08:00,REAL_TIME_15_MIN,DLAP_SCE-APND,DLAP,52.33249,45.25383,7.61265,-0.534,0.0
2025-01-23 23:45:00-08:00,2025-01-23 23:45:00-08:00,2025-01-24 00:00:00-08:00,REAL_TIME_15_MIN,DLAP_SCE-APND,DLAP,50.32008,43.44707,7.52036,-0.64736,0.0
2025-01-24 00:00:00-08:00,2025-01-24 00:00:00-08:00,2025-01-24 00:15:00-08:00,REAL_TIME_15_MIN,DLAP_SCE-APND,DLAP,57.10833,46.70089,11.01456,-0.60711,0.0
2025-01-24 00:15:00-08:00,2025-01-24 00:15:00-08:00,2025-01-24 00:30:00-08:00,REAL_TIME_15_MIN,DLAP_SCE-APND,DLAP,53.94847,45.69807,8.92217,-0.67176,0.0
2025-01-24 00:30:00-08:00,2025-01-24 00:30:00-08:00,2025-01-24 00:45:00-08:00,REAL_TIME_15_MIN,DLAP_SCE-APND,DLAP,56.2976,45.7984,11.10373,-0.60454,0.0
2025-01-24 00:45:00-08:00,2025-01-24 00:45:00-08:00,2025-01-24 01:00:00-08:00,REAL_TIME_15_MIN,DLAP_SCE-APND,DLAP,54.13921,45.48721,9.29792,-0.64592,0.0
2025-01-24 01:00:00-08:00,2025-01-24 01:00:00-08:00,2025-01-24 01:15:00-08:00,REAL_TIME_15_MIN,DLAP_SCE-APND,DLAP,53.82835,45.51422,9.06967,-0.75554,0.0
2025-01-24 01:15:00-08:00,2025-01-24 01:15:00-08:00,2025-01-24 01:30:00-08:00,REAL_TIME_15_MIN,DLAP_SCE-APND,DLAP,53.46869,45.39978,8.76807,-0.69916,0.0
2025-01-24 01:30:00-08:00,2025-01-24 01:30:00-08:00,2025-01-24 01:45:00-08:00,REAL_TIME_15_MIN,DLAP_SCE-APND,DLAP,53.31712,45.39051,8.61655,-0.68994,0.0
2025-01-24 01:45:00-08:00,2025-01-24 01:45:00-08:00,2025-01-24 02:00:00-08:00,REAL_TIME_15_MIN,DLAP_SCE-APND,DLAP,51.41018,44.84793,7.35157,-0.78932,0.0
2025-01-24 02:00:00-08:00,2025-01-24 02:00:00-08:00,2025-01-24 02:15:00-08:00,REAL_TIME_15_MIN,DLAP_SCE-APND,DLAP,51.55089,45.1313,7.06949,-0.64989,0.0
2025-01-24 02:15:00-08:00,2025-01-24 02:15:00-08:00,2025-01-24 02:30:00-08:00,REAL_TIME_15_MIN,DLAP_SCE-APND,DLAP,51.57602,45.13591,7.09459,-0.65447,0.0
2025-01-24 02:30:00-08:00,2025-01-24 02:30:00-08:00,2025-01-24 02:45:00-08:00,REAL_TIME_15_MIN,DLAP_SCE-APND,DLAP,50.95866,44.72132,6.94394,-0.7066,0.0
2025-01-24 02:45:00-08:00,2025-01-24 02:45:00-08:00,2025-01-24 03:00:00-08:00,REAL_TIME_15_MIN,DLAP_SCE-APND,DLAP,50.94816,44.69257,6.95279,-0.6972,0.0
2025-01-24 03:00:00-08:00,2025-01-24 03:00:00-08:00,2025-01-24 03:15:00-08:00,REAL_TIME_15_MIN,DLAP_SCE-APND,DLAP,50.97265,44.52918,7.16038,-0.71692,0.0
2025-01-24 03:15:00-08:00,2025-01-24 03:15:00-08:00,2025-01-24 03:30:00-08:00,REAL_TIME_15_MIN,DLAP_SCE-APND,DLAP,51.17537,44.70406,7.20445,-0.73315,0.0
2025-01-24 03:30:00-08:00,2025-01-24 03:30:00-08:00,2025-01-24 03:45:00-08:00,REAL_TIME_15_MIN,DLAP_SCE-APND,DLAP,51.43773,44.99234,7.22826,-0.78287,0.0
2025-01-24 03:45:00-08:00,2025-01-24 03:45:00-08:00,2025-01-24 04:00:00-08:00,REAL_TIME_15_MIN,DLAP_SCE-APND,DLAP,51.97691,45.39795,7.30079,-0.72183,0.0
2025-01-24 04:00:00-08:00,2025-01-24 04:00:00-08:00,2025-01-24 04:15:00-08:00,REAL_TIME_15_MIN,DLAP_SCE-APND,DLAP,50.57793,43.90866,7.33229,-0.66302,0.0
2025-01-24 04:15:00-08:00,2025-01-24 04:15:00-08:00,2025-01-24 04:30:00-08:00,REAL_TIME_15_MIN,DLAP_SCE-APND,DLAP,52.16881,45.39327,7.58354,-0.808,0.0
2025-01-24 04:30:00-08:00,2025-01-24 04:30:00-08:00,2025-01-24 04:45:00-08:00,REAL_TIME_15_MIN,DLAP_SCE-APND,DLAP,52.98217,46.27891,7.48075,-0.77749,0.0
2025-01-24 04:45:00-08:00,2025-01-24 04:45:00-08:00,2025-01-24 05:00:00-08:00,REAL_TIME_15_MIN,DLAP_SCE-APND,DLAP,56.64754,49.76463,7.8135,-0.9306,0.0
2025-01-24 05:00:00-08:00,2025-01-24 05:00:00-08:00,2025-01-24 05:15:00-08:00,REAL_TIME_15_MIN,DLAP_SCE-APND,DLAP,53.55647,43.9988,9.55767,0.0,0.0
2025-01-24 05:15:00-08:00,2025-01-24 05:15:00-08:00,2025-01-24 05:30:00-08:00,REAL_TIME_15_MIN,DLAP_SCE-APND,DLAP,58.09045,48.68752,10.29391,-0.89098,0.0
2025-01-24 05:30:00-08:00,2025-01-24 05:30:00-08:00,2025-01-24 05:45:00-08:00,REAL_TIME_15_MIN,DLAP_SCE-APND,DLAP,62.28801,50.52431,11.76371,0.0,0.0
2025-01-24 05:45:00-08:00,2025-01-24 05:45:00-08:00,2025-01-24 06:00:00-08:00,REAL_TIME_15_MIN,DLAP_SCE-APND,DLAP,66.9755,56.7513,11.29112,-1.06692,0.0
2025-01-24 06:00:00-08:00,2025-01-24 06:00:00-08:00,2025-01-24 06:15:00-08:00,REAL_TIME_15_MIN,DLAP_SCE-APND,DLAP,51.57759,45.6598,6.67118,-0.75339,0.0
2025-01-24 06:15:00-08:00,2025-01-24 06:15:00-08:00,2025-01-24 06:30:00-08:00,REAL_TIME_15_MIN,DLAP_SCE-APND,DLAP,56.50914,50.10045,7.4608,-1.05211,0.0
2025-01-24 06:30:00-08:00,2025-01-24 06:30:00-08:00,2025-01-24 06:45:00-08:00,REAL_TIME_15_MIN,DLAP_SCE-APND,DLAP,68.15588,57.38397,11.72449,-0.95257,0.0
2025-01-24 06:45:00-08:00,2025-01-24 06:45:00-08:00,2025-01-24 07:00:00-08:00,REAL_TIME_15_MIN,DLAP_SCE-APND,DLAP,72.85391,60.63774,13.53201,-1.31584,0.0
2025-01-24 07:00:00-08:00,2025-01-24 07:00:00-08:00,2025-01-24 07:15:00-08:00,REAL_TIME_15_MIN,DLAP_SCE-APND,DLAP,79.57478,67.15786,14.05558,-1.63865,0.0
2025-01-24 07:15:00-08:00,2025-01-24 07:15:00-08:00,2025-01-24 07:30:00-08:00,REAL_TIME_15_MIN,DLAP_SCE-APND,DLAP,66.03336,56.48661,11.37692,-1.83017,0.0
2025-01-24 07:30:00-08:00,2025-01-24 07:30:00-08:00,2025-01-24 07:45:00-08:00,REAL_TIME_15_MIN,DLAP_SCE-APND,DLAP,60.00891,49.40982,12.62489,-2.0258,0.0
2025-01-24 07:45:00-08:00,2025-01-24 07:45:00-08:00,2025-01-24 08:00:00-08:00,REAL_TIME_15_MIN,DLAP_SCE-APND,DLAP,54.97199,41.8324,15.16428,-2.02469,0.0
2025-01-24 08:00:00-08:00,2025-01-24 08:00:00-08:00,2025-01-24 08:15:00-08:00,REAL_TIME_15_MIN,DLAP_SCE-APND,DLAP,88.70473,49.64288,41.32556,-2.26372,0.0
2025-01-24 08:15:00-08:00,2025-01-24 08:15:00-08:00,2025-01-24 08:30:00-08:00,REAL_TIME_15_MIN,DLAP_SCE-APND,DLAP,80.93281,38.6226,44.25293,-1.94272,0.0
2025-01-24 08:30:00-08:00,2025-01-24 08:30:00-08:00,2025-01-24 08:45:00-08:00,REAL_TIME_15_MIN,DLAP_SCE-APND,DLAP,68.94681,33.57617,37.08302,-1.71238,0.0
2025-01-24 08:45:00-08:00,2025-01-24 08:45:00-08:00,2025-01-24 09:00:00-08:00,REAL_TIME_15_MIN,DLAP_SCE-APND,DLAP,58.61731,29.84021,30.31685,-1.53975,0.0
2025-01-24 09:00:00-08:00,2025-01-24 09:00:00-08:00,2025-01-24 09:15:00-08:00,REAL_TIME_15_MIN,DLAP_SCE-APND,DLAP,64.27154,33.46251,32.49889,-1.68986,0.0
2025-01-24 09:15:00-08:00,2025-01-24 09:15:00-08:00,2025-01-24 09:30:00-08:00,REAL_TIME_15_MIN,DLAP_SCE-APND,DLAP,30.4287,33.15921,-1.18529,-1.54522,0.0
2025-01-24 09:30:00-08:00,2025-01-24 09:30:00-08:00,2025-01-24 09:45:00-08:00,REAL_TIME_15_MIN,DLAP_SCE-APND,DLAP,30.78291,30.37539,1.76834,-1.36082,0.0
2025-01-24 09:45:00-08:00,2025-01-24 09:45:00-08:00,2025-01-24 10:00:00-08:00,REAL_TIME_15_MIN,DLAP_SCE-APND,DLAP,11.76529,28.32824,-15.359,-1.20395,0.0
2025-01-24 10:00:00-08:00,2025-01-24 10:00:00-08:00,2025-01-24 10:15:00-08:00,REAL_TIME_15_MIN,DLAP_SCE-APND,DLAP,20.84166,33.65474,-11.47699,-1.33609,0.0
2025-01-24 10:15:00-08:00,2025-01-24 10:15:00-08:00,2025-01-24 10:30:00-08:00,REAL_TIME_15_MIN,DLAP_SCE-APND,DLAP,20.59356,32.38574,-10.54209,-1.25009,0.0
2025-01-24 10:30:00-08:00,2025-01-24 10:30:00-08:00,2025-01-24 10:45:00-08:00,REAL_TIME_15_MIN,DLAP_SCE-APND,DLAP,20.56891,30.23519,-8.47804,-1.18824,0.0
2025-01-24 10:45:00-08:00,2025-01-24 10:45:00-08:00,2025-01-24 11:00:00-08:00,REAL_TIME_15_MIN,DLAP_SCE-APND,DLAP,21.08359,27.60347,-5.48199,-1.03789,0.0
2025-01-24 11:00:00-08:00,2025-01-24 11:00:00-08:00,2025-01-24 11:15:00-08:00,REAL_TIME_15_MIN,DLAP_SCE-APND,DLAP,30.23536,33.91578,-2.43911,-1.24132,0.0
2025-01-24 11:15:00-08:00,2025-01-24 11:15:00-08:00,2025-01-24 11:30:00-08:00,REAL_TIME_15_MIN,DLAP_SCE-APND,DLAP,28.95043,33.39629,-3.24359,-1.20227,0.0
2025-01-24 11:30:00-08:00,2025-01-24 11:30:00-08:00,2025-01-24 11:45:00-08:00,REAL_TIME_15_MIN,DLAP_SCE-APND,DLAP,28.53683,29.35042,0.34282,-1.15641,0.0
2025-01-24 11:45:00-08:00,2025-01-24 11:45:00-08:00,2025-01-24 12:00:00-08:00,REAL_TIME_15_MIN,DLAP_SCE-APND,DLAP,25.79664,27.03411,-0.13448,-1.10299,0.0
2025-01-24 12:00:00-08:00,2025-01-24 12:00:00-08:00,2025-01-24 12:15:00-08:00,REAL_TIME_15_MIN,DLAP_SCE-APND,DLAP,32.00176,31.42776,1.79969,-1.22568,0.0
2025-01-24 12:15:00-08:00,2025-01-24 12:15:00-08:00,2025-01-24 12:30:00-08:00,REAL_TIME_15_MIN,DLAP_SCE-APND,DLAP,32.94105,32.1546,2.02118,-1.23474,0.0
2025-01-24 12:30:00-08:00,2025-01-24 12:30:00-08:00,2025-01-24 12:45:00-08:00,REAL_TIME_15_MIN,DLAP_SCE-APND,DLAP,31.17295,30.1481,2.14033,-1.11548,0.0
2025-01-24 12:45:00-08:00,2025-01-24 12:45:00-08:00,2025-01-24 13:00:00-08:00,REAL_TIME_15_MIN,DLAP_SCE-APND,DLAP,30.33858,29.13642,2.23068,-1.02852,0.0
2025-01-24 13:00:00-08:00,2025-01-24 13:00:00-08:00,2025-01-24 13:15:00-08:00,REAL_TIME_15_MIN,DLAP_SCE-APND,DLAP,30.33858,29.13642,2.23068,-1.02852,0.0
2025-01-24 13:15:00-08:00,2025-01-24 13:15:00-08:00,2025-01-24 13:30:00-08:00,REAL_TIME_15_MIN,DLAP_SCE-APND,DLAP,31.93496,30.67992,2.26134,-1.0063,0.0
2025-01-24 13:30:00-08:00,2025-01-24 13:30:00-08:00,2025-01-24 13:45:00-08:00,REAL_TIME_15_MIN,DLAP_SCE-APND,DLAP,30.35532,29.12439,2.2328,-1.00188,0.0
2025-01-24 13:45:00-08:00,2025-01-24 13:45:00-08:00,2025-01-24 14:00:00-08:00,REAL_TIME_15_MIN,DLAP_SCE-APND,DLAP,28.87115,27.12142,2.69628,-0.94654,0.0
2025-01-24 14:00:00-08:00,2025-01-24 14:00:00-08:00,2025-01-24 14:15:00-08:00,REAL_TIME_15_MIN,DLAP_SCE-APND,DLAP,29.72885,27.85107,2.78851,-0.91073,0.0
2025-01-24 14:15:00-08:00,2025-01-24 14:15:00-08:00,2025-01-24 14:30:00-08:00,REAL_TIME_15_MIN,DLAP_SCE-APND,DLAP,32.11507,30.54204,2.59007,-1.01705,0.0
2025-01-24 14:30:00-08:00,2025-01-24 14:30:00-08:00,2025-01-24 14:45:00-08:00,REAL_TIME_15_MIN,DLAP_SCE-APND,DLAP,32.52565,30.89934,2.59346,-0.96715,0.0
2025-01-24 14:45:00-08:00,2025-01-24 14:45:00-08:00,2025-01-24 15:00:00-08:00,REAL_TIME_15_MIN,DLAP_SCE-APND,DLAP,32.89637,31.63784,2.2741,-1.01557,0.0
2025-01-24 15:00:00-08:00,2025-01-24 15:00:00-08:00,2025-01-24 15:15:00-08:00,REAL_TIME_15_MIN,DLAP_SCE-APND,DLAP,24.75478,25.37512,0.40989,-1.03023,0.0
2025-01-24 15:15:00-08:00,2025-01-24 15:15:00-08:00,2025-01-24 15:30:00-08:00,REAL_TIME_15_MIN,DLAP_SCE-APND,DLAP,32.34526,31.91123,1.66581,-1.23177,0.0
2025-01-24 15:30:00-08:00,2025-01-24 15:30:00-08:00,2025-01-24 15:45:00-08:00,REAL_TIME_15_MIN,DLAP_SCE-APND,DLAP,41.44845,41.30711,1.55817,-1.41683,0.0
2025-01-24 15:45:00-08:00,2025-01-24 15:45:00-08:00,2025-01-24 16:00:00-08:00,REAL_TIME_15_MIN,DLAP_SCE-APND,DLAP,53.62197,53.60005,1.90328,-1.88136,0.0
2025-01-24 16:00:00-08:00,2025-01-24 16:00:00-08:00,2025-01-24 16:15:00-08:00,REAL_TIME_15_MIN,DLAP_SCE-APND,DLAP,37.87789,38.12654,1.15059,-1.39924,0.0
2025-01-24 16:15:00-08:00,2025-01-24 16:15:00-08:00,2025-01-24 16:30:00-08:00,REAL_TIME_15_MIN,DLAP_SCE-APND,DLAP,47.50866,49.23177,0.0,-1.72311,0.0
2025-01-24 16:30:00-08:00,2025-01-24 16:30:00-08:00,2025-01-24 16:45:00-08:00,REAL_TIME_15_MIN,DLAP_SCE-APND,DLAP,55.32271,57.33598,0.04509,-2.05836,0.0
2025-01-24 16:45:00-08:00,2025-01-24 16:45:00-08:00,2025-01-24 17:00:00-08:00,REAL_TIME_15_MIN,DLAP_SCE-APND,DLAP,67.65353,69.63821,0.0,-1.98469,0.0
2025-01-24 17:00:00-08:00,2025-01-24 17:00:00-08:00,2025-01-24 17:15:00-08:00,REAL_TIME_15_MIN,DLAP_SCE-APND,DLAP,54.61811,54.00119,2.19916,-1.58223,0.0
2025-01-24 17:15:00-08:00,2025-01-24 17:15:00-08:00,2025-01-24 17:30:00-08:00,REAL_TIME_15_MIN,DLAP_SCE-APND,DLAP,54.16344,56.11759,0.13904,-2.09319,0.0
2025-01-24 17:30:00-08:00,2025-01-24 17:30:00-08:00,2025-01-24 17:45:00-08:00,REAL_TIME_15_MIN,DLAP_SCE-APND,DLAP,58.15137,58.37507,2.19303,-2.41673,0.0
2025-01-24 17:45:00-08:00,2025-01-24 17:45:00-08:00,2025-01-24 18:00:00-08:00,REAL_TIME_15_MIN,DLAP_SCE-APND,DLAP,56.99456,58.89795,0.38185,-2.28524,0.0
2025-01-24 18:00:00-08:00,2025-01-24 18:00:00-08:00,2025-01-24 18:15:00-08:00,REAL_TIME_15_MIN,DLAP_SCE-APND,DLAP,54.94688,56.16319,0.59215,-1.80845,0.0
2025-01-24 18:15:00-08:00,2025-01-24 18:15:00-08:00,2025-01-24 18:30:00-08:00,REAL_TIME_15_MIN,DLAP_SCE-APND,DLAP,54.69602,55.28738,1.16124,-1.75261,0.0
2025-01-24 18:30:00-08:00,2025-01-24 18:30:00-08:00,2025-01-24 18:45:00-08:00,REAL_TIME_15_MIN,DLAP_SCE-APND,DLAP,53.81626,55.07756,0.42958,-1.69088,0.0
2025-01-24 18:45:00-08:00,2025-01-24 18:45:00-08:00,2025-01-24 19:00:00-08:00,REAL_TIME_15_MIN,DLAP_SCE-APND,DLAP,52.34014,53.53927,0.38027,-1.57941,0.0
2025-01-24 19:00:00-08:00,2025-01-24 19:00:00-08:00,2025-01-24 19:15:00-08:00,REAL_TIME_15_MIN,DLAP_SCE-APND,DLAP,50.6282,51.77514,0.37525,-1.52219,0.0
2025-01-24 19:15:00-08:00,2025-01-24 19:15:00-08:00,2025-01-24 19:30:00-08:00,REAL_TIME_15_MIN,DLAP_SCE-APND,DLAP,50.16835,51.21217,0.32354,-1.36737,0.0
2025-01-24 19:30:00-08:00,2025-01-24 19:30:00-08:00,2025-01-24 19:45:00-08:00,REAL_TIME_15_MIN,DLAP_SCE-APND,DLAP,50.1046,51.2564,0.10911,-1.26091,0.0
2025-01-24 19:45:00-08:00,2025-01-24 19:45:00-08:00,2025-01-24 20:00:00-08:00,REAL_TIME_15_MIN,DLAP_SCE-APND,DLAP,48.98496,50.22412,0.07672,-1.31587,0.0
2025-01-24 20:00:00-08:00,2025-01-24 20:00:00-08:00,2025-01-24 20:15:00-08:00,REAL_TIME_15_MIN,DLAP_SCE-APND,DLAP,52.35631,53.69385,0.21958,-1.55712,0.0
2025-01-24 20:15:00-08:00,2025-01-24 20:15:00-08:00,2025-01-24 20:30:00-08:00,REAL_TIME_15_MIN,DLAP_SCE-APND,DLAP,51.05991,52.47317,0.16618,-1.57944,0.0
2025-01-24 20:30:00-08:00,2025-01-24 20:30:00-08:00,2025-01-24 20:45:00-08:00,REAL_TIME_15_MIN,DLAP_SCE-APND,DLAP,50.34085,51.51093,0.23102,-1.4011,0.0
2025-01-24 20:45:00-08:00,2025-01-24 20:45:00-08:00,2025-01-24 21:00:00-08:00,REAL_TIME_15_MIN,DLAP_SCE-APND,DLAP,50.25048,51.33645,0.17691,-1.26288,0.0
2025-01-24 21:00:00-08:00,2025-01-24 21:00:00-08:00,2025-01-24 21:15:00-08:00,REAL_TIME_15_MIN,DLAP_SCE-APND,DLAP,51.44754,52.07921,0.37346,-1.00513,0.0
2025-01-24 21:15:00-08:00,2025-01-24 21:15:00-08:00,2025-01-24 21:30:00-08:00,REAL_TIME_15_MIN,DLAP_SCE-APND,DLAP,51.25816,51.96591,0.2952,-1.00294,0.0
2025-01-24 21:30:00-08:00,2025-01-24 21:30:00-08:00,2025-01-24 21:45:00-08:00,REAL_TIME_15_MIN,DLAP_SCE-APND,DLAP,51.67857,52.30721,0.23966,-0.8683,0.0
2025-01-24 21:45:00-08:00,2025-01-24 21:45:00-08:00,2025-01-24 22:00:00-08:00,REAL_TIME_15_MIN,DLAP_SCE-APND,DLAP,51.44644,52.36878,0.15122,-1.07356,0.0
2025-01-24 22:00:00-08:00,2025-01-24 22:00:00-08:00,2025-01-24 22:15:00-08:00,REAL_TIME_15_MIN,DLAP_SCE-APND,DLAP,51.06025,52.26119,0.00107,-1.20201,0.0
2025-01-24 22:15:00-08:00,2025-01-24 22:15:00-08:00,2025-01-24 22:30:00-08:00,REAL_TIME_15_MIN,DLAP_SCE-APND,DLAP,50.76988,51.92257,0.0,-1.15268,0.0
2025-01-24 22:30:00-08:00,2025-01-24 22:30:00-08:00,2025-01-24 22:45:00-08:00,REAL_TIME_15_MIN,DLAP_SCE-APND,DLAP,54.66025,55.71323,0.0,-1.05298,0.0
2025-01-24 22:45:00-08:00,2025-01-24 22:45:00-08:00,2025-01-24 23:00:00-08:00,REAL_TIME_15_MIN,DLAP_SCE-APND,DLAP,54.63051,55.64889,0.0,-1.01837,0.0
2025-01-24 23:00:00-08:00,2025-01-24 23:00:00-08:00,2025-01-24 23:15:00-08:00,REAL_TIME_15_MIN,DLAP_SCE-APND,DLAP,56.06362,57.02738,0.0,-0.96376,0.0
2025-01-24 23:15:00-08:00,2025-01-24 23:15:00-08:00,2025-01-24 23:30:00-08:00,REAL_TIME_15_MIN,DLAP_SCE-APND,DLAP,56.0069,56.98708,0.0,-0.98018,0.0
2025-01-24 23:30:00-08:00,2025-01-24 23:30:00-08:00,2025-01-24 23:45:00-08:00,REAL_TIME_15_MIN,DLAP_SCE-APND,DLAP,55.39131,56.14364,0.0,-0.75232,0.0
2025-01-24 23:45:00-08:00,2025-01-24 23:45:00-08:00,2025-01-25 00:00:00-08:00,REAL_TIME_15_MIN,DLAP_SCE-APND,DLAP,54.13927,54.86347,0.0,-0.7242,0.0
2025-01-25 00:00:00-08:00,2025-01-25 00:00:00-08:00,2025-01-25 00:15:00-08:00,REAL_TIME_15_MIN,DLAP_SCE-APND,DLAP,54.14169,55.13972,0.0,-0.99803,0.0
2025-01-25 00:15:00-08:00,2025-01-25 00:15:00-08:00,2025-01-25 00:30:00-08:00,REAL_TIME_15_MIN,DLAP_SCE-APND,DLAP,53.75041,54.67997,0.0,-0.92956,0.0
2025-01-25 00:30:00-08:00,2025-01-25 00:30:00-08:00,2025-01-25 00:45:00-08:00,REAL_TIME_15_MIN,DLAP_SCE-APND,DLAP,51.22428,52.06249,0.0,-0.83821,0.0
2025-01-25 00:45:00-08:00,2025-01-25 00:45:00-08:00,2025-01-25 01:00:00-08:00,REAL_TIME_15_MIN,DLAP_SCE-APND,DLAP,49.39754,50.12434,0.0,-0.7268,0.0
2025-01-25 01:00:00-08:00,2025-01-25 01:00:00-08:00,2025-01-25 01:15:00-08:00,REAL_TIME_15_MIN,DLAP_SCE-APND,DLAP,50.36338,51.11995,0.0,-0.75658,0.0
2025-01-25 01:15:00-08:00,2025-01-25 01:15:00-08:00,2025-01-25 01:30:00-08:00,REAL_TIME_15_MIN,DLAP_SCE-APND,DLAP,50.3387,51.0638,0.0,-0.72511,0.0
2025-01-25 01:30:00-08:00,2025-01-25 01:30:00-08:00,2025-01-25 01:45:00-08:00,REAL_TIME_15_MIN,DLAP_SCE-APND,DLAP,48.83682,49.4951,0.0,-0.65828,0.0
2025-01-25 01:45:00-08:00,2025-01-25 01:45:00-08:00,2025-01-25 02:00:00-08:00,REAL_TIME_15_MIN,DLAP_SCE-APND,DLAP,44.97979,45.56299,0.0,-0.58321,0.0
2025-01-25 02:00:00-08:00,2025-01-25 02:00:00-08:00,2025-01-25 02:15:00-08:00,REAL_TIME_15_MIN,DLAP_SCE-APND,DLAP,45.57761,46.27169,0.0,-0.69408,0.0
2025-01-25 02:15:00-08:00,2025-01-25 02:15:00-08:00,2025-01-25 02:30:00-08:00,REAL_TIME_15_MIN,DLAP_SCE-APND,DLAP,44.61749,45.27856,0.0,-0.66107,0.0
2025-01-25 02:30:00-08:00,2025-01-25 02:30:00-08:00,2025-01-25 02:45:00-08:00,REAL_TIME_15_MIN,DLAP_SCE-APND,DLAP,44.57815,45.23404,0.0,-0.65589,0.0
2025-01-25 02:45:00-08:00,2025-01-25 02:45:00-08:00,2025-01-25 03:00:00-08:00,REAL_TIME_15_MIN,DLAP_SCE-APND,DLAP,44.62189,45.39358,0.0,-0.77169,0.0
2025-01-25 03:00:00-08:00,2025-01-25 03:00:00-08:00,2025-01-25 03:15:00-08:00,REAL_TIME_15_MIN,DLAP_SCE-APND,DLAP,44.21048,44.95219,0.0,-0.74171,0.0
2025-01-25 03:15:00-08:00,2025-01-25 03:15:00-08:00,2025-01-25 03:30:00-08:00,REAL_TIME_15_MIN,DLAP_SCE-APND,DLAP,43.49508,44.18436,0.0,-0.68928,0.0
2025-01-25 03:30:00-08:00,2025-01-25 03:30:00-08:00,2025-01-25 03:45:00-08:00,REAL_TIME_15_MIN,DLAP_SCE-APND,DLAP,43.46903,44.17585,0.0,-0.70681,0.0
2025-01-25 03:45:00-08:00,2025-01-25 03:45:00-08:00,2025-01-25 04:00:00-08:00,REAL_TIME_15_MIN,DLAP_SCE-APND,DLAP,43.9985,44.84609,0.0,-0.84759,0.0
2025-01-25 04:00:00-08:00,2025-01-25 04:00:00-08:00,2025-01-25 04:15:00-08:00,REAL_TIME_15_MIN,DLAP_SCE-APND,DLAP,44.73456,45.59634,0.0,-0.86177,0.0
2025-01-25 04:15:00-08:00,2025-01-25 04:15:00-08:00,2025-01-25 04:30:00-08:00,REAL_TIME_15_MIN,DLAP_SCE-APND,DLAP,46.11345,47.09299,0.0,-0.97953,0.0
2025-01-25 04:30:00-08:00,2025-01-25 04:30:00-08:00,2025-01-25 04:45:00-08:00,REAL_TIME_15_MIN,DLAP_SCE-APND,DLAP,46.52712,47.46696,0.0,-0.93985,0.0
2025-01-25 04:45:00-08:00,2025-01-25 04:45:00-08:00,2025-01-25 05:00:00-08:00,REAL_TIME_15_MIN,DLAP_SCE-APND,DLAP,54.58851,55.67984,0.0,-1.09132,0.0
2025-01-25 05:00:00-08:00,2025-01-25 05:00:00-08:00,2025-01-25 05:15:00-08:00,REAL_TIME_15_MIN,DLAP_SCE-APND,DLAP,46.03931,46.84504,0.0,-0.80573,0.0
2025-01-25 05:15:00-08:00,2025-01-25 05:15:00-08:00,2025-01-25 05:30:00-08:00,REAL_TIME_15_MIN,DLAP_SCE-APND,DLAP,49.01323,50.02882,0.0,-1.01559,0.0
2025-01-25 05:30:00-08:00,2025-01-25 05:30:00-08:00,2025-01-25 05:45:00-08:00,REAL_TIME_15_MIN,DLAP_SCE-APND,DLAP,49.16684,50.12933,0.0,-0.96248,0.0
2025-01-25 05:45:00-08:00,2025-01-25 05:45:00-08:00,2025-01-25 06:00:00-08:00,REAL_TIME_15_MIN,DLAP_SCE-APND,DLAP,51.41304,52.4088,0.0,-0.99577,0.0
2025-01-25 06:00:00-08:00,2025-01-25 06:00:00-08:00,2025-01-25 06:15:00-08:00,REAL_TIME_15_MIN,DLAP_SCE-APND,DLAP,48.05268,48.70533,0.0,-0.65265,0.0
2025-01-25 06:15:00-08:00,2025-01-25 06:15:00-08:00,2025-01-25 06:30:00-08:00,REAL_TIME_15_MIN,DLAP_SCE-APND,DLAP,52.30211,52.88383,0.0,-0.58172,0.0
2025-01-25 06:30:00-08:00,2025-01-25 06:30:00-08:00,2025-01-25 06:45:00-08:00,REAL_TIME_15_MIN,DLAP_SCE-APND,DLAP,52.54354,53.25179,0.0,-0.70825,0.0
2025-01-25 06:45:00-08:00,2025-01-25 06:45:00-08:00,2025-01-25 07:00:00-08:00,REAL_TIME_15_MIN,DLAP_SCE-APND,DLAP,55.36974,56.16731,0.0,-0.79758,0.0
2025-01-25 07:00:00-08:00,2025-01-25 07:00:00-08:00,2025-01-25 07:15:00-08:00,REAL_TIME_15_MIN,DLAP_SCE-APND,DLAP,50.92697,51.85494,0.00542,-0.93339,0.0
2025-01-25 07:15:00-08:00,2025-01-25 07:15:00-08:00,2025-01-25 07:30:00-08:00,REAL_TIME_15_MIN,DLAP_SCE-APND,DLAP,50.16618,51.25273,0.0,-1.08656,0.0
2025-01-25 07:30:00-08:00,2025-01-25 07:30:00-08:00,2025-01-25 07:45:00-08:00,REAL_TIME_15_MIN,DLAP_SCE-APND,DLAP,48.32971,49.9377,0.0,-1.60799,0.0
2025-01-25 07:45:00-08:00,2025-01-25 07:45:00-08:00,2025-01-25 08:00:00-08:00,REAL_TIME_15_MIN,DLAP_SCE-APND,DLAP,42.84077,44.18396,0.0,-1.34319,0.0
2025-01-25 08:00:00-08:00,2025-01-25 08:00:00-08:00,2025-01-25 08:15:00-08:00,REAL_TIME_15_MIN,DLAP_SCE-APND,DLAP,52.82025,54.82122,0.0,-2.00097,0.0
2025-01-25 08:15:00-08:00,2025-01-25 08:15:00-08:00,2025-01-25 08:30:00-08:00,REAL_TIME_15_MIN,DLAP_SCE-APND,DLAP,54.07198,55.77306,0.0,-1.70108,0.0
2025-01-25 08:30:00-08:00,2025-01-25 08:30:00-08:00,2025-01-25 08:45:00-08:00,REAL_TIME_15_MIN,DLAP_SCE-APND,DLAP,53.57843,55.49869,0.0,-1.92025,0.0
2025-01-25 08:45:00-08:00,2025-01-25 08:45:00-08:00,2025-01-25 09:00:00-08:00,REAL_TIME_15_MIN,DLAP_SCE-APND,DLAP,51.42291,53.05159,0.0,-1.62868,0.0
2025-01-25 09:00:00-08:00,2025-01-25 09:00:00-08:00,2025-01-25 09:15:00-08:00,REAL_TIME_15_MIN,DLAP_SCE-APND,DLAP,57.2639,59.32239,0.0,-2.05849,0.0
2025-01-25 09:15:00-08:00,2025-01-25 09:15:00-08:00,2025-01-25 09:30:00-08:00,REAL_TIME_15_MIN,DLAP_SCE-APND,DLAP,52.54072,54.56508,0.0,-2.02436,0.0
2025-01-25 09:30:00-08:00,2025-01-25 09:30:00-08:00,2025-01-25 09:45:00-08:00,REAL_TIME_15_MIN,DLAP_SCE-APND,DLAP,48.18784,50.18521,0.0,-1.99737,0.0
2025-01-25 09:45:00-08:00,2025-01-25 09:45:00-08:00,2025-01-25 10:00:00-08:00,REAL_TIME_15_MIN,DLAP_SCE-APND,DLAP,41.85938,43.59444,0.0,-1.73506,0.0
2025-01-25 10:00:00-08:00,2025-01-25 10:00:00-08:00,2025-01-25 10:15:00-08:00,REAL_TIME_15_MIN,DLAP_SCE-APND,DLAP,43.68302,45.88553,0.0,-2.20251,0.0
2025-01-25 10:15:00-08:00,2025-01-25 10:15:00-08:00,2025-01-25 10:30:00-08:00,REAL_TIME_15_MIN,DLAP_SCE-APND,DLAP,39.46087,41.30299,0.0,-1.84211,0.0
2025-01-25 10:30:00-08:00,2025-01-25 10:30:00-08:00,2025-01-25 10:45:00-08:00,REAL_TIME_15_MIN,DLAP_SCE-APND,DLAP,36.34987,38.25831,0.00065,-1.90909,0.0
2025-01-25 10:45:00-08:00,2025-01-25 10:45:00-08:00,2025-01-25 11:00:00-08:00,REAL_TIME_15_MIN,DLAP_SCE-APND,DLAP,30.80982,32.47583,0.0,-1.66601,0.0
2025-01-25 11:00:00-08:00,2025-01-25 11:00:00-08:00,2025-01-25 11:15:00-08:00,REAL_TIME_15_MIN,DLAP_SCE-APND,DLAP,35.95736,38.02597,0.0,-2.06861,0.0
2025-01-25 11:15:00-08:00,2025-01-25 11:15:00-08:00,2025-01-25 11:30:00-08:00,REAL_TIME_15_MIN,DLAP_SCE-APND,DLAP,36.36921,38.26324,0.0,-1.89403,0.0
2025-01-25 11:30:00-08:00,2025-01-25 11:30:00-08:00,2025-01-25 11:45:00-08:00,REAL_TIME_15_MIN,DLAP_SCE-APND,DLAP,34.05723,36.11636,-0.26776,-1.79137,0.0
2025-01-25 11:45:00-08:00,2025-01-25 11:45:00-08:00,2025-01-25 12:00:00-08:00,REAL_TIME_15_MIN,DLAP_SCE-APND,DLAP,32.94313,34.79375,-0.26402,-1.58659,0.0
2025-01-25 12:00:00-08:00,2025-01-25 12:00:00-08:00,2025-01-25 12:15:00-08:00,REAL_TIME_15_MIN,DLAP_SCE-APND,DLAP,33.95644,37.41906,-1.54677,-1.91586,0.0
2025-01-25 12:15:00-08:00,2025-01-25 12:15:00-08:00,2025-01-25 12:30:00-08:00,REAL_TIME_15_MIN,DLAP_SCE-APND,DLAP,34.98156,36.8897,-0.00463,-1.90351,0.0
2025-01-25 12:30:00-08:00,2025-01-25 12:30:00-08:00,2025-01-25 12:45:00-08:00,REAL_TIME_15_MIN,DLAP_SCE-APND,DLAP,34.37071,36.14498,0.14502,-1.9193,0.0
2025-01-25 12:45:00-08:00,2025-01-25 12:45:00-08:00,2025-01-25 13:00:00-08:00,REAL_TIME_15_MIN,DLAP_SCE-APND,DLAP,35.38439,36.84914,0.22663,-1.69138,0.0
2025-01-25 13:00:00-08:00,2025-01-25 13:00:00-08:00,2025-01-25 13:15:00-08:00,REAL_TIME_15_MIN,DLAP_SCE-APND,DLAP,36.41485,38.01998,0.23884,-1.84397,0.0
2025-01-25 13:15:00-08:00,2025-01-25 13:15:00-08:00,2025-01-25 13:30:00-08:00,REAL_TIME_15_MIN,DLAP_SCE-APND,DLAP,37.42728,39.01045,0.24252,-1.82569,0.0
2025-01-25 13:30:00-08:00,2025-01-25 13:30:00-08:00,2025-01-25 13:45:00-08:00,REAL_TIME_15_MIN,DLAP_SCE-APND,DLAP,38.95279,40.66476,0.29281,-2.00477,0.0
2025-01-25 13:45:00-08:00,2025-01-25 13:45:00-08:00,2025-01-25 14:00:00-08:00,REAL_TIME_15_MIN,DLAP_SCE-APND,DLAP,41.34295,43.21752,0.28199,-2.15655,0.0
2025-01-25 14:00:00-08:00,2025-01-25 14:00:00-08:00,2025-01-25 14:15:00-08:00,REAL_TIME_15_MIN,DLAP_SCE-APND,DLAP,47.67832,49.5473,0.59352,-2.4625,0.0
2025-01-25 14:15:00-08:00,2025-01-25 14:15:00-08:00,2025-01-25 14:30:00-08:00,REAL_TIME_15_MIN,DLAP_SCE-APND,DLAP,50.50358,52.2769,0.68369,-2.45701,0.0
2025-01-25 14:30:00-08:00,2025-01-25 14:30:00-08:00,2025-01-25 14:45:00-08:00,REAL_TIME_15_MIN,DLAP_SCE-APND,DLAP,51.93807,53.83583,0.71867,-2.61642,0.0
2025-01-25 14:45:00-08:00,2025-01-25 14:45:00-08:00,2025-01-25 15:00:00-08:00,REAL_TIME_15_MIN,DLAP_SCE-APND,DLAP,54.76075,56.76186,0.75184,-2.75295,0.0
2025-01-25 15:00:00-08:00,2025-01-25 15:00:00-08:00,2025-01-25 15:15:00-08:00,REAL_TIME_15_MIN,DLAP_SCE-APND,DLAP,55.95427,57.74798,0.8165,-2.61021,0.0
2025-01-25 15:15:00-08:00,2025-01-25 15:15:00-08:00,2025-01-25 15:30:00-08:00,REAL_TIME_15_MIN,DLAP_SCE-APND,DLAP,60.18653,62.47015,0.89612,-3.17973,0.0
2025-01-25 15:30:00-08:00,2025-01-25 15:30:00-08:00,2025-01-25 15:45:00-08:00,REAL_TIME_15_MIN,DLAP_SCE-APND,DLAP,71.11523,73.90131,1.18981,-3.97589,0.0
2025-01-25 15:45:00-08:00,2025-01-25 15:45:00-08:00,2025-01-25 16:00:00-08:00,REAL_TIME_15_MIN,DLAP_SCE-APND,DLAP,76.02985,79.04043,1.11533,-4.12591,0.0
2025-01-25 16:00:00-08:00,2025-01-25 16:00:00-08:00,2025-01-25 16:15:00-08:00,REAL_TIME_15_MIN,DLAP_SCE-APND,DLAP,53.50065,55.85694,0.44772,-2.80402,0.0
2025-01-25 16:15:00-08:00,2025-01-25 16:15:00-08:00,2025-01-25 16:30:00-08:00,REAL_TIME_15_MIN,DLAP_SCE-APND,DLAP,57.1193,60.19314,0.0562,-3.13004,0.0
2025-01-25 16:30:00-08:00,2025-01-25 16:30:00-08:00,2025-01-25 16:45:00-08:00,REAL_TIME_15_MIN,DLAP_SCE-APND,DLAP,70.58761,74.05331,0.0,-3.46569,0.0
2025-01-25 16:45:00-08:00,2025-01-25 16:45:00-08:00,2025-01-25 17:00:00-08:00,REAL_TIME_15_MIN,DLAP_SCE-APND,DLAP,82.71114,87.3033,0.0,-4.59215,0.0
2025-01-25 17:00:00-08:00,2025-01-25 17:00:00-08:00,2025-01-25 17:15:00-08:00,REAL_TIME_15_MIN,DLAP_SCE-APND,DLAP,71.08765,74.16552,0.0,-3.07787,0.0
2025-01-25 17:15:00-08:00,2025-01-25 17:15:00-08:00,2025-01-25 17:30:00-08:00,REAL_TIME_15_MIN,DLAP_SCE-APND,DLAP,72.41025,75.70334,0.0,-3.2931,0.0
2025-01-25 17:30:00-08:00,2025-01-25 17:30:00-08:00,2025-01-25 17:45:00-08:00,REAL_TIME_15_MIN,DLAP_SCE-APND,DLAP,75.35594,79.33874,0.0,-3.9828,0.0
2025-01-25 17:45:00-08:00,2025-01-25 17:45:00-08:00,2025-01-25 18:00:00-08:00,REAL_TIME_15_MIN,DLAP_SCE-APND,DLAP,78.67921,83.17042,0.0,-4.4912,0.0
2025-01-25 18:00:00-08:00,2025-01-25 18:00:00-08:00,2025-01-25 18:15:00-08:00,REAL_TIME_15_MIN,DLAP_SCE-APND,DLAP,71.47594,75.15871,0.0,-3.68278,0.0
2025-01-25 18:15:00-08:00,2025-01-25 18:15:00-08:00,2025-01-25 18:30:00-08:00,REAL_TIME_15_MIN,DLAP_SCE-APND,DLAP,71.77114,75.09798,0.0,-3.32684,0.0
2025-01-25 18:30:00-08:00,2025-01-25 18:30:00-08:00,2025-01-25 18:45:00-08:00,REAL_TIME_15_MIN,DLAP_SCE-APND,DLAP,74.85596,76.26883,1.79042,-3.20329,0.0
2025-01-25 18:45:00-08:00,2025-01-25 18:45:00-08:00,2025-01-25 19:00:00-08:00,REAL_TIME_15_MIN,DLAP_SCE-APND,DLAP,71.8606,74.07527,1.11871,-3.33339,0.0
2025-01-25 19:00:00-08:00,2025-01-25 19:00:00-08:00,2025-01-25 19:15:00-08:00,REAL_TIME_15_MIN,DLAP_SCE-APND,DLAP,71.33737,74.46258,0.6277,-3.75291,0.0
2025-01-25 19:15:00-08:00,2025-01-25 19:15:00-08:00,2025-01-25 19:30:00-08:00,REAL_TIME_15_MIN,DLAP_SCE-APND,DLAP,67.84638,71.10289,0.0,-3.25651,0.0
2025-01-25 19:30:00-08:00,2025-01-25 19:30:00-08:00,2025-01-25 19:45:00-08:00,REAL_TIME_15_MIN,DLAP_SCE-APND,DLAP,65.34178,68.35629,0.0,-3.01451,0.0
2025-01-25 19:45:00-08:00,2025-01-25 19:45:00-08:00,2025-01-25 20:00:00-08:00,REAL_TIME_15_MIN,DLAP_SCE-APND,DLAP,62.41292,65.10162,0.0,-2.6887,0.0
2025-01-25 20:00:00-08:00,2025-01-25 20:00:00-08:00,2025-01-25 20:15:00-08:00,REAL_TIME_15_MIN,DLAP_SCE-APND,DLAP,61.55556,64.15378,0.0,-2.59823,0.0
2025-01-25 20:15:00-08:00,2025-01-25 20:15:00-08:00,2025-01-25 20:30:00-08:00,REAL_TIME_15_MIN,DLAP_SCE-APND,DLAP,58.61254,61.01659,0.0,-2.40405,0.0
2025-01-25 20:30:00-08:00,2025-01-25 20:30:00-08:00,2025-01-25 20:45:00-08:00,REAL_TIME_15_MIN,DLAP_SCE-APND,DLAP,64.08884,66.52361,0.0,-2.43476,0.0
2025-01-25 20:45:00-08:00,2025-01-25 20:45:00-08:00,2025-01-25 21:00:00-08:00,REAL_TIME_15_MIN,DLAP_SCE-APND,DLAP,65.14895,67.44198,0.0,-2.29303,0.0
2025-01-25 21:00:00-08:00,2025-01-25 21:00:00-08:00,2025-01-25 21:15:00-08:00,REAL_TIME_15_MIN,DLAP_SCE-APND,DLAP,67.96647,70.4827,0.0,-2.51623,0.0
2025-01-25 21:15:00-08:00,2025-01-25 21:15:00-08:00,2025-01-25 21:30:00-08:00,REAL_TIME_15_MIN,DLAP_SCE-APND,DLAP,66.59567,68.8897,0.0,-2.29403,0.0
2025-01-25 21:30:00-08:00,2025-01-25 21:30:00-08:00,2025-01-25 21:45:00-08:00,REAL_TIME_15_MIN,DLAP_SCE-APND,DLAP,69.76724,72.04383,0.0,-2.27658,0.0
2025-01-25 21:45:00-08:00,2025-01-25 21:45:00-08:00,2025-01-25 22:00:00-08:00,REAL_TIME_15_MIN,DLAP_SCE-APND,DLAP,67.31293,69.48073,0.0,-2.1678,0.0
2025-01-25 22:00:00-08:00,2025-01-25 22:00:00-08:00,2025-01-25 22:15:00-08:00,REAL_TIME_15_MIN,DLAP_SCE-APND,DLAP,70.21994,72.57125,0.0,-2.35131,0.0
2025-01-25 22:15:00-08:00,2025-01-25 22:15:00-08:00,2025-01-25 22:30:00-08:00,REAL_TIME_15_MIN,DLAP_SCE-APND,DLAP,68.78733,71.07597,0.0,-2.28865,0.0
2025-01-25 22:30:00-08:00,2025-01-25 22:30:00-08:00,2025-01-25 22:45:00-08:00,REAL_TIME_15_MIN,DLAP_SCE-APND,DLAP,67.05172,69.3041,0.0,-2.25238,0.0
2025-01-25 22:45:00-08:00,2025-01-25 22:45:00-08:00,2025-01-25 23:00:00-08:00,REAL_TIME_15_MIN,DLAP_SCE-APND,DLAP,69.97425,72.06411,0.0,-2.08986,0.0
2025-01-25 23:00:00-08:00,2025-01-25 23:00:00-08:00,2025-01-25 23:15:00-08:00,REAL_TIME_15_MIN,DLAP_SCE-APND,DLAP,66.57705,68.6857,0.0,-2.10865,0.0
2025-01-25 23:15:00-08:00,2025-01-25 23:15:00-08:00,2025-01-25 23:30:00-08:00,REAL_TIME_15_MIN,DLAP_SCE-APND,DLAP,63.6203,65.58794,0.0,-1.96764,0.0
2025-01-25 23:30:00-08:00,2025-01-25 23:30:00-08:00,2025-01-25 23:45:00-08:00,REAL_TIME_15_MIN,DLAP_SCE-APND,DLAP,68.06666,69.75472,0.0,-1.68806,0.0
2025-01-25 23:45:00-08:00,2025-01-25 23:45:00-08:00,2025-01-26 00:00:00-08:00,REAL_TIME_15_MIN,DLAP_SCE-APND,DLAP,66.18098,67.65588,0.0,-1.4749,0.0
2025-01-26 00:00:00-08:00,2025-01-26 00:00:00-08:00,2025-01-26 00:15:00-08:00,REAL_TIME_15_MIN,DLAP_SCE-APND,DLAP,63.86995,65.58836,0.0,-1.71842,0.0
2025-01-26 00:15:00-08:00,2025-01-26 00:15:00-08:00,2025-01-26 00:30:00-08:00,REAL_TIME_15_MIN,DLAP_SCE-APND,DLAP,61.14308,62.68513,0.0,-1.54205,0.0
2025-01-26 00:30:00-08:00,2025-01-26 00:30:00-08:00,2025-01-26 00:45:00-08:00,REAL_TIME_15_MIN,DLAP_SCE-APND,DLAP,61.22225,62.66351,0.0,-1.44126,0.0
2025-01-26 00:45:00-08:00,2025-01-26 00:45:00-08:00,2025-01-26 01:00:00-08:00,REAL_TIME_15_MIN,DLAP_SCE-APND,DLAP,61.38754,62.93576,0.0,-1.54822,0.0
2025-01-26 01:00:00-08:00,2025-01-26 01:00:00-08:00,2025-01-26 01:15:00-08:00,REAL_TIME_15_MIN,DLAP_SCE-APND,DLAP,61.40572,62.85773,0.0,-1.45201,0.0
2025-01-26 01:15:00-08:00,2025-01-26 01:15:00-08:00,2025-01-26 01:30:00-08:00,REAL_TIME_15_MIN,DLAP_SCE-APND,DLAP,58.00959,59.4178,0.0,-1.4082,0.0
2025-01-26 01:30:00-08:00,2025-01-26 01:30:00-08:00,2025-01-26 01:45:00-08:00,REAL_TIME_15_MIN,DLAP_SCE-APND,DLAP,56.79935,58.22589,0.0,-1.42653,0.0
2025-01-26 01:45:00-08:00,2025-01-26 01:45:00-08:00,2025-01-26 02:00:00-08:00,REAL_TIME_15_MIN,DLAP_SCE-APND,DLAP,56.56458,57.99711,0.0,-1.43253,0.0
2025-01-26 02:00:00-08:00,2025-01-26 02:00:00-08:00,2025-01-26 02:15:00-08:00,REAL_TIME_15_MIN,DLAP_SCE-APND,DLAP,58.9948,60.48267,0.0,-1.48787,0.0
2025-01-26 02:15:00-08:00,2025-01-26 02:15:00-08:00,2025-01-26 02:30:00-08:00,REAL_TIME_15_MIN,DLAP_SCE-APND,DLAP,57.58852,58.98046,0.0,-1.39194,0.0
2025-01-26 02:30:00-08:00,2025-01-26 02:30:00-08:00,2025-01-26 02:45:00-08:00,REAL_TIME_15_MIN,DLAP_SCE-APND,DLAP,55.04453,56.44435,0.0,-1.39982,0.0
2025-01-26 02:45:00-08:00,2025-01-26 02:45:00-08:00,2025-01-26 03:00:00-08:00,REAL_TIME_15_MIN,DLAP_SCE-APND,DLAP,53.64763,55.00065,0.0,-1.35302,0.0
2025-01-26 03:00:00-08:00,2025-01-26 03:00:00-08:00,2025-01-26 03:15:00-08:00,REAL_TIME_15_MIN,DLAP_SCE-APND,DLAP,53.49872,54.72455,0.0,-1.22583,0.0
2025-01-26 03:15:00-08:00,2025-01-26 03:15:00-08:00,2025-01-26 03:30:00-08:00,REAL_TIME_15_MIN,DLAP_SCE-APND,DLAP,53.66609,54.9126,0.0,-1.24652,0.0
2025-01-26 03:30:00-08:00,2025-01-26 03:30:00-08:00,2025-01-26 03:45:00-08:00,REAL_TIME_15_MIN,DLAP_SCE-APND,DLAP,54.87098,56.09383,0.0,-1.22285,0.0
2025-01-26 03:45:00-08:00,2025-01-26 03:45:00-08:00,2025-01-26 04:00:00-08:00,REAL_TIME_15_MIN,DLAP_SCE-APND,DLAP,56.04436,57.39898,0.0,-1.35462,0.0
2025-01-26 04:00:00-08:00,2025-01-26 04:00:00-08:00,2025-01-26 04:15:00-08:00,REAL_TIME_15_MIN,DLAP_SCE-APND,DLAP,49.2562,50.17951,0.0,-0.9233,0.0
2025-01-26 04:15:00-08:00,2025-01-26 04:15:00-08:00,2025-01-26 04:30:00-08:00,REAL_TIME_15_MIN,DLAP_SCE-APND,DLAP,49.85794,50.73567,0.0,-0.87773,0.0
2025-01-26 04:30:00-08:00,2025-01-26 04:30:00-08:00,2025-01-26 04:45:00-08:00,REAL_TIME_15_MIN,DLAP_SCE-APND,DLAP,52.2416,53.30232,0.0,-1.06072,0.0
2025-01-26 04:45:00-08:00,2025-01-26 04:45:00-08:00,2025-01-26 05:00:00-08:00,REAL_TIME_15_MIN,DLAP_SCE-APND,DLAP,51.95042,53.07563,0.0,-1.1252,0.0
2025-01-26 05:00:00-08:00,2025-01-26 05:00:00-08:00,2025-01-26 05:15:00-08:00,REAL_TIME_15_MIN,DLAP_SCE-APND,DLAP,53.50703,54.22827,0.0,-0.72124,0.0
2025-01-26 05:15:00-08:00,2025-01-26 05:15:00-08:00,2025-01-26 05:30:00-08:00,REAL_TIME_15_MIN,DLAP_SCE-APND,DLAP,53.50703,54.22827,0.0,-0.72124,0.0
2025-01-26 05:30:00-08:00,2025-01-26 05:30:00-08:00,2025-01-26 05:45:00-08:00,REAL_TIME_15_MIN,DLAP_SCE-APND,DLAP,53.50703,54.22827,0.0,-0.72124,0.0
2025-01-26 05:45:00-08:00,2025-01-26 05:45:00-08:00,2025-01-26 06:00:00-08:00,REAL_TIME_15_MIN,DLAP_SCE-APND,DLAP,53.50703,54.22827,0.0,-0.72124,0.0
2025-01-26 06:00:00-08:00,2025-01-26 06:00:00-08:00,2025-01-26 06:15:00-08:00,REAL_TIME_15_MIN,DLAP_SCE-APND,DLAP,55.05,55.94512,0.0,-0.89512,0.0
2025-01-26 06:15:00-08:00,2025-01-26 06:15:00-08:00,2025-01-26 06:30:00-08:00,REAL_TIME_15_MIN,DLAP_SCE-APND,DLAP,55.05,55.94512,0.0,-0.89512,0.0
2025-01-26 06:30:00-08:00,2025-01-26 06:30:00-08:00,2025-01-26 06:45:00-08:00,REAL_TIME_15_MIN,DLAP_SCE-APND,DLAP,55.05,55.94512,0.0,-0.89512,0.0
2025-01-26 06:45:00-08:00,2025-01-26 06:45:00-08:00,2025-01-26 07:00:00-08:00,REAL_TIME_15_MIN,DLAP_SCE-APND,DLAP,55.05,55.94512,0.0,-0.89512,0.0
2025-01-26 07:00:00-08:00,2025-01-26 07:00:00-08:00,2025-01-26 07:15:00-08:00,REAL_TIME_15_MIN,DLAP_SCE-APND,DLAP,51.65305,53.85742,-0.48093,-1.72344,0.0
2025-01-26 07:15:00-08:00,2025-01-26 07:15:00-08:00,2025-01-26 07:30:00-08:00,REAL_TIME_15_MIN,DLAP_SCE-APND,DLAP,51.65305,53.85742,-0.48093,-1.72344,0.0
2025-01-26 07:30:00-08:00,2025-01-26 07:30:00-08:00,2025-01-26 07:45:00-08:00,REAL_TIME_15_MIN,DLAP_SCE-APND,DLAP,51.65305,53.85742,-0.48093,-1.72344,0.0
2025-01-26 07:45:00-08:00,2025-01-26 07:45:00-08:00,2025-01-26 08:00:00-08:00,REAL_TIME_15_MIN,DLAP_SCE-APND,DLAP,51.65305,53.85742,-0.48093,-1.72344,0.0
2025-01-26 08:00:00-08:00,2025-01-26 08:00:00-08:00,2025-01-26 08:15:00-08:00,REAL_TIME_15_MIN,DLAP_SCE-APND,DLAP,50.55401,52.21607,1.14195,-2.804,0.0
2025-01-26 08:15:00-08:00,2025-01-26 08:15:00-08:00,2025-01-26 08:30:00-08:00,REAL_TIME_15_MIN,DLAP_SCE-APND,DLAP,43.68376,45.23921,0.97342,-2.52887,0.0
2025-01-26 08:30:00-08:00,2025-01-26 08:30:00-08:00,2025-01-26 08:45:00-08:00,REAL_TIME_15_MIN,DLAP_SCE-APND,DLAP,45.08178,46.38639,0.98223,-2.28685,0.0
2025-01-26 08:45:00-08:00,2025-01-26 08:45:00-08:00,2025-01-26 09:00:00-08:00,REAL_TIME_15_MIN,DLAP_SCE-APND,DLAP,46.40127,48.15749,0.50236,-2.25859,0.0
2025-01-26 09:00:00-08:00,2025-01-26 09:00:00-08:00,2025-01-26 09:15:00-08:00,REAL_TIME_15_MIN,DLAP_SCE-APND,DLAP,45.20786,46.68956,0.89013,-2.37183,0.0
2025-01-26 09:15:00-08:00,2025-01-26 09:15:00-08:00,2025-01-26 09:30:00-08:00,REAL_TIME_15_MIN,DLAP_SCE-APND,DLAP,42.43878,43.77116,0.86931,-2.20169,0.0
2025-01-26 09:30:00-08:00,2025-01-26 09:30:00-08:00,2025-01-26 09:45:00-08:00,REAL_TIME_15_MIN,DLAP_SCE-APND,DLAP,38.96558,40.18288,0.77175,-1.98905,0.0
2025-01-26 09:45:00-08:00,2025-01-26 09:45:00-08:00,2025-01-26 10:00:00-08:00,REAL_TIME_15_MIN,DLAP_SCE-APND,DLAP,39.11195,40.10601,0.78264,-1.7767,0.0
2025-01-26 10:00:00-08:00,2025-01-26 10:00:00-08:00,2025-01-26 10:15:00-08:00,REAL_TIME_15_MIN,DLAP_SCE-APND,DLAP,38.49431,39.67646,0.75008,-1.93224,0.0
2025-01-26 10:15:00-08:00,2025-01-26 10:15:00-08:00,2025-01-26 10:30:00-08:00,REAL_TIME_15_MIN,DLAP_SCE-APND,DLAP,37.61437,38.66028,0.73632,-1.78224,0.0
2025-01-26 10:30:00-08:00,2025-01-26 10:30:00-08:00,2025-01-26 10:45:00-08:00,REAL_TIME_15_MIN,DLAP_SCE-APND,DLAP,35.41466,36.39841,0.66874,-1.65249,0.0
2025-01-26 10:45:00-08:00,2025-01-26 10:45:00-08:00,2025-01-26 11:00:00-08:00,REAL_TIME_15_MIN,DLAP_SCE-APND,DLAP,34.83011,35.67595,0.73104,-1.57688,0.0
2025-01-26 11:00:00-08:00,2025-01-26 11:00:00-08:00,2025-01-26 11:15:00-08:00,REAL_TIME_15_MIN,DLAP_SCE-APND,DLAP,35.99504,36.80116,0.72113,-1.52725,0.0
2025-01-26 11:15:00-08:00,2025-01-26 11:15:00-08:00,2025-01-26 11:30:00-08:00,REAL_TIME_15_MIN,DLAP_SCE-APND,DLAP,35.97035,36.60258,0.71475,-1.34697,0.0
2025-01-26 11:30:00-08:00,2025-01-26 11:30:00-08:00,2025-01-26 11:45:00-08:00,REAL_TIME_15_MIN,DLAP_SCE-APND,DLAP,35.7302,36.3485,0.72297,-1.34126,0.0
2025-01-26 11:45:00-08:00,2025-01-26 11:45:00-08:00,2025-01-26 12:00:00-08:00,REAL_TIME_15_MIN,DLAP_SCE-APND,DLAP,34.52213,35.27582,0.65733,-1.41103,0.0
2025-01-26 12:00:00-08:00,2025-01-26 12:00:00-08:00,2025-01-26 12:15:00-08:00,REAL_TIME_15_MIN,DLAP_SCE-APND,DLAP,35.84858,36.47411,0.68025,-1.30577,0.0
2025-01-26 12:15:00-08:00,2025-01-26 12:15:00-08:00,2025-01-26 12:30:00-08:00,REAL_TIME_15_MIN,DLAP_SCE-APND,DLAP,35.89087,36.49079,0.6736,-1.27353,0.0
2025-01-26 12:30:00-08:00,2025-01-26 12:30:00-08:00,2025-01-26 12:45:00-08:00,REAL_TIME_15_MIN,DLAP_SCE-APND,DLAP,35.19563,35.89759,0.65857,-1.36052,0.0
2025-01-26 12:45:00-08:00,2025-01-26 12:45:00-08:00,2025-01-26 13:00:00-08:00,REAL_TIME_15_MIN,DLAP_SCE-APND,DLAP,35.64032,36.22726,0.67377,-1.26071,0.0
2025-01-26 13:00:00-08:00,2025-01-26 13:00:00-08:00,2025-01-26 13:15:00-08:00,REAL_TIME_15_MIN,DLAP_SCE-APND,DLAP,36.14359,36.48982,0.66819,-1.01442,0.0
2025-01-26 13:15:00-08:00,2025-01-26 13:15:00-08:00,2025-01-26 13:30:00-08:00,REAL_TIME_15_MIN,DLAP_SCE-APND,DLAP,36.69688,37.02381,0.69492,-1.02186,0.0
2025-01-26 13:30:00-08:00,2025-01-26 13:30:00-08:00,2025-01-26 13:45:00-08:00,REAL_TIME_15_MIN,DLAP_SCE-APND,DLAP,34.9401,35.44781,0.55218,-1.05989,0.0
2025-01-26 13:45:00-08:00,2025-01-26 13:45:00-08:00,2025-01-26 14:00:00-08:00,REAL_TIME_15_MIN,DLAP_SCE-APND,DLAP,35.23956,35.67722,0.56487,-1.00253,0.0
2025-01-26 14:00:00-08:00,2025-01-26 14:00:00-08:00,2025-01-26 14:15:00-08:00,REAL_TIME_15_MIN,DLAP_SCE-APND,DLAP,35.59652,36.16607,0.66371,-1.23326,0.0
2025-01-26 14:15:00-08:00,2025-01-26 14:15:00-08:00,2025-01-26 14:30:00-08:00,REAL_TIME_15_MIN,DLAP_SCE-APND,DLAP,35.93527,36.18862,0.83594,-1.08928,0.0
2025-01-26 14:30:00-08:00,2025-01-26 14:30:00-08:00,2025-01-26 14:45:00-08:00,REAL_TIME_15_MIN,DLAP_SCE-APND,DLAP,38.69986,39.32022,0.50813,-1.12849,0.0
2025-01-26 14:45:00-08:00,2025-01-26 14:45:00-08:00,2025-01-26 15:00:00-08:00,REAL_TIME_15_MIN,DLAP_SCE-APND,DLAP,43.1109,43.63398,0.68558,-1.20866,0.0
2025-01-26 15:00:00-08:00,2025-01-26 15:00:00-08:00,2025-01-26 15:15:00-08:00,REAL_TIME_15_MIN,DLAP_SCE-APND,DLAP,40.56074,41.12157,0.35207,-0.9129,0.0
2025-01-26 15:15:00-08:00,2025-01-26 15:15:00-08:00,2025-01-26 15:30:00-08:00,REAL_TIME_15_MIN,DLAP_SCE-APND,DLAP,45.47991,46.40123,0.02527,-0.94659,0.0
2025-01-26 15:30:00-08:00,2025-01-26 15:30:00-08:00,2025-01-26 15:45:00-08:00,REAL_TIME_15_MIN,DLAP_SCE-APND,DLAP,51.93701,52.76238,0.15602,-0.98138,0.0
2025-01-26 15:45:00-08:00,2025-01-26 15:45:00-08:00,2025-01-26 16:00:00-08:00,REAL_TIME_15_MIN,DLAP_SCE-APND,DLAP,62.84418,64.06787,0.0,-1.2237,0.0
2025-01-26 16:00:00-08:00,2025-01-26 16:00:00-08:00,2025-01-26 16:15:00-08:00,REAL_TIME_15_MIN,DLAP_SCE-APND,DLAP,48.60545,49.60246,0.0,-0.99701,0.0
2025-01-26 16:15:00-08:00,2025-01-26 16:15:00-08:00,2025-01-26 16:30:00-08:00,REAL_TIME_15_MIN,DLAP_SCE-APND,DLAP,49.10601,50.38064,0.0,-1.27463,0.0
2025-01-26 16:30:00-08:00,2025-01-26 16:30:00-08:00,2025-01-26 16:45:00-08:00,REAL_TIME_15_MIN,DLAP_SCE-APND,DLAP,64.07817,65.7212,0.0,-1.64303,0.0
2025-01-26 16:45:00-08:00,2025-01-26 16:45:00-08:00,2025-01-26 17:00:00-08:00,REAL_TIME_15_MIN,DLAP_SCE-APND,DLAP,65.85634,67.9632,0.0,-2.10686,0.0
2025-01-26 17:00:00-08:00,2025-01-26 17:00:00-08:00,2025-01-26 17:15:00-08:00,REAL_TIME_15_MIN,DLAP_SCE-APND,DLAP,61.09089,62.52266,0.0,-1.43177,0.0
2025-01-26 17:15:00-08:00,2025-01-26 17:15:00-08:00,2025-01-26 17:30:00-08:00,REAL_TIME_15_MIN,DLAP_SCE-APND,DLAP,62.58233,64.43814,0.0,-1.85582,0.0
2025-01-26 17:30:00-08:00,2025-01-26 17:30:00-08:00,2025-01-26 17:45:00-08:00,REAL_TIME_15_MIN,DLAP_SCE-APND,DLAP,66.71702,68.745,0.0,-2.02798,0.0
2025-01-26 17:45:00-08:00,2025-01-26 17:45:00-08:00,2025-01-26 18:00:00-08:00,REAL_TIME_15_MIN,DLAP_SCE-APND,DLAP,71.84849,74.08588,0.0,-2.23739,0.0
2025-01-26 18:00:00-08:00,2025-01-26 18:00:00-08:00,2025-01-26 18:15:00-08:00,REAL_TIME_15_MIN,DLAP_SCE-APND,DLAP,71.42906,73.5851,0.0,-2.15604,0.0
2025-01-26 18:15:00-08:00,2025-01-26 18:15:00-08:00,2025-01-26 18:30:00-08:00,REAL_TIME_15_MIN,DLAP_SCE-APND,DLAP,71.45324,73.86875,0.0,-2.41551,0.0
2025-01-26 18:30:00-08:00,2025-01-26 18:30:00-08:00,2025-01-26 18:45:00-08:00,REAL_TIME_15_MIN,DLAP_SCE-APND,DLAP,75.13861,77.47047,0.0,-2.33186,0.0
2025-01-26 18:45:00-08:00,2025-01-26 18:45:00-08:00,2025-01-26 19:00:00-08:00,REAL_TIME_15_MIN,DLAP_SCE-APND,DLAP,75.60898,77.86713,0.0,-2.25815,0.0
2025-01-26 19:00:00-08:00,2025-01-26 19:00:00-08:00,2025-01-26 19:15:00-08:00,REAL_TIME_15_MIN,DLAP_SCE-APND,DLAP,71.37798,73.61591,0.0,-2.23792,0.0
2025-01-26 19:15:00-08:00,2025-01-26 19:15:00-08:00,2025-01-26 19:30:00-08:00,REAL_TIME_15_MIN,DLAP_SCE-APND,DLAP,69.39565,71.63792,0.0,-2.24227,0.0
2025-01-26 19:30:00-08:00,2025-01-26 19:30:00-08:00,2025-01-26 19:45:00-08:00,REAL_TIME_15_MIN,DLAP_SCE-APND,DLAP,67.02391,69.11107,0.0,-2.08715,0.0
2025-01-26 19:45:00-08:00,2025-01-26 19:45:00-08:00,2025-01-26 20:00:00-08:00,REAL_TIME_15_MIN,DLAP_SCE-APND,DLAP,68.00499,70.07212,0.0,-2.06713,0.0
2025-01-26 20:00:00-08:00,2025-01-26 20:00:00-08:00,2025-01-26 20:15:00-08:00,REAL_TIME_15_MIN,DLAP_SCE-APND,DLAP,67.60425,69.78864,0.0,-2.18438,0.0
2025-01-26 20:15:00-08:00,2025-01-26 20:15:00-08:00,2025-01-26 20:30:00-08:00,REAL_TIME_15_MIN,DLAP_SCE-APND,DLAP,65.46544,67.45538,0.0,-1.98993,0.0
2025-01-26 20:30:00-08:00,2025-01-26 20:30:00-08:00,2025-01-26 20:45:00-08:00,REAL_TIME_15_MIN,DLAP_SCE-APND,DLAP,64.87808,66.78822,0.0,-1.91014,0.0
2025-01-26 20:45:00-08:00,2025-01-26 20:45:00-08:00,2025-01-26 21:00:00-08:00,REAL_TIME_15_MIN,DLAP_SCE-APND,DLAP,63.19914,65.05985,0.0,-1.86071,0.0
2025-01-26 21:00:00-08:00,2025-01-26 21:00:00-08:00,2025-01-26 21:15:00-08:00,REAL_TIME_15_MIN,DLAP_SCE-APND,DLAP,57.35005,59.17257,0.0,-1.82252,0.0
2025-01-26 21:15:00-08:00,2025-01-26 21:15:00-08:00,2025-01-26 21:30:00-08:00,REAL_TIME_15_MIN,DLAP_SCE-APND,DLAP,54.64984,56.13172,0.0,-1.48188,0.0
2025-01-26 21:30:00-08:00,2025-01-26 21:30:00-08:00,2025-01-26 21:45:00-08:00,REAL_TIME_15_MIN,DLAP_SCE-APND,DLAP,56.32409,57.54402,0.0,-1.21993,0.0
2025-01-26 21:45:00-08:00,2025-01-26 21:45:00-08:00,2025-01-26 22:00:00-08:00,REAL_TIME_15_MIN,DLAP_SCE-APND,DLAP,56.78537,57.96792,0.0,-1.18255,0.0
2025-01-26 22:00:00-08:00,2025-01-26 22:00:00-08:00,2025-01-26 22:15:00-08:00,REAL_TIME_15_MIN,DLAP_SCE-APND,DLAP,57.12434,58.47511,0.0,-1.35078,0.0
2025-01-26 22:15:00-08:00,2025-01-26 22:15:00-08:00,2025-01-26 22:30:00-08:00,REAL_TIME_15_MIN,DLAP_SCE-APND,DLAP,55.95326,56.98469,0.0,-1.03142,0.0
2025-01-26 22:30:00-08:00,2025-01-26 22:30:00-08:00,2025-01-26 22:45:00-08:00,REAL_TIME_15_MIN,DLAP_SCE-APND,DLAP,53.32591,54.392,0.0,-1.06608,0.0
2025-01-26 22:45:00-08:00,2025-01-26 22:45:00-08:00,2025-01-26 23:00:00-08:00,REAL_TIME_15_MIN,DLAP_SCE-APND,DLAP,50.26149,51.06318,0.0,-0.80169,0.0
2025-01-26 23:00:00-08:00,2025-01-26 23:00:00-08:00,2025-01-26 23:15:00-08:00,REAL_TIME_15_MIN,DLAP_SCE-APND,DLAP,54.64348,55.52071,0.0,-0.87723,0.0
2025-01-26 23:15:00-08:00,2025-01-26 23:15:00-08:00,2025-01-26 23:30:00-08:00,REAL_TIME_15_MIN,DLAP_SCE-APND,DLAP,50.92833,51.54167,0.0,-0.61335,0.0
2025-01-26 23:30:00-08:00,2025-01-26 23:30:00-08:00,2025-01-26 23:45:00-08:00,REAL_TIME_15_MIN,DLAP_SCE-APND,DLAP,49.08529,49.66639,0.0,-0.5811,0.0
2025-01-26 23:45:00-08:00,2025-01-26 23:45:00-08:00,2025-01-27 00:00:00-08:00,REAL_TIME_15_MIN,DLAP_SCE-APND,DLAP,46.86626,47.47874,0.0,-0.61248,0.0
2025-01-27 00:00:00-08:00,2025-01-27 00:00:00-08:00,2025-01-27 00:15:00-08:00,REAL_TIME_15_MIN,DLAP_SCE-APND,DLAP,52.80115,53.49661,0.0,-0.69546,0.0
2025-01-27 00:15:00-08:00,2025-01-27 00:15:00-08:00,2025-01-27 00:30:00-08:00,REAL_TIME_15_MIN,DLAP_SCE-APND,DLAP,50.45216,51.23607,0.0,-0.78391,0.0
2025-01-27 00:30:00-08:00,2025-01-27 00:30:00-08:00,2025-01-27 00:45:00-08:00,REAL_TIME_15_MIN,DLAP_SCE-APND,DLAP,47.01094,47.68328,0.0,-0.67233,0.0
2025-01-27 00:45:00-08:00,2025-01-27 00:45:00-08:00,2025-01-27 01:00:00-08:00,REAL_TIME_15_MIN,DLAP_SCE-APND,DLAP,46.97846,47.64549,0.0,-0.66704,0.0
2025-01-27 01:00:00-08:00,2025-01-27 01:00:00-08:00,2025-01-27 01:15:00-08:00,REAL_TIME_15_MIN,DLAP_SCE-APND,DLAP,47.26559,48.01949,0.0,-0.75391,0.0
2025-01-27 01:15:00-08:00,2025-01-27 01:15:00-08:00,2025-01-27 01:30:00-08:00,REAL_TIME_15_MIN,DLAP_SCE-APND,DLAP,47.07984,47.81621,0.0,-0.73637,0.0
2025-01-27 01:30:00-08:00,2025-01-27 01:30:00-08:00,2025-01-27 01:45:00-08:00,REAL_TIME_15_MIN,DLAP_SCE-APND,DLAP,46.16013,47.03019,0.0,-0.87006,0.0
2025-01-27 01:45:00-08:00,2025-01-27 01:45:00-08:00,2025-01-27 02:00:00-08:00,REAL_TIME_15_MIN,DLAP_SCE-APND,DLAP,45.55607,46.42893,0.0,-0.87286,0.0
2025-01-27 02:00:00-08:00,2025-01-27 02:00:00-08:00,2025-01-27 02:15:00-08:00,REAL_TIME_15_MIN,DLAP_SCE-APND,DLAP,45.36808,46.22321,0.0,-0.85513,0.0
2025-01-27 02:15:00-08:00,2025-01-27 02:15:00-08:00,2025-01-27 02:30:00-08:00,REAL_TIME_15_MIN,DLAP_SCE-APND,DLAP,45.29218,46.12708,0.0,-0.8349,0.0
2025-01-27 02:30:00-08:00,2025-01-27 02:30:00-08:00,2025-01-27 02:45:00-08:00,REAL_TIME_15_MIN,DLAP_SCE-APND,DLAP,45.21356,46.0564,0.0,-0.84283,0.0
2025-01-27 02:45:00-08:00,2025-01-27 02:45:00-08:00,2025-01-27 03:00:00-08:00,REAL_TIME_15_MIN,DLAP_SCE-APND,DLAP,44.9243,45.79439,0.0,-0.87009,0.0
2025-01-27 03:00:00-08:00,2025-01-27 03:00:00-08:00,2025-01-27 03:15:00-08:00,REAL_TIME_15_MIN,DLAP_SCE-APND,DLAP,45.81013,46.83584,0.0,-1.0257,0.0
2025-01-27 03:15:00-08:00,2025-01-27 03:15:00-08:00,2025-01-27 03:30:00-08:00,REAL_TIME_15_MIN,DLAP_SCE-APND,DLAP,45.92054,47.01601,0.0,-1.09547,0.0
2025-01-27 03:30:00-08:00,2025-01-27 03:30:00-08:00,2025-01-27 03:45:00-08:00,REAL_TIME_15_MIN,DLAP_SCE-APND,DLAP,47.18127,48.33156,0.0,-1.15029,0.0
2025-01-27 03:45:00-08:00,2025-01-27 03:45:00-08:00,2025-01-27 04:00:00-08:00,REAL_TIME_15_MIN,DLAP_SCE-APND,DLAP,49.38476,50.85445,0.0,-1.46969,0.0
2025-01-27 04:00:00-08:00,2025-01-27 04:00:00-08:00,2025-01-27 04:15:00-08:00,REAL_TIME_15_MIN,DLAP_SCE-APND,DLAP,47.34849,48.52772,0.0,-1.17922,0.0
2025-01-27 04:15:00-08:00,2025-01-27 04:15:00-08:00,2025-01-27 04:30:00-08:00,REAL_TIME_15_MIN,DLAP_SCE-APND,DLAP,48.94501,50.18972,0.0,-1.2447,0.0
2025-01-27 04:30:00-08:00,2025-01-27 04:30:00-08:00,2025-01-27 04:45:00-08:00,REAL_TIME_15_MIN,DLAP_SCE-APND,DLAP,54.34994,55.45912,0.0,-1.10918,0.0
2025-01-27 04:45:00-08:00,2025-01-27 04:45:00-08:00,2025-01-27 05:00:00-08:00,REAL_TIME_15_MIN,DLAP_SCE-APND,DLAP,57.73278,59.23741,0.0,-1.50463,0.0
2025-01-27 05:00:00-08:00,2025-01-27 05:00:00-08:00,2025-01-27 05:15:00-08:00,REAL_TIME_15_MIN,DLAP_SCE-APND,DLAP,60.42025,61.5027,0.0,-1.08245,0.0
2025-01-27 05:15:00-08:00,2025-01-27 05:15:00-08:00,2025-01-27 05:30:00-08:00,REAL_TIME_15_MIN,DLAP_SCE-APND,DLAP,66.34588,67.64465,0.0,-1.29878,0.0
2025-01-27 05:30:00-08:00,2025-01-27 05:30:00-08:00,2025-01-27 05:45:00-08:00,REAL_TIME_15_MIN,DLAP_SCE-APND,DLAP,71.12587,72.60705,0.0,-1.48118,0.0
2025-01-27 05:45:00-08:00,2025-01-27 05:45:00-08:00,2025-01-27 06:00:00-08:00,REAL_TIME_15_MIN,DLAP_SCE-APND,DLAP,77.62516,79.55028,0.0,-1.92512,0.0
2025-01-27 06:00:00-08:00,2025-01-27 06:00:00-08:00,2025-01-27 06:15:00-08:00,REAL_TIME_15_MIN,DLAP_SCE-APND,DLAP,63.94265,64.68,0.0,-0.73735,0.0
2025-01-27 06:15:00-08:00,2025-01-27 06:15:00-08:00,2025-01-27 06:30:00-08:00,REAL_TIME_15_MIN,DLAP_SCE-APND,DLAP,69.43458,70.22105,0.0,-0.78648,0.0
2025-01-27 06:30:00-08:00,2025-01-27 06:30:00-08:00,2025-01-27 06:45:00-08:00,REAL_TIME_15_MIN,DLAP_SCE-APND,DLAP,76.7179,78.21174,0.0,-1.49384,0.0
2025-01-27 06:45:00-08:00,2025-01-27 06:45:00-08:00,2025-01-27 07:00:00-08:00,REAL_TIME_15_MIN,DLAP_SCE-APND,DLAP,84.05918,86.44506,0.0,-2.38588,0.0
2025-01-27 07:00:00-08:00,2025-01-27 07:00:00-08:00,2025-01-27 07:15:00-08:00,REAL_TIME_15_MIN,DLAP_SCE-APND,DLAP,68.90975,71.254,0.0,-2.34426,0.0
2025-01-27 07:15:00-08:00,2025-01-27 07:15:00-08:00,2025-01-27 07:30:00-08:00,REAL_TIME_15_MIN,DLAP_SCE-APND,DLAP,85.19595,88.85685,0.0,-3.6609,0.0
2025-01-27 07:30:00-08:00,2025-01-27 07:30:00-08:00,2025-01-27 07:45:00-08:00,REAL_TIME_15_MIN,DLAP_SCE-APND,DLAP,66.80301,70.30416,0.0,-3.50115,0.0
2025-01-27 07:45:00-08:00,2025-01-27 07:45:00-08:00,2025-01-27 08:00:00-08:00,REAL_TIME_15_MIN,DLAP_SCE-APND,DLAP,56.84108,60.10609,0.23317,-3.49817,0.0
2025-01-27 08:00:00-08:00,2025-01-27 08:00:00-08:00,2025-01-27 08:15:00-08:00,REAL_TIME_15_MIN,DLAP_SCE-APND,DLAP,65.17325,69.93328,0.11432,-4.87435,0.0
2025-01-27 08:15:00-08:00,2025-01-27 08:15:00-08:00,2025-01-27 08:30:00-08:00,REAL_TIME_15_MIN,DLAP_SCE-APND,DLAP,62.46751,66.61559,0.3618,-4.50988,0.0
2025-01-27 08:30:00-08:00,2025-01-27 08:30:00-08:00,2025-01-27 08:45:00-08:00,REAL_TIME_15_MIN,DLAP_SCE-APND,DLAP,59.35088,65.67049,-2.89161,-3.428,0.0
2025-01-27 08:45:00-08:00,2025-01-27 08:45:00-08:00,2025-01-27 09:00:00-08:00,REAL_TIME_15_MIN,DLAP_SCE-APND,DLAP,51.41573,53.66659,0.6203,-2.87116,0.0
2025-01-27 09:00:00-08:00,2025-01-27 09:00:00-08:00,2025-01-27 09:15:00-08:00,REAL_TIME_15_MIN,DLAP_SCE-APND,DLAP,49.80904,53.00712,-0.54773,-2.65036,0.0
2025-01-27 09:15:00-08:00,2025-01-27 09:15:00-08:00,2025-01-27 09:30:00-08:00,REAL_TIME_15_MIN,DLAP_SCE-APND,DLAP,46.34768,48.46087,-0.07783,-2.03536,0.0
2025-01-27 09:30:00-08:00,2025-01-27 09:30:00-08:00,2025-01-27 09:45:00-08:00,REAL_TIME_15_MIN,DLAP_SCE-APND,DLAP,41.79276,44.63122,-1.16925,-1.66921,0.0
2025-01-27 09:45:00-08:00,2025-01-27 09:45:00-08:00,2025-01-27 10:00:00-08:00,REAL_TIME_15_MIN,DLAP_SCE-APND,DLAP,34.41831,37.00292,-1.32652,-1.2581,0.0
2025-01-27 10:00:00-08:00,2025-01-27 10:00:00-08:00,2025-01-27 10:15:00-08:00,REAL_TIME_15_MIN,DLAP_SCE-APND,DLAP,36.71231,38.05187,0.15968,-1.49924,0.0
2025-01-27 10:15:00-08:00,2025-01-27 10:15:00-08:00,2025-01-27 10:30:00-08:00,REAL_TIME_15_MIN,DLAP_SCE-APND,DLAP,33.57081,37.27441,-2.57419,-1.12941,0.0
2025-01-27 10:30:00-08:00,2025-01-27 10:30:00-08:00,2025-01-27 10:45:00-08:00,REAL_TIME_15_MIN,DLAP_SCE-APND,DLAP,31.57447,35.57081,-3.01103,-0.98531,0.0
2025-01-27 10:45:00-08:00,2025-01-27 10:45:00-08:00,2025-01-27 11:00:00-08:00,REAL_TIME_15_MIN,DLAP_SCE-APND,DLAP,29.92214,33.46923,-2.75721,-0.78987,0.0
2025-01-27 11:00:00-08:00,2025-01-27 11:00:00-08:00,2025-01-27 11:15:00-08:00,REAL_TIME_15_MIN,DLAP_SCE-APND,DLAP,30.44074,34.50141,-3.27059,-0.79008,0.0
2025-01-27 11:15:00-08:00,2025-01-27 11:15:00-08:00,2025-01-27 11:30:00-08:00,REAL_TIME_15_MIN,DLAP_SCE-APND,DLAP,28.56266,32.68476,-3.38342,-0.73868,0.0
2025-01-27 11:30:00-08:00,2025-01-27 11:30:00-08:00,2025-01-27 11:45:00-08:00,REAL_TIME_15_MIN,DLAP_SCE-APND,DLAP,27.6469,32.09948,-3.70466,-0.74792,0.0
2025-01-27 11:45:00-08:00,2025-01-27 11:45:00-08:00,2025-01-27 12:00:00-08:00,REAL_TIME_15_MIN,DLAP_SCE-APND,DLAP,27.47126,30.59258,-2.49724,-0.62409,0.0
2025-01-27 12:00:00-08:00,2025-01-27 12:00:00-08:00,2025-01-27 12:15:00-08:00,REAL_TIME_15_MIN,DLAP_SCE-APND,DLAP,29.14845,32.6967,-2.86162,-0.68663,0.0
2025-01-27 12:15:00-08:00,2025-01-27 12:15:00-08:00,2025-01-27 12:30:00-08:00,REAL_TIME_15_MIN,DLAP_SCE-APND,DLAP,28.68159,32.2658,-2.90663,-0.67758,0.0
2025-01-27 12:30:00-08:00,2025-01-27 12:30:00-08:00,2025-01-27 12:45:00-08:00,REAL_TIME_15_MIN,DLAP_SCE-APND,DLAP,24.82855,29.85366,-4.40415,-0.62096,0.0
2025-01-27 12:45:00-08:00,2025-01-27 12:45:00-08:00,2025-01-27 13:00:00-08:00,REAL_TIME_15_MIN,DLAP_SCE-APND,DLAP,23.24095,28.01294,-4.18652,-0.58547,0.0
2025-01-27 13:00:00-08:00,2025-01-27 13:00:00-08:00,2025-01-27 13:15:00-08:00,REAL_TIME_15_MIN,DLAP_SCE-APND,DLAP,23.95239,29.11198,-4.56571,-0.59388,0.0
2025-01-27 13:15:00-08:00,2025-01-27 13:15:00-08:00,2025-01-27 13:30:00-08:00,REAL_TIME_15_MIN,DLAP_SCE-APND,DLAP,22.93641,27.92963,-4.45976,-0.53346,0.0
2025-01-27 13:30:00-08:00,2025-01-27 13:30:00-08:00,2025-01-27 13:45:00-08:00,REAL_TIME_15_MIN,DLAP_SCE-APND,DLAP,21.15104,26.40753,-4.76002,-0.49646,0.0
2025-01-27 13:45:00-08:00,2025-01-27 13:45:00-08:00,2025-01-27 14:00:00-08:00,REAL_TIME_15_MIN,DLAP_SCE-APND,DLAP,19.26126,25.27512,-5.56143,-0.45242,0.0
2025-01-27 14:00:00-08:00,2025-01-27 14:00:00-08:00,2025-01-27 14:15:00-08:00,REAL_TIME_15_MIN,DLAP_SCE-APND,DLAP,19.47873,25.62626,-5.62732,-0.52021,0.0
2025-01-27 14:15:00-08:00,2025-01-27 14:15:00-08:00,2025-01-27 14:30:00-08:00,REAL_TIME_15_MIN,DLAP_SCE-APND,DLAP,21.223,27.13941,-5.39262,-0.52379,0.0
2025-01-27 14:30:00-08:00,2025-01-27 14:30:00-08:00,2025-01-27 14:45:00-08:00,REAL_TIME_15_MIN,DLAP_SCE-APND,DLAP,22.07187,27.47174,-4.84219,-0.55768,0.0
2025-01-27 14:45:00-08:00,2025-01-27 14:45:00-08:00,2025-01-27 15:00:00-08:00,REAL_TIME_15_MIN,DLAP_SCE-APND,DLAP,20.10528,25.76019,-5.16804,-0.48687,0.0
2025-01-27 15:00:00-08:00,2025-01-27 15:00:00-08:00,2025-01-27 15:15:00-08:00,REAL_TIME_15_MIN,DLAP_SCE-APND,DLAP,19.45526,24.5864,-4.63204,-0.4991,0.0
2025-01-27 15:15:00-08:00,2025-01-27 15:15:00-08:00,2025-01-27 15:30:00-08:00,REAL_TIME_15_MIN,DLAP_SCE-APND,DLAP,24.32004,26.5337,-1.77585,-0.43781,0.0
2025-01-27 15:30:00-08:00,2025-01-27 15:30:00-08:00,2025-01-27 15:45:00-08:00,REAL_TIME_15_MIN,DLAP_SCE-APND,DLAP,38.18819,37.69938,1.23525,-0.74645,0.0
2025-01-27 15:45:00-08:00,2025-01-27 15:45:00-08:00,2025-01-27 16:00:00-08:00,REAL_TIME_15_MIN,DLAP_SCE-APND,DLAP,47.07306,47.69237,0.31069,-0.93,0.0
2025-01-27 16:00:00-08:00,2025-01-27 16:00:00-08:00,2025-01-27 16:15:00-08:00,REAL_TIME_15_MIN,DLAP_SCE-APND,DLAP,34.21959,34.6529,0.22856,-0.66187,0.0
2025-01-27 16:15:00-08:00,2025-01-27 16:15:00-08:00,2025-01-27 16:30:00-08:00,REAL_TIME_15_MIN,DLAP_SCE-APND,DLAP,43.09841,44.11301,0.0,-1.0146,0.0
2025-01-27 16:30:00-08:00,2025-01-27 16:30:00-08:00,2025-01-27 16:45:00-08:00,REAL_TIME_15_MIN,DLAP_SCE-APND,DLAP,54.288,55.53192,0.0,-1.24391,0.0
2025-01-27 16:45:00-08:00,2025-01-27 16:45:00-08:00,2025-01-27 17:00:00-08:00,REAL_TIME_15_MIN,DLAP_SCE-APND,DLAP,71.00562,72.87112,0.0,-1.8655,0.0
2025-01-27 17:00:00-08:00,2025-01-27 17:00:00-08:00,2025-01-27 17:15:00-08:00,REAL_TIME_15_MIN,DLAP_SCE-APND,DLAP,55.21326,56.41489,0.0,-1.20164,0.0
2025-01-27 17:15:00-08:00,2025-01-27 17:15:00-08:00,2025-01-27 17:30:00-08:00,REAL_TIME_15_MIN,DLAP_SCE-APND,DLAP,60.78264,62.61087,0.0,-1.82824,0.0
2025-01-27 17:30:00-08:00,2025-01-27 17:30:00-08:00,2025-01-27 17:45:00-08:00,REAL_TIME_15_MIN,DLAP_SCE-APND,DLAP,65.6835,67.67309,0.0,-1.98959,0.0
2025-01-27 17:45:00-08:00,2025-01-27 17:45:00-08:00,2025-01-27 18:00:00-08:00,REAL_TIME_15_MIN,DLAP_SCE-APND,DLAP,69.51236,72.00368,0.0,-2.49133,0.0
2025-01-27 18:00:00-08:00,2025-01-27 18:00:00-08:00,2025-01-27 18:15:00-08:00,REAL_TIME_15_MIN,DLAP_SCE-APND,DLAP,65.30445,67.34108,0.15195,-2.18859,0.0
2025-01-27 18:15:00-08:00,2025-01-27 18:15:00-08:00,2025-01-27 18:30:00-08:00,REAL_TIME_15_MIN,DLAP_SCE-APND,DLAP,62.63232,64.78044,0.1775,-2.32562,0.0
2025-01-27 18:30:00-08:00,2025-01-27 18:30:00-08:00,2025-01-27 18:45:00-08:00,REAL_TIME_15_MIN,DLAP_SCE-APND,DLAP,62.18259,63.95593,0.13255,-1.90589,0.0
2025-01-27 18:45:00-08:00,2025-01-27 18:45:00-08:00,2025-01-27 19:00:00-08:00,REAL_TIME_15_MIN,DLAP_SCE-APND,DLAP,57.21268,58.41302,0.36513,-1.56547,0.0
2025-01-27 19:00:00-08:00,2025-01-27 19:00:00-08:00,2025-01-27 19:15:00-08:00,REAL_TIME_15_MIN,DLAP_SCE-APND,DLAP,60.94676,62.88759,0.13446,-2.07529,0.0
2025-01-27 19:15:00-08:00,2025-01-27 19:15:00-08:00,2025-01-27 19:30:00-08:00,REAL_TIME_15_MIN,DLAP_SCE-APND,DLAP,61.83236,63.86746,0.07892,-2.11401,0.0
2025-01-27 19:30:00-08:00,2025-01-27 19:30:00-08:00,2025-01-27 19:45:00-08:00,REAL_TIME_15_MIN,DLAP_SCE-APND,DLAP,65.22132,67.25234,0.0,-2.03102,0.0
2025-01-27 19:45:00-08:00,2025-01-27 19:45:00-08:00,2025-01-27 20:00:00-08:00,REAL_TIME_15_MIN,DLAP_SCE-APND,DLAP,60.88502,62.74637,0.00222,-1.86357,0.0
2025-01-27 20:00:00-08:00,2025-01-27 20:00:00-08:00,2025-01-27 20:15:00-08:00,REAL_TIME_15_MIN,DLAP_SCE-APND,DLAP,66.3996,68.01792,0.54465,-2.16297,0.0
2025-01-27 20:15:00-08:00,2025-01-27 20:15:00-08:00,2025-01-27 20:30:00-08:00,REAL_TIME_15_MIN,DLAP_SCE-APND,DLAP,65.94397,67.72311,0.44218,-2.22132,0.0
2025-01-27 20:30:00-08:00,2025-01-27 20:30:00-08:00,2025-01-27 20:45:00-08:00,REAL_TIME_15_MIN,DLAP_SCE-APND,DLAP,65.34512,67.00816,0.46112,-2.12416,0.0
2025-01-27 20:45:00-08:00,2025-01-27 20:45:00-08:00,2025-01-27 21:00:00-08:00,REAL_TIME_15_MIN,DLAP_SCE-APND,DLAP,64.81536,66.24335,0.47981,-1.90781,0.0
2025-01-27 21:00:00-08:00,2025-01-27 21:00:00-08:00,2025-01-27 21:15:00-08:00,REAL_TIME_15_MIN,DLAP_SCE-APND,DLAP,66.33617,68.05097,0.46283,-2.17763,0.0
2025-01-27 21:15:00-08:00,2025-01-27 21:15:00-08:00,2025-01-27 21:30:00-08:00,REAL_TIME_15_MIN,DLAP_SCE-APND,DLAP,65.24415,66.95818,0.29472,-2.00875,0.0
2025-01-27 21:30:00-08:00,2025-01-27 21:30:00-08:00,2025-01-27 21:45:00-08:00,REAL_TIME_15_MIN,DLAP_SCE-APND,DLAP,64.85136,66.37952,0.31056,-1.83871,0.0
2025-01-27 21:45:00-08:00,2025-01-27 21:45:00-08:00,2025-01-27 22:00:00-08:00,REAL_TIME_15_MIN,DLAP_SCE-APND,DLAP,62.64906,64.35403,0.1806,-1.88557,0.0
2025-01-27 22:00:00-08:00,2025-01-27 22:00:00-08:00,2025-01-27 22:15:00-08:00,REAL_TIME_15_MIN,DLAP_SCE-APND,DLAP,68.94845,70.53795,0.15985,-1.74934,0.0
2025-01-27 22:15:00-08:00,2025-01-27 22:15:00-08:00,2025-01-27 22:30:00-08:00,REAL_TIME_15_MIN,DLAP_SCE-APND,DLAP,69.07221,70.66424,0.18871,-1.78074,0.0
2025-01-27 22:30:00-08:00,2025-01-27 22:30:00-08:00,2025-01-27 22:45:00-08:00,REAL_TIME_15_MIN,DLAP_SCE-APND,DLAP,65.41389,66.88421,0.11483,-1.58516,0.0
2025-01-27 22:45:00-08:00,2025-01-27 22:45:00-08:00,2025-01-27 23:00:00-08:00,REAL_TIME_15_MIN,DLAP_SCE-APND,DLAP,60.62063,62.21967,0.0,-1.59905,0.0
2025-01-27 23:00:00-08:00,2025-01-27 23:00:00-08:00,2025-01-27 23:15:00-08:00,REAL_TIME_15_MIN,DLAP_SCE-APND,DLAP,65.29113,66.91373,0.04355,-1.66615,0.0
2025-01-27 23:15:00-08:00,2025-01-27 23:15:00-08:00,2025-01-27 23:30:00-08:00,REAL_TIME_15_MIN,DLAP_SCE-APND,DLAP,60.30284,61.8047,0.0,-1.50185,0.0
2025-01-27 23:30:00-08:00,2025-01-27 23:30:00-08:00,2025-01-27 23:45:00-08:00,REAL_TIME_15_MIN,DLAP_SCE-APND,DLAP,60.38256,61.703,0.0,-1.32044,0.0
2025-01-27 23:45:00-08:00,2025-01-27 23:45:00-08:00,2025-01-28 00:00:00-08:00,REAL_TIME_15_MIN,DLAP_SCE-APND,DLAP,58.366,59.67283,0.0,-1.30683,0.0
2025-01-28 00:00:00-08:00,2025-01-28 00:00:00-08:00,2025-01-28 00:15:00-08:00,REAL_TIME_15_MIN,DLAP_SCE-APND,DLAP,53.48906,54.79875,0.0,-1.30969,0.0
2025-01-28 00:15:00-08:00,2025-01-28 00:15:00-08:00,2025-01-28 00:30:00-08:00,REAL_TIME_15_MIN,DLAP_SCE-APND,DLAP,53.99448,55.35624,0.0,-1.36176,0.0
2025-01-28 00:30:00-08:00,2025-01-28 00:30:00-08:00,2025-01-28 00:45:00-08:00,REAL_TIME_15_MIN,DLAP_SCE-APND,DLAP,53.77745,55.02092,0.0,-1.24347,0.0
2025-01-28 00:45:00-08:00,2025-01-28 00:45:00-08:00,2025-01-28 01:00:00-08:00,REAL_TIME_15_MIN,DLAP_SCE-APND,DLAP,48.48561,49.61688,0.0,-1.13126,0.0
2025-01-28 01:00:00-08:00,2025-01-28 01:00:00-08:00,2025-01-28 01:15:00-08:00,REAL_TIME_15_MIN,DLAP_SCE-APND,DLAP,48.75989,49.73469,0.0,-0.9748,0.0
2025-01-28 01:15:00-08:00,2025-01-28 01:15:00-08:00,2025-01-28 01:30:00-08:00,REAL_TIME_15_MIN,DLAP_SCE-APND,DLAP,45.76715,46.79667,0.0,-1.02953,0.0
2025-01-28 01:30:00-08:00,2025-01-28 01:30:00-08:00,2025-01-28 01:45:00-08:00,REAL_TIME_15_MIN,DLAP_SCE-APND,DLAP,45.40139,46.42269,0.0,-1.0213,0.0
2025-01-28 01:45:00-08:00,2025-01-28 01:45:00-08:00,2025-01-28 02:00:00-08:00,REAL_TIME_15_MIN,DLAP_SCE-APND,DLAP,44.48548,45.56538,0.0,-1.0799,0.0
2025-01-28 02:00:00-08:00,2025-01-28 02:00:00-08:00,2025-01-28 02:15:00-08:00,REAL_TIME_15_MIN,DLAP_SCE-APND,DLAP,49.32,50.34708,0.0,-1.02708,0.0
2025-01-28 02:15:00-08:00,2025-01-28 02:15:00-08:00,2025-01-28 02:30:00-08:00,REAL_TIME_15_MIN,DLAP_SCE-APND,DLAP,49.58266,50.57907,0.0,-0.99641,0.0
2025-01-28 02:30:00-08:00,2025-01-28 02:30:00-08:00,2025-01-28 02:45:00-08:00,REAL_TIME_15_MIN,DLAP_SCE-APND,DLAP,48.06445,49.07541,0.0,-1.01095,0.0
2025-01-28 02:45:00-08:00,2025-01-28 02:45:00-08:00,2025-01-28 03:00:00-08:00,REAL_TIME_15_MIN,DLAP_SCE-APND,DLAP,48.6269,49.7411,0.0,-1.1142,0.0
2025-01-28 03:00:00-08:00,2025-01-28 03:00:00-08:00,2025-01-28 03:15:00-08:00,REAL_TIME_15_MIN,DLAP_SCE-APND,DLAP,47.78513,48.76034,0.0,-0.97521,0.0
2025-01-28 03:15:00-08:00,2025-01-28 03:15:00-08:00,2025-01-28 03:30:00-08:00,REAL_TIME_15_MIN,DLAP_SCE-APND,DLAP,49.38235,50.35419,0.0,-0.97184,0.0
2025-01-28 03:30:00-08:00,2025-01-28 03:30:00-08:00,2025-01-28 03:45:00-08:00,REAL_TIME_15_MIN,DLAP_SCE-APND,DLAP,50.57034,51.59186,0.0,-1.02152,0.0
2025-01-28 03:45:00-08:00,2025-01-28 03:45:00-08:00,2025-01-28 04:00:00-08:00,REAL_TIME_15_MIN,DLAP_SCE-APND,DLAP,50.8523,52.05476,0.0,-1.20247,0.0
2025-01-28 04:00:00-08:00,2025-01-28 04:00:00-08:00,2025-01-28 04:15:00-08:00,REAL_TIME_15_MIN,DLAP_SCE-APND,DLAP,46.86533,47.88529,0.0,-1.01996,0.0
2025-01-28 04:15:00-08:00,2025-01-28 04:15:00-08:00,2025-01-28 04:30:00-08:00,REAL_TIME_15_MIN,DLAP_SCE-APND,DLAP,47.7088,48.86195,0.0,-1.15314,0.0
2025-01-28 04:30:00-08:00,2025-01-28 04:30:00-08:00,2025-01-28 04:45:00-08:00,REAL_TIME_15_MIN,DLAP_SCE-APND,DLAP,51.04836,52.21804,0.0,-1.16968,0.0
2025-01-28 04:45:00-08:00,2025-01-28 04:45:00-08:00,2025-01-28 05:00:00-08:00,REAL_TIME_15_MIN,DLAP_SCE-APND,DLAP,54.09082,55.54613,0.0,-1.45531,0.0
2025-01-28 05:00:00-08:00,2025-01-28 05:00:00-08:00,2025-01-28 05:15:00-08:00,REAL_TIME_15_MIN,DLAP_SCE-APND,DLAP,44.44936,45.26873,0.0,-0.81936,0.0
2025-01-28 05:15:00-08:00,2025-01-28 05:15:00-08:00,2025-01-28 05:30:00-08:00,REAL_TIME_15_MIN,DLAP_SCE-APND,DLAP,45.54067,46.40851,0.0,-0.86784,0.0
2025-01-28 05:30:00-08:00,2025-01-28 05:30:00-08:00,2025-01-28 05:45:00-08:00,REAL_TIME_15_MIN,DLAP_SCE-APND,DLAP,52.56901,53.5217,0.0,-0.95269,0.0
2025-01-28 05:45:00-08:00,2025-01-28 05:45:00-08:00,2025-01-28 06:00:00-08:00,REAL_TIME_15_MIN,DLAP_SCE-APND,DLAP,58.89564,60.09759,0.0,-1.20195,0.0
2025-01-28 06:00:00-08:00,2025-01-28 06:00:00-08:00,2025-01-28 06:15:00-08:00,REAL_TIME_15_MIN,DLAP_SCE-APND,DLAP,57.40304,57.94775,0.0,-0.54471,0.0
2025-01-28 06:15:00-08:00,2025-01-28 06:15:00-08:00,2025-01-28 06:30:00-08:00,REAL_TIME_15_MIN,DLAP_SCE-APND,DLAP,65.49134,65.49134,0.0,0.0,0.0
2025-01-28 06:30:00-08:00,2025-01-28 06:30:00-08:00,2025-01-28 06:45:00-08:00,REAL_TIME_15_MIN,DLAP_SCE-APND,DLAP,68.5488,68.5488,0.0,0.0,0.0
2025-01-28 06:45:00-08:00,2025-01-28 06:45:00-08:00,2025-01-28 07:00:00-08:00,REAL_TIME_15_MIN,DLAP_SCE-APND,DLAP,69.9988,69.9988,0.0,0.0,0.0
2025-01-28 07:00:00-08:00,2025-01-28 07:00:00-08:00,2025-01-28 07:15:00-08:00,REAL_TIME_15_MIN,DLAP_SCE-APND,DLAP,66.05859,68.09462,0.0,-2.03603,0.0
2025-01-28 07:15:00-08:00,2025-01-28 07:15:00-08:00,2025-01-28 07:30:00-08:00,REAL_TIME_15_MIN,DLAP_SCE-APND,DLAP,69.90388,72.19566,0.08345,-2.37524,0.0
2025-01-28 07:30:00-08:00,2025-01-28 07:30:00-08:00,2025-01-28 07:45:00-08:00,REAL_TIME_15_MIN,DLAP_SCE-APND,DLAP,54.51042,57.0504,0.24978,-2.78976,0.0
2025-01-28 07:45:00-08:00,2025-01-28 07:45:00-08:00,2025-01-28 08:00:00-08:00,REAL_TIME_15_MIN,DLAP_SCE-APND,DLAP,48.4049,50.89697,0.39379,-2.88586,0.0
2025-01-28 08:00:00-08:00,2025-01-28 08:00:00-08:00,2025-01-28 08:15:00-08:00,REAL_TIME_15_MIN,DLAP_SCE-APND,DLAP,51.91386,62.11695,-6.2276,-3.97548,0.0
2025-01-28 08:15:00-08:00,2025-01-28 08:15:00-08:00,2025-01-28 08:30:00-08:00,REAL_TIME_15_MIN,DLAP_SCE-APND,DLAP,39.56559,44.45739,-2.08209,-2.80971,0.0
2025-01-28 08:30:00-08:00,2025-01-28 08:30:00-08:00,2025-01-28 08:45:00-08:00,REAL_TIME_15_MIN,DLAP_SCE-APND,DLAP,26.39643,37.52025,-9.03394,-2.08988,0.0
2025-01-28 08:45:00-08:00,2025-01-28 08:45:00-08:00,2025-01-28 09:00:00-08:00,REAL_TIME_15_MIN,DLAP_SCE-APND,DLAP,26.61703,33.53624,-5.21893,-1.70029,0.0
2025-01-28 09:00:00-08:00,2025-01-28 09:00:00-08:00,2025-01-28 09:15:00-08:00,REAL_TIME_15_MIN,DLAP_SCE-APND,DLAP,33.74916,38.57047,-3.02007,-1.80124,0.0
2025-01-28 09:15:00-08:00,2025-01-28 09:15:00-08:00,2025-01-28 09:30:00-08:00,REAL_TIME_15_MIN,DLAP_SCE-APND,DLAP,34.0169,36.52411,-1.09738,-1.40983,0.0
2025-01-28 09:30:00-08:00,2025-01-28 09:30:00-08:00,2025-01-28 09:45:00-08:00,REAL_TIME_15_MIN,DLAP_SCE-APND,DLAP,37.84104,35.92294,3.11434,-1.19623,0.0
2025-01-28 09:45:00-08:00,2025-01-28 09:45:00-08:00,2025-01-28 10:00:00-08:00,REAL_TIME_15_MIN,DLAP_SCE-APND,DLAP,19.8083,29.22658,-8.42457,-0.9937,0.0
2025-01-28 10:00:00-08:00,2025-01-28 10:00:00-08:00,2025-01-28 10:15:00-08:00,REAL_TIME_15_MIN,DLAP_SCE-APND,DLAP,26.95658,35.12698,-7.12362,-1.04678,0.0
2025-01-28 10:15:00-08:00,2025-01-28 10:15:00-08:00,2025-01-28 10:30:00-08:00,REAL_TIME_15_MIN,DLAP_SCE-APND,DLAP,23.92059,32.7735,-7.93852,-0.91438,0.0
2025-01-28 10:30:00-08:00,2025-01-28 10:30:00-08:00,2025-01-28 10:45:00-08:00,REAL_TIME_15_MIN,DLAP_SCE-APND,DLAP,22.29715,33.11428,-9.87006,-0.94707,0.0
2025-01-28 10:45:00-08:00,2025-01-28 10:45:00-08:00,2025-01-28 11:00:00-08:00,REAL_TIME_15_MIN,DLAP_SCE-APND,DLAP,21.20648,31.36313,-9.25653,-0.90012,0.0
2025-01-28 11:00:00-08:00,2025-01-28 11:00:00-08:00,2025-01-28 11:15:00-08:00,REAL_TIME_15_MIN,DLAP_SCE-APND,DLAP,28.93427,32.87338,-2.93976,-0.99935,0.0
2025-01-28 11:15:00-08:00,2025-01-28 11:15:00-08:00,2025-01-28 11:30:00-08:00,REAL_TIME_15_MIN,DLAP_SCE-APND,DLAP,27.9777,31.35577,-2.49071,-0.88737,0.0
2025-01-28 11:30:00-08:00,2025-01-28 11:30:00-08:00,2025-01-28 11:45:00-08:00,REAL_TIME_15_MIN,DLAP_SCE-APND,DLAP,25.43989,28.15963,-1.87496,-0.84479,0.0
2025-01-28 11:45:00-08:00,2025-01-28 11:45:00-08:00,2025-01-28 12:00:00-08:00,REAL_TIME_15_MIN,DLAP_SCE-APND,DLAP,21.82398,26.09536,-3.41284,-0.85854,0.0
2025-01-28 12:00:00-08:00,2025-01-28 12:00:00-08:00,2025-01-28 12:15:00-08:00,REAL_TIME_15_MIN,DLAP_SCE-APND,DLAP,25.85193,28.45979,-1.77684,-0.83103,0.0
2025-01-28 12:15:00-08:00,2025-01-28 12:15:00-08:00,2025-01-28 12:30:00-08:00,REAL_TIME_15_MIN,DLAP_SCE-APND,DLAP,39.49273,28.85557,11.43069,-0.79353,0.0
2025-01-28 12:30:00-08:00,2025-01-28 12:30:00-08:00,2025-01-28 12:45:00-08:00,REAL_TIME_15_MIN,DLAP_SCE-APND,DLAP,21.33012,26.06584,-4.01108,-0.72463,0.0
2025-01-28 12:45:00-08:00,2025-01-28 12:45:00-08:00,2025-01-28 13:00:00-08:00,REAL_TIME_15_MIN,DLAP_SCE-APND,DLAP,19.78758,24.98477,-4.45515,-0.74205,0.0
2025-01-28 13:00:00-08:00,2025-01-28 13:00:00-08:00,2025-01-28 13:15:00-08:00,REAL_TIME_15_MIN,DLAP_SCE-APND,DLAP,20.3402,24.8502,-3.69989,-0.81012,0.0
2025-01-28 13:15:00-08:00,2025-01-28 13:15:00-08:00,2025-01-28 13:30:00-08:00,REAL_TIME_15_MIN,DLAP_SCE-APND,DLAP,17.20143,22.81096,-4.87958,-0.72995,0.0
2025-01-28 13:30:00-08:00,2025-01-28 13:30:00-08:00,2025-01-28 13:45:00-08:00,REAL_TIME_15_MIN,DLAP_SCE-APND,DLAP,16.43148,22.58478,-5.51415,-0.63915,0.0
2025-01-28 13:45:00-08:00,2025-01-28 13:45:00-08:00,2025-01-28 14:00:00-08:00,REAL_TIME_15_MIN,DLAP_SCE-APND,DLAP,12.31376,19.95154,-7.03524,-0.60254,0.0
2025-01-28 14:00:00-08:00,2025-01-28 14:00:00-08:00,2025-01-28 14:15:00-08:00,REAL_TIME_15_MIN,DLAP_SCE-APND,DLAP,21.43225,28.72896,-6.39175,-0.90496,0.0
2025-01-28 14:15:00-08:00,2025-01-28 14:15:00-08:00,2025-01-28 14:30:00-08:00,REAL_TIME_15_MIN,DLAP_SCE-APND,DLAP,24.42322,31.17808,-5.83199,-0.92287,0.0
2025-01-28 14:30:00-08:00,2025-01-28 14:30:00-08:00,2025-01-28 14:45:00-08:00,REAL_TIME_15_MIN,DLAP_SCE-APND,DLAP,32.91226,32.98319,0.87899,-0.94992,0.0
2025-01-28 14:45:00-08:00,2025-01-28 14:45:00-08:00,2025-01-28 15:00:00-08:00,REAL_TIME_15_MIN,DLAP_SCE-APND,DLAP,26.97066,32.73029,-4.78099,-0.97864,0.0
2025-01-28 15:00:00-08:00,2025-01-28 15:00:00-08:00,2025-01-28 15:15:00-08:00,REAL_TIME_15_MIN,DLAP_SCE-APND,DLAP,18.70965,26.92959,-7.49285,-0.7271,0.0
2025-01-28 15:15:00-08:00,2025-01-28 15:15:00-08:00,2025-01-28 15:30:00-08:00,REAL_TIME_15_MIN,DLAP_SCE-APND,DLAP,25.18386,32.68561,-6.64211,-0.85963,0.0
2025-01-28 15:30:00-08:00,2025-01-28 15:30:00-08:00,2025-01-28 15:45:00-08:00,REAL_TIME_15_MIN,DLAP_SCE-APND,DLAP,30.88504,37.67094,-5.75372,-1.03218,0.0
2025-01-28 15:45:00-08:00,2025-01-28 15:45:00-08:00,2025-01-28 16:00:00-08:00,REAL_TIME_15_MIN,DLAP_SCE-APND,DLAP,43.42197,47.63097,-2.74197,-1.46703,0.0
2025-01-28 16:00:00-08:00,2025-01-28 16:00:00-08:00,2025-01-28 16:15:00-08:00,REAL_TIME_15_MIN,DLAP_SCE-APND,DLAP,33.73623,34.99107,-0.16312,-1.09172,0.0
2025-01-28 16:15:00-08:00,2025-01-28 16:15:00-08:00,2025-01-28 16:30:00-08:00,REAL_TIME_15_MIN,DLAP_SCE-APND,DLAP,39.50271,42.29956,-1.60823,-1.18862,0.0
2025-01-28 16:30:00-08:00,2025-01-28 16:30:00-08:00,2025-01-28 16:45:00-08:00,REAL_TIME_15_MIN,DLAP_SCE-APND,DLAP,54.22145,54.97158,0.88803,-1.63815,0.0
2025-01-28 16:45:00-08:00,2025-01-28 16:45:00-08:00,2025-01-28 17:00:00-08:00,REAL_TIME_15_MIN,DLAP_SCE-APND,DLAP,61.55062,64.07518,0.0,-2.52456,0.0
2025-01-28 17:00:00-08:00,2025-01-28 17:00:00-08:00,2025-01-28 17:15:00-08:00,REAL_TIME_15_MIN,DLAP_SCE-APND,DLAP,50.95399,51.31601,1.34166,-1.70369,0.0
2025-01-28 17:15:00-08:00,2025-01-28 17:15:00-08:00,2025-01-28 17:30:00-08:00,REAL_TIME_15_MIN,DLAP_SCE-APND,DLAP,54.2122,54.69329,1.41676,-1.89786,0.0
2025-01-28 17:30:00-08:00,2025-01-28 17:30:00-08:00,2025-01-28 17:45:00-08:00,REAL_TIME_15_MIN,DLAP_SCE-APND,DLAP,56.41789,57.01217,1.51517,-2.10945,0.0
2025-01-28 17:45:00-08:00,2025-01-28 17:45:00-08:00,2025-01-28 18:00:00-08:00,REAL_TIME_15_MIN,DLAP_SCE-APND,DLAP,59.38602,59.27201,2.63307,-2.51906,0.0
2025-01-28 18:00:00-08:00,2025-01-28 18:00:00-08:00,2025-01-28 18:15:00-08:00,REAL_TIME_15_MIN,DLAP_SCE-APND,DLAP,55.9867,57.35826,0.72775,-2.09931,0.0
2025-01-28 18:15:00-08:00,2025-01-28 18:15:00-08:00,2025-01-28 18:30:00-08:00,REAL_TIME_15_MIN,DLAP_SCE-APND,DLAP,57.11163,58.63761,0.71984,-2.24582,0.0
2025-01-28 18:30:00-08:00,2025-01-28 18:30:00-08:00,2025-01-28 18:45:00-08:00,REAL_TIME_15_MIN,DLAP_SCE-APND,DLAP,58.61442,60.13356,0.55546,-2.07461,0.0
2025-01-28 18:45:00-08:00,2025-01-28 18:45:00-08:00,2025-01-28 19:00:00-08:00,REAL_TIME_15_MIN,DLAP_SCE-APND,DLAP,57.8216,59.76446,0.42978,-2.37265,0.0
2025-01-28 19:00:00-08:00,2025-01-28 19:00:00-08:00,2025-01-28 19:15:00-08:00,REAL_TIME_15_MIN,DLAP_SCE-APND,DLAP,57.99809,60.16372,0.08449,-2.25012,0.0
2025-01-28 19:15:00-08:00,2025-01-28 19:15:00-08:00,2025-01-28 19:30:00-08:00,REAL_TIME_15_MIN,DLAP_SCE-APND,DLAP,56.1669,58.43716,0.05553,-2.3258,0.0
2025-01-28 19:30:00-08:00,2025-01-28 19:30:00-08:00,2025-01-28 19:45:00-08:00,REAL_TIME_15_MIN,DLAP_SCE-APND,DLAP,57.65537,60.02168,0.01655,-2.38286,0.0
2025-01-28 19:45:00-08:00,2025-01-28 19:45:00-08:00,2025-01-28 20:00:00-08:00,REAL_TIME_15_MIN,DLAP_SCE-APND,DLAP,57.01967,59.40787,0.0,-2.3882,0.0
2025-01-28 20:00:00-08:00,2025-01-28 20:00:00-08:00,2025-01-28 20:15:00-08:00,REAL_TIME_15_MIN,DLAP_SCE-APND,DLAP,52.38825,54.40109,0.0,-2.01284,0.0
2025-01-28 20:15:00-08:00,2025-01-28 20:15:00-08:00,2025-01-28 20:30:00-08:00,REAL_TIME_15_MIN,DLAP_SCE-APND,DLAP,51.30819,53.1636,0.0,-1.85541,0.0
2025-01-28 20:30:00-08:00,2025-01-28 20:30:00-08:00,2025-01-28 20:45:00-08:00,REAL_TIME_15_MIN,DLAP_SCE-APND,DLAP,50.82879,52.45489,0.0,-1.6261,0.0
2025-01-28 20:45:00-08:00,2025-01-28 20:45:00-08:00,2025-01-28 21:00:00-08:00,REAL_TIME_15_MIN,DLAP_SCE-APND,DLAP,50.29261,51.95518,0.0,-1.66257,0.0
2025-01-28 21:00:00-08:00,2025-01-28 21:00:00-08:00,2025-01-28 21:15:00-08:00,REAL_TIME_15_MIN,DLAP_SCE-APND,DLAP,51.04499,52.63456,0.0,-1.58956,0.0
2025-01-28 21:15:00-08:00,2025-01-28 21:15:00-08:00,2025-01-28 21:30:00-08:00,REAL_TIME_15_MIN,DLAP_SCE-APND,DLAP,50.62548,52.15895,0.0,-1.53347,0.0
2025-01-28 21:30:00-08:00,2025-01-28 21:30:00-08:00,2025-01-28 21:45:00-08:00,REAL_TIME_15_MIN,DLAP_SCE-APND,DLAP,50.85263,52.15655,0.0,-1.30391,0.0
2025-01-28 21:45:00-08:00,2025-01-28 21:45:00-08:00,2025-01-28 22:00:00-08:00,REAL_TIME_15_MIN,DLAP_SCE-APND,DLAP,47.73018,48.97915,0.0,-1.24897,0.0
2025-01-28 22:00:00-08:00,2025-01-28 22:00:00-08:00,2025-01-28 22:15:00-08:00,REAL_TIME_15_MIN,DLAP_SCE-APND,DLAP,53.64356,55.54313,0.0,-1.89958,0.0
2025-01-28 22:15:00-08:00,2025-01-28 22:15:00-08:00,2025-01-28 22:30:00-08:00,REAL_TIME_15_MIN,DLAP_SCE-APND,DLAP,51.25114,52.93992,0.0,-1.68878,0.0
2025-01-28 22:30:00-08:00,2025-01-28 22:30:00-08:00,2025-01-28 22:45:00-08:00,REAL_TIME_15_MIN,DLAP_SCE-APND,DLAP,48.44119,49.95997,0.0,-1.51878,0.0
2025-01-28 22:45:00-08:00,2025-01-28 22:45:00-08:00,2025-01-28 23:00:00-08:00,REAL_TIME_15_MIN,DLAP_SCE-APND,DLAP,47.00814,48.46699,0.0,-1.45886,0.0
2025-01-28 23:00:00-08:00,2025-01-28 23:00:00-08:00,2025-01-28 23:15:00-08:00,REAL_TIME_15_MIN,DLAP_SCE-APND,DLAP,48.48579,49.92359,0.0,-1.4378,0.0
2025-01-28 23:15:00-08:00,2025-01-28 23:15:00-08:00,2025-01-28 23:30:00-08:00,REAL_TIME_15_MIN,DLAP_SCE-APND,DLAP,45.95984,47.27892,0.0,-1.31908,0.0
2025-01-28 23:30:00-08:00,2025-01-28 23:30:00-08:00,2025-01-28 23:45:00-08:00,REAL_TIME_15_MIN,DLAP_SCE-APND,DLAP,45.41631,46.64303,0.0,-1.22671,0.0
2025-01-28 23:45:00-08:00,2025-01-28 23:45:00-08:00,2025-01-29 00:00:00-08:00,REAL_TIME_15_MIN,DLAP_SCE-APND,DLAP,45.24842,46.38009,0.0,-1.13167,0.0
2025-01-29 00:00:00-08:00,2025-01-29 00:00:00-08:00,2025-01-29 00:15:00-08:00,REAL_TIME_15_MIN,DLAP_SCE-APND,DLAP,45.45399,46.56217,0.0,-1.10818,0.0
2025-01-29 00:15:00-08:00,2025-01-29 00:15:00-08:00,2025-01-29 00:30:00-08:00,REAL_TIME_15_MIN,DLAP_SCE-APND,DLAP,44.20015,45.23606,0.0,-1.03591,0.0
2025-01-29 00:30:00-08:00,2025-01-29 00:30:00-08:00,2025-01-29 00:45:00-08:00,REAL_TIME_15_MIN,DLAP_SCE-APND,DLAP,43.2673,44.39493,0.0,-1.12763,0.0
2025-01-29 00:45:00-08:00,2025-01-29 00:45:00-08:00,2025-01-29 01:00:00-08:00,REAL_TIME_15_MIN,DLAP_SCE-APND,DLAP,43.23286,44.38692,0.0,-1.15406,0.0
2025-01-29 01:00:00-08:00,2025-01-29 01:00:00-08:00,2025-01-29 01:15:00-08:00,REAL_TIME_15_MIN,DLAP_SCE-APND,DLAP,45.06998,46.27308,0.0,-1.2031,0.0
2025-01-29 01:15:00-08:00,2025-01-29 01:15:00-08:00,2025-01-29 01:30:00-08:00,REAL_TIME_15_MIN,DLAP_SCE-APND,DLAP,44.47859,45.62375,0.0,-1.14516,0.0
2025-01-29 01:30:00-08:00,2025-01-29 01:30:00-08:00,2025-01-29 01:45:00-08:00,REAL_TIME_15_MIN,DLAP_SCE-APND,DLAP,44.83401,45.99776,0.0,-1.16374,0.0
2025-01-29 01:45:00-08:00,2025-01-29 01:45:00-08:00,2025-01-29 02:00:00-08:00,REAL_TIME_15_MIN,DLAP_SCE-APND,DLAP,43.77979,44.92539,0.0,-1.1456,0.0
2025-01-29 02:00:00-08:00,2025-01-29 02:00:00-08:00,2025-01-29 02:15:00-08:00,REAL_TIME_15_MIN,DLAP_SCE-APND,DLAP,45.21581,46.09155,0.0,-0.87574,0.0
2025-01-29 02:15:00-08:00,2025-01-29 02:15:00-08:00,2025-01-29 02:30:00-08:00,REAL_TIME_15_MIN,DLAP_SCE-APND,DLAP,45.84975,46.7092,0.0,-0.85945,0.0
2025-01-29 02:30:00-08:00,2025-01-29 02:30:00-08:00,2025-01-29 02:45:00-08:00,REAL_TIME_15_MIN,DLAP_SCE-APND,DLAP,44.85142,45.76209,0.0,-0.91067,0.0
2025-01-29 02:45:00-08:00,2025-01-29 02:45:00-08:00,2025-01-29 03:00:00-08:00,REAL_TIME_15_MIN,DLAP_SCE-APND,DLAP,45.83051,46.80881,0.0,-0.9783,0.0
2025-01-29 03:00:00-08:00,2025-01-29 03:00:00-08:00,2025-01-29 03:15:00-08:00,REAL_TIME_15_MIN,DLAP_SCE-APND,DLAP,46.48693,47.3535,0.0,-0.86657,0.0
2025-01-29 03:15:00-08:00,2025-01-29 03:15:00-08:00,2025-01-29 03:30:00-08:00,REAL_TIME_15_MIN,DLAP_SCE-APND,DLAP,48.30062,49.28635,0.0,-0.98573,0.0
2025-01-29 03:30:00-08:00,2025-01-29 03:30:00-08:00,2025-01-29 03:45:00-08:00,REAL_TIME_15_MIN,DLAP_SCE-APND,DLAP,49.04714,50.21206,0.0,-1.16492,0.0
2025-01-29 03:45:00-08:00,2025-01-29 03:45:00-08:00,2025-01-29 04:00:00-08:00,REAL_TIME_15_MIN,DLAP_SCE-APND,DLAP,48.45448,49.54446,0.0,-1.08998,0.0
2025-01-29 04:00:00-08:00,2025-01-29 04:00:00-08:00,2025-01-29 04:15:00-08:00,REAL_TIME_15_MIN,DLAP_SCE-APND,DLAP,44.23735,45.10333,0.0,-0.86598,0.0
2025-01-29 04:15:00-08:00,2025-01-29 04:15:00-08:00,2025-01-29 04:30:00-08:00,REAL_TIME_15_MIN,DLAP_SCE-APND,DLAP,44.31028,45.1831,0.00373,-0.87655,0.0
2025-01-29 04:30:00-08:00,2025-01-29 04:30:00-08:00,2025-01-29 04:45:00-08:00,REAL_TIME_15_MIN,DLAP_SCE-APND,DLAP,47.82597,48.74233,0.0,-0.91636,0.0
2025-01-29 04:45:00-08:00,2025-01-29 04:45:00-08:00,2025-01-29 05:00:00-08:00,REAL_TIME_15_MIN,DLAP_SCE-APND,DLAP,49.41952,50.45897,0.0,-1.03945,0.0
2025-01-29 05:00:00-08:00,2025-01-29 05:00:00-08:00,2025-01-29 05:15:00-08:00,REAL_TIME_15_MIN,DLAP_SCE-APND,DLAP,49.15802,50.14589,0.0,-0.98787,0.0
2025-01-29 05:15:00-08:00,2025-01-29 05:15:00-08:00,2025-01-29 05:30:00-08:00,REAL_TIME_15_MIN,DLAP_SCE-APND,DLAP,50.50505,51.53577,0.0,-1.03072,0.0
2025-01-29 05:30:00-08:00,2025-01-29 05:30:00-08:00,2025-01-29 05:45:00-08:00,REAL_TIME_15_MIN,DLAP_SCE-APND,DLAP,56.2814,57.59456,0.0,-1.31316,0.0
2025-01-29 05:45:00-08:00,2025-01-29 05:45:00-08:00,2025-01-29 06:00:00-08:00,REAL_TIME_15_MIN,DLAP_SCE-APND,DLAP,64.44504,66.07695,0.00019,-1.6321,0.0
2025-01-29 06:00:00-08:00,2025-01-29 06:00:00-08:00,2025-01-29 06:15:00-08:00,REAL_TIME_15_MIN,DLAP_SCE-APND,DLAP,53.99951,55.23681,0.0,-1.2373,0.0
2025-01-29 06:15:00-08:00,2025-01-29 06:15:00-08:00,2025-01-29 06:30:00-08:00,REAL_TIME_15_MIN,DLAP_SCE-APND,DLAP,57.39451,58.9266,0.0,-1.53209,0.0
2025-01-29 06:30:00-08:00,2025-01-29 06:30:00-08:00,2025-01-29 06:45:00-08:00,REAL_TIME_15_MIN,DLAP_SCE-APND,DLAP,64.33232,66.47961,0.0,-2.14729,0.0
2025-01-29 06:45:00-08:00,2025-01-29 06:45:00-08:00,2025-01-29 07:00:00-08:00,REAL_TIME_15_MIN,DLAP_SCE-APND,DLAP,63.18162,65.77992,0.0,-2.59831,0.0
2025-01-29 07:00:00-08:00,2025-01-29 07:00:00-08:00,2025-01-29 07:15:00-08:00,REAL_TIME_15_MIN,DLAP_SCE-APND,DLAP,57.23368,59.5316,0.0,-2.29792,0.0
2025-01-29 07:15:00-08:00,2025-01-29 07:15:00-08:00,2025-01-29 07:30:00-08:00,REAL_TIME_15_MIN,DLAP_SCE-APND,DLAP,50.96037,54.43642,-0.91209,-2.56396,0.0
2025-01-29 07:30:00-08:00,2025-01-29 07:30:00-08:00,2025-01-29 07:45:00-08:00,REAL_TIME_15_MIN,DLAP_SCE-APND,DLAP,43.48392,46.98675,-0.97024,-2.53259,0.0
2025-01-29 07:45:00-08:00,2025-01-29 07:45:00-08:00,2025-01-29 08:00:00-08:00,REAL_TIME_15_MIN,DLAP_SCE-APND,DLAP,42.87874,50.49279,-4.64508,-2.96898,0.0
2025-01-29 08:00:00-08:00,2025-01-29 08:00:00-08:00,2025-01-29 08:15:00-08:00,REAL_TIME_15_MIN,DLAP_SCE-APND,DLAP,47.48467,71.39325,-20.25325,-3.65533,0.0
2025-01-29 08:15:00-08:00,2025-01-29 08:15:00-08:00,2025-01-29 08:30:00-08:00,REAL_TIME_15_MIN,DLAP_SCE-APND,DLAP,44.21071,55.54481,-8.49576,-2.83834,0.0
2025-01-29 08:30:00-08:00,2025-01-29 08:30:00-08:00,2025-01-29 08:45:00-08:00,REAL_TIME_15_MIN,DLAP_SCE-APND,DLAP,26.95601,36.75529,-8.10854,-1.69074,0.0
2025-01-29 08:45:00-08:00,2025-01-29 08:45:00-08:00,2025-01-29 09:00:00-08:00,REAL_TIME_15_MIN,DLAP_SCE-APND,DLAP,23.42635,31.79994,-7.09205,-1.28154,0.0
2025-01-29 09:00:00-08:00,2025-01-29 09:00:00-08:00,2025-01-29 09:15:00-08:00,REAL_TIME_15_MIN,DLAP_SCE-APND,DLAP,21.18485,34.47893,-11.92871,-1.36537,0.0
2025-01-29 09:15:00-08:00,2025-01-29 09:15:00-08:00,2025-01-29 09:30:00-08:00,REAL_TIME_15_MIN,DLAP_SCE-APND,DLAP,23.47384,34.06988,-9.2094,-1.38664,0.0
2025-01-29 09:30:00-08:00,2025-01-29 09:30:00-08:00,2025-01-29 09:45:00-08:00,REAL_TIME_15_MIN,DLAP_SCE-APND,DLAP,20.52241,31.29974,-9.55038,-1.22695,0.0
2025-01-29 09:45:00-08:00,2025-01-29 09:45:00-08:00,2025-01-29 10:00:00-08:00,REAL_TIME_15_MIN,DLAP_SCE-APND,DLAP,15.71695,27.55698,-10.7846,-1.05543,0.0
2025-01-29 10:00:00-08:00,2025-01-29 10:00:00-08:00,2025-01-29 10:15:00-08:00,REAL_TIME_15_MIN,DLAP_SCE-APND,DLAP,20.91048,36.72865,-14.33066,-1.48751,0.0
2025-01-29 10:15:00-08:00,2025-01-29 10:15:00-08:00,2025-01-29 10:30:00-08:00,REAL_TIME_15_MIN,DLAP_SCE-APND,DLAP,16.40789,32.28997,-14.64214,-1.23993,0.0
2025-01-29 10:30:00-08:00,2025-01-29 10:30:00-08:00,2025-01-29 10:45:00-08:00,REAL_TIME_15_MIN,DLAP_SCE-APND,DLAP,10.11095,27.60197,-16.3759,-1.11512,0.0
2025-01-29 10:45:00-08:00,2025-01-29 10:45:00-08:00,2025-01-29 11:00:00-08:00,REAL_TIME_15_MIN,DLAP_SCE-APND,DLAP,10.62101,26.48832,-14.85015,-1.01715,0.0
2025-01-29 11:00:00-08:00,2025-01-29 11:00:00-08:00,2025-01-29 11:15:00-08:00,REAL_TIME_15_MIN,DLAP_SCE-APND,DLAP,10.75094,28.50994,-16.6186,-1.1404,0.0
2025-01-29 11:15:00-08:00,2025-01-29 11:15:00-08:00,2025-01-29 11:30:00-08:00,REAL_TIME_15_MIN,DLAP_SCE-APND,DLAP,9.5057,26.39926,-15.84551,-1.04805,0.0
2025-01-29 11:30:00-08:00,2025-01-29 11:30:00-08:00,2025-01-29 11:45:00-08:00,REAL_TIME_15_MIN,DLAP_SCE-APND,DLAP,6.9393,24.99194,-17.05296,-0.99968,0.0
2025-01-29 11:45:00-08:00,2025-01-29 11:45:00-08:00,2025-01-29 12:00:00-08:00,REAL_TIME_15_MIN,DLAP_SCE-APND,DLAP,6.06463,24.9612,-17.89812,-0.99845,0.0
2025-01-29 12:00:00-08:00,2025-01-29 12:00:00-08:00,2025-01-29 12:15:00-08:00,REAL_TIME_15_MIN,DLAP_SCE-APND,DLAP,5.74214,25.27579,-18.57823,-0.95542,0.0
2025-01-29 12:15:00-08:00,2025-01-29 12:15:00-08:00,2025-01-29 12:30:00-08:00,REAL_TIME_15_MIN,DLAP_SCE-APND,DLAP,5.16144,23.71273,-17.58144,-0.96985,0.0
2025-01-29 12:30:00-08:00,2025-01-29 12:30:00-08:00,2025-01-29 12:45:00-08:00,REAL_TIME_15_MIN,DLAP_SCE-APND,DLAP,2.89677,21.02424,-17.22973,-0.89774,0.0
2025-01-29 12:45:00-08:00,2025-01-29 12:45:00-08:00,2025-01-29 13:00:00-08:00,REAL_TIME_15_MIN,DLAP_SCE-APND,DLAP,0.87712,21.16622,-19.37895,-0.91015,0.0
2025-01-29 13:00:00-08:00,2025-01-29 13:00:00-08:00,2025-01-29 13:15:00-08:00,REAL_TIME_15_MIN,DLAP_SCE-APND,DLAP,0.52624,18.89277,-17.59381,-0.77271,0.0
2025-01-29 13:15:00-08:00,2025-01-29 13:15:00-08:00,2025-01-29 13:30:00-08:00,REAL_TIME_15_MIN,DLAP_SCE-APND,DLAP,-5.86926,15.83292,-21.03087,-0.67132,0.0
2025-01-29 13:30:00-08:00,2025-01-29 13:30:00-08:00,2025-01-29 13:45:00-08:00,REAL_TIME_15_MIN,DLAP_SCE-APND,DLAP,-7.25515,16.30079,-22.88761,-0.66833,0.0
2025-01-29 13:45:00-08:00,2025-01-29 13:45:00-08:00,2025-01-29 14:00:00-08:00,REAL_TIME_15_MIN,DLAP_SCE-APND,DLAP,-8.93546,14.57135,-22.90939,-0.59743,0.0
2025-01-29 14:00:00-08:00,2025-01-29 14:00:00-08:00,2025-01-29 14:15:00-08:00,REAL_TIME_15_MIN,DLAP_SCE-APND,DLAP,-8.97067,14.57063,-22.92205,-0.61925,0.0
2025-01-29 14:15:00-08:00,2025-01-29 14:15:00-08:00,2025-01-29 14:30:00-08:00,REAL_TIME_15_MIN,DLAP_SCE-APND,DLAP,-8.48109,14.30411,-22.18157,-0.60363,0.0
2025-01-29 14:30:00-08:00,2025-01-29 14:30:00-08:00,2025-01-29 14:45:00-08:00,REAL_TIME_15_MIN,DLAP_SCE-APND,DLAP,-10.56189,14.81067,-24.77421,-0.59835,0.0
2025-01-29 14:45:00-08:00,2025-01-29 14:45:00-08:00,2025-01-29 15:00:00-08:00,REAL_TIME_15_MIN,DLAP_SCE-APND,DLAP,-6.45724,17.98002,-23.68389,-0.75336,0.0
2025-01-29 15:00:00-08:00,2025-01-29 15:00:00-08:00,2025-01-29 15:15:00-08:00,REAL_TIME_15_MIN,DLAP_SCE-APND,DLAP,-8.69615,18.153,-26.08128,-0.76787,0.0
2025-01-29 15:15:00-08:00,2025-01-29 15:15:00-08:00,2025-01-29 15:30:00-08:00,REAL_TIME_15_MIN,DLAP_SCE-APND,DLAP,-5.41512,17.95477,-22.6517,-0.71819,0.0
2025-01-29 15:30:00-08:00,2025-01-29 15:30:00-08:00,2025-01-29 15:45:00-08:00,REAL_TIME_15_MIN,DLAP_SCE-APND,DLAP,6.16551,29.85397,-22.56595,-1.12251,0.0
2025-01-29 15:45:00-08:00,2025-01-29 15:45:00-08:00,2025-01-29 16:00:00-08:00,REAL_TIME_15_MIN,DLAP_SCE-APND,DLAP,23.64495,42.64274,-17.64175,-1.35604,0.0
2025-01-29 16:00:00-08:00,2025-01-29 16:00:00-08:00,2025-01-29 16:15:00-08:00,REAL_TIME_15_MIN,DLAP_SCE-APND,DLAP,19.91928,28.20336,-7.30543,-0.97866,0.0
2025-01-29 16:15:00-08:00,2025-01-29 16:15:00-08:00,2025-01-29 16:30:00-08:00,REAL_TIME_15_MIN,DLAP_SCE-APND,DLAP,33.50368,37.81513,-3.10515,-1.2063,0.0
2025-01-29 16:30:00-08:00,2025-01-29 16:30:00-08:00,2025-01-29 16:45:00-08:00,REAL_TIME_15_MIN,DLAP_SCE-APND,DLAP,47.01715,48.80842,0.0,-1.79127,0.0
2025-01-29 16:45:00-08:00,2025-01-29 16:45:00-08:00,2025-01-29 17:00:00-08:00,REAL_TIME_15_MIN,DLAP_SCE-APND,DLAP,58.10452,60.34952,0.0,-2.245,0.0
2025-01-29 17:00:00-08:00,2025-01-29 17:00:00-08:00,2025-01-29 17:15:00-08:00,REAL_TIME_15_MIN,DLAP_SCE-APND,DLAP,49.46107,51.26562,0.0,-1.80455,0.0
2025-01-29 17:15:00-08:00,2025-01-29 17:15:00-08:00,2025-01-29 17:30:00-08:00,REAL_TIME_15_MIN,DLAP_SCE-APND,DLAP,50.54485,52.88907,-0.00123,-2.34299,0.0
2025-01-29 17:30:00-08:00,2025-01-29 17:30:00-08:00,2025-01-29 17:45:00-08:00,REAL_TIME_15_MIN,DLAP_SCE-APND,DLAP,51.98524,57.23065,-2.50406,-2.74135,0.0
2025-01-29 17:45:00-08:00,2025-01-29 17:45:00-08:00,2025-01-29 18:00:00-08:00,REAL_TIME_15_MIN,DLAP_SCE-APND,DLAP,48.38065,61.39568,-9.83474,-3.1803,0.0
2025-01-29 18:00:00-08:00,2025-01-29 18:00:00-08:00,2025-01-29 18:15:00-08:00,REAL_TIME_15_MIN,DLAP_SCE-APND,DLAP,46.93589,60.52244,-10.7299,-2.85666,0.0
2025-01-29 18:15:00-08:00,2025-01-29 18:15:00-08:00,2025-01-29 18:30:00-08:00,REAL_TIME_15_MIN,DLAP_SCE-APND,DLAP,47.22895,58.32144,-8.29889,-2.7936,0.0
2025-01-29 18:30:00-08:00,2025-01-29 18:30:00-08:00,2025-01-29 18:45:00-08:00,REAL_TIME_15_MIN,DLAP_SCE-APND,DLAP,47.31035,57.61097,-7.63324,-2.66739,0.0
2025-01-29 18:45:00-08:00,2025-01-29 18:45:00-08:00,2025-01-29 19:00:00-08:00,REAL_TIME_15_MIN,DLAP_SCE-APND,DLAP,47.48033,55.324,-5.29324,-2.55044,0.0
2025-01-29 19:00:00-08:00,2025-01-29 19:00:00-08:00,2025-01-29 19:15:00-08:00,REAL_TIME_15_MIN,DLAP_SCE-APND,DLAP,47.31047,53.31322,-3.51302,-2.48973,0.0
2025-01-29 19:15:00-08:00,2025-01-29 19:15:00-08:00,2025-01-29 19:30:00-08:00,REAL_TIME_15_MIN,DLAP_SCE-APND,DLAP,46.82176,52.40047,-3.27309,-2.30562,0.0
2025-01-29 19:30:00-08:00,2025-01-29 19:30:00-08:00,2025-01-29 19:45:00-08:00,REAL_TIME_15_MIN,DLAP_SCE-APND,DLAP,46.97913,51.46025,-2.16026,-2.32086,0.0
2025-01-29 19:45:00-08:00,2025-01-29 19:45:00-08:00,2025-01-29 20:00:00-08:00,REAL_TIME_15_MIN,DLAP_SCE-APND,DLAP,47.48758,50.74357,-0.94208,-2.31391,0.0
2025-01-29 20:00:00-08:00,2025-01-29 20:00:00-08:00,2025-01-29 20:15:00-08:00,REAL_TIME_15_MIN,DLAP_SCE-APND,DLAP,47.16321,52.37556,-2.57262,-2.63973,0.0
2025-01-29 20:15:00-08:00,2025-01-29 20:15:00-08:00,2025-01-29 20:30:00-08:00,REAL_TIME_15_MIN,DLAP_SCE-APND,DLAP,46.36601,51.43587,-2.52379,-2.54608,0.0
2025-01-29 20:30:00-08:00,2025-01-29 20:30:00-08:00,2025-01-29 20:45:00-08:00,REAL_TIME_15_MIN,DLAP_SCE-APND,DLAP,46.54408,48.97959,-0.00123,-2.43429,0.0
2025-01-29 20:45:00-08:00,2025-01-29 20:45:00-08:00,2025-01-29 21:00:00-08:00,REAL_TIME_15_MIN,DLAP_SCE-APND,DLAP,45.4719,47.68946,0.0,-2.21756,0.0
2025-01-29 21:00:00-08:00,2025-01-29 21:00:00-08:00,2025-01-29 21:15:00-08:00,REAL_TIME_15_MIN,DLAP_SCE-APND,DLAP,45.05628,47.36285,0.0,-2.30657,0.0
2025-01-29 21:15:00-08:00,2025-01-29 21:15:00-08:00,2025-01-29 21:30:00-08:00,REAL_TIME_15_MIN,DLAP_SCE-APND,DLAP,44.27944,46.4876,0.0,-2.20816,0.0
2025-01-29 21:30:00-08:00,2025-01-29 21:30:00-08:00,2025-01-29 21:45:00-08:00,REAL_TIME_15_MIN,DLAP_SCE-APND,DLAP,43.77262,45.77768,0.0,-2.00506,0.0
2025-01-29 21:45:00-08:00,2025-01-29 21:45:00-08:00,2025-01-29 22:00:00-08:00,REAL_TIME_15_MIN,DLAP_SCE-APND,DLAP,41.75867,43.66691,0.0,-1.90824,0.0
2025-01-29 22:00:00-08:00,2025-01-29 22:00:00-08:00,2025-01-29 22:15:00-08:00,REAL_TIME_15_MIN,DLAP_SCE-APND,DLAP,43.36255,45.47247,0.0,-2.10992,0.0
2025-01-29 22:15:00-08:00,2025-01-29 22:15:00-08:00,2025-01-29 22:30:00-08:00,REAL_TIME_15_MIN,DLAP_SCE-APND,DLAP,42.10875,44.07447,0.0,-1.96572,0.0
2025-01-29 22:30:00-08:00,2025-01-29 22:30:00-08:00,2025-01-29 22:45:00-08:00,REAL_TIME_15_MIN,DLAP_SCE-APND,DLAP,41.67863,43.48771,0.0,-1.80909,0.0
2025-01-29 22:45:00-08:00,2025-01-29 22:45:00-08:00,2025-01-29 23:00:00-08:00,REAL_TIME_15_MIN,DLAP_SCE-APND,DLAP,39.7366,41.75605,-0.45777,-1.56168,0.0
2025-01-29 23:00:00-08:00,2025-01-29 23:00:00-08:00,2025-01-29 23:15:00-08:00,REAL_TIME_15_MIN,DLAP_SCE-APND,DLAP,44.49597,46.00493,0.0,-1.50896,0.0
2025-01-29 23:15:00-08:00,2025-01-29 23:15:00-08:00,2025-01-29 23:30:00-08:00,REAL_TIME_15_MIN,DLAP_SCE-APND,DLAP,43.91134,45.35826,0.0,-1.44693,0.0
2025-01-29 23:30:00-08:00,2025-01-29 23:30:00-08:00,2025-01-29 23:45:00-08:00,REAL_TIME_15_MIN,DLAP_SCE-APND,DLAP,43.78926,45.06922,0.0,-1.27997,0.0
2025-01-29 23:45:00-08:00,2025-01-29 23:45:00-08:00,2025-01-30 00:00:00-08:00,REAL_TIME_15_MIN,DLAP_SCE-APND,DLAP,43.04351,44.71755,-0.46666,-1.20737,0.0
2025-01-30 00:00:00-08:00,2025-01-30 00:00:00-08:00,2025-01-30 00:15:00-08:00,REAL_TIME_15_MIN,DLAP_SCE-APND,DLAP,45.28774,46.7221,0.0,-1.43437,0.0
2025-01-30 00:15:00-08:00,2025-01-30 00:15:00-08:00,2025-01-30 00:30:00-08:00,REAL_TIME_15_MIN,DLAP_SCE-APND,DLAP,44.94911,46.3584,0.0,-1.4093,0.0
2025-01-30 00:30:00-08:00,2025-01-30 00:30:00-08:00,2025-01-30 00:45:00-08:00,REAL_TIME_15_MIN,DLAP_SCE-APND,DLAP,44.75415,46.14782,0.0,-1.39366,0.0
2025-01-30 00:45:00-08:00,2025-01-30 00:45:00-08:00,2025-01-30 01:00:00-08:00,REAL_TIME_15_MIN,DLAP_SCE-APND,DLAP,42.18735,43.92762,-0.48394,-1.25633,0.0
2025-01-30 01:00:00-08:00,2025-01-30 01:00:00-08:00,2025-01-30 01:15:00-08:00,REAL_TIME_15_MIN,DLAP_SCE-APND,DLAP,43.71217,44.8468,0.0,-1.13462,0.0
2025-01-30 01:15:00-08:00,2025-01-30 01:15:00-08:00,2025-01-30 01:30:00-08:00,REAL_TIME_15_MIN,DLAP_SCE-APND,DLAP,43.7122,44.85142,0.0,-1.13923,0.0
2025-01-30 01:30:00-08:00,2025-01-30 01:30:00-08:00,2025-01-30 01:45:00-08:00,REAL_TIME_15_MIN,DLAP_SCE-APND,DLAP,41.97551,43.11371,0.0,-1.1382,0.0
2025-01-30 01:45:00-08:00,2025-01-30 01:45:00-08:00,2025-01-30 02:00:00-08:00,REAL_TIME_15_MIN,DLAP_SCE-APND,DLAP,41.32185,43.00703,-0.48098,-1.2042,0.0
2025-01-30 02:00:00-08:00,2025-01-30 02:00:00-08:00,2025-01-30 02:15:00-08:00,REAL_TIME_15_MIN,DLAP_SCE-APND,DLAP,42.70128,43.93136,0.0,-1.23008,0.0
2025-01-30 02:15:00-08:00,2025-01-30 02:15:00-08:00,2025-01-30 02:30:00-08:00,REAL_TIME_15_MIN,DLAP_SCE-APND,DLAP,41.64981,42.89815,0.0,-1.24834,0.0
2025-01-30 02:30:00-08:00,2025-01-30 02:30:00-08:00,2025-01-30 02:45:00-08:00,REAL_TIME_15_MIN,DLAP_SCE-APND,DLAP,41.69483,42.91358,0.0,-1.21875,0.0
2025-01-30 02:45:00-08:00,2025-01-30 02:45:00-08:00,2025-01-30 03:00:00-08:00,REAL_TIME_15_MIN,DLAP_SCE-APND,DLAP,41.07425,42.75604,-0.48034,-1.20144,0.0
2025-01-30 03:00:00-08:00,2025-01-30 03:00:00-08:00,2025-01-30 03:15:00-08:00,REAL_TIME_15_MIN,DLAP_SCE-APND,DLAP,41.69327,42.95176,0.0,-1.25849,0.0
2025-01-30 03:15:00-08:00,2025-01-30 03:15:00-08:00,2025-01-30 03:30:00-08:00,REAL_TIME_15_MIN,DLAP_SCE-APND,DLAP,41.68503,42.94327,0.0,-1.25824,0.0
2025-01-30 03:30:00-08:00,2025-01-30 03:30:00-08:00,2025-01-30 03:45:00-08:00,REAL_TIME_15_MIN,DLAP_SCE-APND,DLAP,41.90066,43.1921,0.0,-1.29144,0.0
2025-01-30 03:45:00-08:00,2025-01-30 03:45:00-08:00,2025-01-30 04:00:00-08:00,REAL_TIME_15_MIN,DLAP_SCE-APND,DLAP,42.19292,43.99073,-0.48249,-1.31532,0.0
2025-01-30 04:00:00-08:00,2025-01-30 04:00:00-08:00,2025-01-30 04:15:00-08:00,REAL_TIME_15_MIN,DLAP_SCE-APND,DLAP,38.791,40.08163,0.0,-1.29063,0.0
2025-01-30 04:15:00-08:00,2025-01-30 04:15:00-08:00,2025-01-30 04:30:00-08:00,REAL_TIME_15_MIN,DLAP_SCE-APND,DLAP,40.02008,41.31745,0.0,-1.29737,0.0
2025-01-30 04:30:00-08:00,2025-01-30 04:30:00-08:00,2025-01-30 04:45:00-08:00,REAL_TIME_15_MIN,DLAP_SCE-APND,DLAP,42.0031,43.34238,0.0,-1.33928,0.0
2025-01-30 04:45:00-08:00,2025-01-30 04:45:00-08:00,2025-01-30 05:00:00-08:00,REAL_TIME_15_MIN,DLAP_SCE-APND,DLAP,43.18805,44.9974,-0.48643,-1.32292,0.0
2025-01-30 05:00:00-08:00,2025-01-30 05:00:00-08:00,2025-01-30 05:15:00-08:00,REAL_TIME_15_MIN,DLAP_SCE-APND,DLAP,38.60171,39.8667,-0.00122,-1.26377,0.0
2025-01-30 05:15:00-08:00,2025-01-30 05:15:00-08:00,2025-01-30 05:30:00-08:00,REAL_TIME_15_MIN,DLAP_SCE-APND,DLAP,41.15076,43.77456,-1.21863,-1.40516,0.0
2025-01-30 05:30:00-08:00,2025-01-30 05:30:00-08:00,2025-01-30 05:45:00-08:00,REAL_TIME_15_MIN,DLAP_SCE-APND,DLAP,43.82246,45.18711,0.0,-1.36465,0.0
2025-01-30 05:45:00-08:00,2025-01-30 05:45:00-08:00,2025-01-30 06:00:00-08:00,REAL_TIME_15_MIN,DLAP_SCE-APND,DLAP,54.17298,55.79666,0.0,-1.62368,0.0
2025-01-30 06:00:00-08:00,2025-01-30 06:00:00-08:00,2025-01-30 06:15:00-08:00,REAL_TIME_15_MIN,DLAP_SCE-APND,DLAP,49.46533,50.7545,0.0,-1.28916,0.0
2025-01-30 06:15:00-08:00,2025-01-30 06:15:00-08:00,2025-01-30 06:30:00-08:00,REAL_TIME_15_MIN,DLAP_SCE-APND,DLAP,51.8344,53.18531,0.0,-1.35091,0.0
2025-01-30 06:30:00-08:00,2025-01-30 06:30:00-08:00,2025-01-30 06:45:00-08:00,REAL_TIME_15_MIN,DLAP_SCE-APND,DLAP,60.74645,62.59294,0.0,-1.84649,0.0
2025-01-30 06:45:00-08:00,2025-01-30 06:45:00-08:00,2025-01-30 07:00:00-08:00,REAL_TIME_15_MIN,DLAP_SCE-APND,DLAP,63.66307,64.66394,1.40463,-2.4055,0.0
2025-01-30 07:00:00-08:00,2025-01-30 07:00:00-08:00,2025-01-30 07:15:00-08:00,REAL_TIME_15_MIN,DLAP_SCE-APND,DLAP,56.49926,58.53632,0.0,-2.03706,0.0
2025-01-30 07:15:00-08:00,2025-01-30 07:15:00-08:00,2025-01-30 07:30:00-08:00,REAL_TIME_15_MIN,DLAP_SCE-APND,DLAP,51.32106,52.59223,1.09022,-2.36139,0.0
2025-01-30 07:30:00-08:00,2025-01-30 07:30:00-08:00,2025-01-30 07:45:00-08:00,REAL_TIME_15_MIN,DLAP_SCE-APND,DLAP,44.39714,43.89815,2.91778,-2.41879,0.0
2025-01-30 07:45:00-08:00,2025-01-30 07:45:00-08:00,2025-01-30 08:00:00-08:00,REAL_TIME_15_MIN,DLAP_SCE-APND,DLAP,39.75193,40.52481,1.44788,-2.22076,0.0
2025-01-30 08:00:00-08:00,2025-01-30 08:00:00-08:00,2025-01-30 08:15:00-08:00,REAL_TIME_15_MIN,DLAP_SCE-APND,DLAP,39.93837,49.59724,-6.95086,-2.70801,0.0
2025-01-30 08:15:00-08:00,2025-01-30 08:15:00-08:00,2025-01-30 08:30:00-08:00,REAL_TIME_15_MIN,DLAP_SCE-APND,DLAP,34.41921,39.19896,-2.86684,-1.91291,0.0
2025-01-30 08:30:00-08:00,2025-01-30 08:30:00-08:00,2025-01-30 08:45:00-08:00,REAL_TIME_15_MIN,DLAP_SCE-APND,DLAP,24.73372,31.76371,-5.61968,-1.41031,0.0
2025-01-30 08:45:00-08:00,2025-01-30 08:45:00-08:00,2025-01-30 09:00:00-08:00,REAL_TIME_15_MIN,DLAP_SCE-APND,DLAP,13.10117,23.55461,-9.45473,-0.99872,0.0
2025-01-30 09:00:00-08:00,2025-01-30 09:00:00-08:00,2025-01-30 09:15:00-08:00,REAL_TIME_15_MIN,DLAP_SCE-APND,DLAP,20.44165,34.82213,-12.97366,-1.40681,0.0
2025-01-30 09:15:00-08:00,2025-01-30 09:15:00-08:00,2025-01-30 09:30:00-08:00,REAL_TIME_15_MIN,DLAP_SCE-APND,DLAP,5.85184,26.50615,-19.56225,-1.09205,0.0
2025-01-30 09:30:00-08:00,2025-01-30 09:30:00-08:00,2025-01-30 09:45:00-08:00,REAL_TIME_15_MIN,DLAP_SCE-APND,DLAP,1.20401,25.06674,-22.82496,-1.03776,0.0
2025-01-30 09:45:00-08:00,2025-01-30 09:45:00-08:00,2025-01-30 10:00:00-08:00,REAL_TIME_15_MIN,DLAP_SCE-APND,DLAP,1.19199,22.59838,-20.5115,-0.8949,0.0
2025-01-30 10:00:00-08:00,2025-01-30 10:00:00-08:00,2025-01-30 10:15:00-08:00,REAL_TIME_15_MIN,DLAP_SCE-APND,DLAP,4.40031,28.25437,-22.69564,-1.15843,0.0
2025-01-30 10:15:00-08:00,2025-01-30 10:15:00-08:00,2025-01-30 10:30:00-08:00,REAL_TIME_15_MIN,DLAP_SCE-APND,DLAP,0.24912,36.30607,-34.56114,-1.49581,0.0
2025-01-30 10:30:00-08:00,2025-01-30 10:30:00-08:00,2025-01-30 10:45:00-08:00,REAL_TIME_15_MIN,DLAP_SCE-APND,DLAP,1.0003,28.56751,-26.44165,-1.12556,0.0
2025-01-30 10:45:00-08:00,2025-01-30 10:45:00-08:00,2025-01-30 11:00:00-08:00,REAL_TIME_15_MIN,DLAP_SCE-APND,DLAP,0.86619,22.38962,-20.61666,-0.90678,0.0
2025-01-30 11:00:00-08:00,2025-01-30 11:00:00-08:00,2025-01-30 11:15:00-08:00,REAL_TIME_15_MIN,DLAP_SCE-APND,DLAP,5.53963,29.54868,-22.82415,-1.1849,0.0
2025-01-30 11:15:00-08:00,2025-01-30 11:15:00-08:00,2025-01-30 11:30:00-08:00,REAL_TIME_15_MIN,DLAP_SCE-APND,DLAP,5.3788,27.41093,-21.06178,-0.97035,0.0
2025-01-30 11:30:00-08:00,2025-01-30 11:30:00-08:00,2025-01-30 11:45:00-08:00,REAL_TIME_15_MIN,DLAP_SCE-APND,DLAP,2.28882,23.14511,-20.00455,-0.85174,0.0
2025-01-30 11:45:00-08:00,2025-01-30 11:45:00-08:00,2025-01-30 12:00:00-08:00,REAL_TIME_15_MIN,DLAP_SCE-APND,DLAP,5.42018,28.99747,-22.47828,-1.099,0.0
2025-01-30 12:00:00-08:00,2025-01-30 12:00:00-08:00,2025-01-30 12:15:00-08:00,REAL_TIME_15_MIN,DLAP_SCE-APND,DLAP,9.25519,35.33281,-24.77031,-1.30731,0.0
2025-01-30 12:15:00-08:00,2025-01-30 12:15:00-08:00,2025-01-30 12:30:00-08:00,REAL_TIME_15_MIN,DLAP_SCE-APND,DLAP,11.11853,35.54533,-23.11163,-1.31518,0.0
2025-01-30 12:30:00-08:00,2025-01-30 12:30:00-08:00,2025-01-30 12:45:00-08:00,REAL_TIME_15_MIN,DLAP_SCE-APND,DLAP,9.78601,34.19582,-23.11036,-1.29944,0.0
2025-01-30 12:45:00-08:00,2025-01-30 12:45:00-08:00,2025-01-30 13:00:00-08:00,REAL_TIME_15_MIN,DLAP_SCE-APND,DLAP,8.98078,27.82251,-17.83734,-1.00439,0.0
2025-01-30 13:00:00-08:00,2025-01-30 13:00:00-08:00,2025-01-30 13:15:00-08:00,REAL_TIME_15_MIN,DLAP_SCE-APND,DLAP,8.83216,27.20649,-17.33777,-1.03657,0.0
2025-01-30 13:15:00-08:00,2025-01-30 13:15:00-08:00,2025-01-30 13:30:00-08:00,REAL_TIME_15_MIN,DLAP_SCE-APND,DLAP,9.67538,24.21339,-13.58884,-0.94916,0.0
2025-01-30 13:30:00-08:00,2025-01-30 13:30:00-08:00,2025-01-30 13:45:00-08:00,REAL_TIME_15_MIN,DLAP_SCE-APND,DLAP,7.22896,21.51495,-13.43615,-0.84984,0.0
2025-01-30 13:45:00-08:00,2025-01-30 13:45:00-08:00,2025-01-30 14:00:00-08:00,REAL_TIME_15_MIN,DLAP_SCE-APND,DLAP,6.04027,16.12263,-9.45197,-0.63039,0.0
2025-01-30 14:00:00-08:00,2025-01-30 14:00:00-08:00,2025-01-30 14:15:00-08:00,REAL_TIME_15_MIN,DLAP_SCE-APND,DLAP,6.6538,16.52334,-9.27305,-0.59649,0.0
2025-01-30 14:15:00-08:00,2025-01-30 14:15:00-08:00,2025-01-30 14:30:00-08:00,REAL_TIME_15_MIN,DLAP_SCE-APND,DLAP,5.45703,14.56356,-8.5735,-0.53303,0.0
2025-01-30 14:30:00-08:00,2025-01-30 14:30:00-08:00,2025-01-30 14:45:00-08:00,REAL_TIME_15_MIN,DLAP_SCE-APND,DLAP,5.76135,16.88882,-10.46205,-0.66542,0.0
2025-01-30 14:45:00-08:00,2025-01-30 14:45:00-08:00,2025-01-30 15:00:00-08:00,REAL_TIME_15_MIN,DLAP_SCE-APND,DLAP,5.06152,14.0498,-8.45719,-0.53108,0.0
2025-01-30 15:00:00-08:00,2025-01-30 15:00:00-08:00,2025-01-30 15:15:00-08:00,REAL_TIME_15_MIN,DLAP_SCE-APND,DLAP,7.84549,16.2924,-7.87342,-0.57349,0.0
2025-01-30 15:15:00-08:00,2025-01-30 15:15:00-08:00,2025-01-30 15:30:00-08:00,REAL_TIME_15_MIN,DLAP_SCE-APND,DLAP,9.26547,19.4547,-9.59392,-0.59531,0.0
2025-01-30 15:30:00-08:00,2025-01-30 15:30:00-08:00,2025-01-30 15:45:00-08:00,REAL_TIME_15_MIN,DLAP_SCE-APND,DLAP,21.90565,35.7005,-12.70955,-1.0853,0.0
2025-01-30 15:45:00-08:00,2025-01-30 15:45:00-08:00,2025-01-30 16:00:00-08:00,REAL_TIME_15_MIN,DLAP_SCE-APND,DLAP,33.52196,49.29195,-14.36024,-1.40975,0.0
2025-01-30 16:00:00-08:00,2025-01-30 16:00:00-08:00,2025-01-30 16:15:00-08:00,REAL_TIME_15_MIN,DLAP_SCE-APND,DLAP,26.16604,38.2058,-10.71019,-1.32956,0.0
2025-01-30 16:15:00-08:00,2025-01-30 16:15:00-08:00,2025-01-30 16:30:00-08:00,REAL_TIME_15_MIN,DLAP_SCE-APND,DLAP,33.10009,41.49926,-6.68941,-1.70977,0.0
2025-01-30 16:30:00-08:00,2025-01-30 16:30:00-08:00,2025-01-30 16:45:00-08:00,REAL_TIME_15_MIN,DLAP_SCE-APND,DLAP,56.20843,58.00479,0.63984,-2.4362,0.0
2025-01-30 16:45:00-08:00,2025-01-30 16:45:00-08:00,2025-01-30 17:00:00-08:00,REAL_TIME_15_MIN,DLAP_SCE-APND,DLAP,60.77615,64.06403,-0.59079,-2.6971,0.0
2025-01-30 17:00:00-08:00,2025-01-30 17:00:00-08:00,2025-01-30 17:15:00-08:00,REAL_TIME_15_MIN,DLAP_SCE-APND,DLAP,48.99501,49.0844,-0.08939,0.0,0.0
2025-01-30 17:15:00-08:00,2025-01-30 17:15:00-08:00,2025-01-30 17:30:00-08:00,REAL_TIME_15_MIN,DLAP_SCE-APND,DLAP,52.51662,55.2188,-2.70218,0.0,0.0
2025-01-30 17:30:00-08:00,2025-01-30 17:30:00-08:00,2025-01-30 17:45:00-08:00,REAL_TIME_15_MIN,DLAP_SCE-APND,DLAP,53.15287,58.70607,-5.55321,0.0,0.0
2025-01-30 17:45:00-08:00,2025-01-30 17:45:00-08:00,2025-01-30 18:00:00-08:00,REAL_TIME_15_MIN,DLAP_SCE-APND,DLAP,54.21122,64.1524,-9.94118,0.0,0.0
2025-01-30 18:00:00-08:00,2025-01-30 18:00:00-08:00,2025-01-30 18:15:00-08:00,REAL_TIME_15_MIN,DLAP_SCE-APND,DLAP,50.9172,59.87062,-5.75034,-3.20308,0.0
2025-01-30 18:15:00-08:00,2025-01-30 18:15:00-08:00,2025-01-30 18:30:00-08:00,REAL_TIME_15_MIN,DLAP_SCE-APND,DLAP,55.62179,60.80035,-2.12639,-3.05218,0.0
2025-01-30 18:30:00-08:00,2025-01-30 18:30:00-08:00,2025-01-30 18:45:00-08:00,REAL_TIME_15_MIN,DLAP_SCE-APND,DLAP,55.27785,60.36997,-2.09173,-3.00039,0.0
2025-01-30 18:45:00-08:00,2025-01-30 18:45:00-08:00,2025-01-30 19:00:00-08:00,REAL_TIME_15_MIN,DLAP_SCE-APND,DLAP,56.1018,59.21359,-0.00899,-3.10279,0.0
2025-01-30 19:00:00-08:00,2025-01-30 19:00:00-08:00,2025-01-30 19:15:00-08:00,REAL_TIME_15_MIN,DLAP_SCE-APND,DLAP,55.18376,62.71635,-4.35287,-3.17972,0.0
2025-01-30 19:15:00-08:00,2025-01-30 19:15:00-08:00,2025-01-30 19:30:00-08:00,REAL_TIME_15_MIN,DLAP_SCE-APND,DLAP,50.07683,54.0563,-1.38477,-2.5947,0.0
2025-01-30 19:30:00-08:00,2025-01-30 19:30:00-08:00,2025-01-30 19:45:00-08:00,REAL_TIME_15_MIN,DLAP_SCE-APND,DLAP,54.13285,57.3933,-0.75237,-2.50809,0.0
2025-01-30 19:45:00-08:00,2025-01-30 19:45:00-08:00,2025-01-30 20:00:00-08:00,REAL_TIME_15_MIN,DLAP_SCE-APND,DLAP,55.57109,56.16831,1.82925,-2.42647,0.0
2025-01-30 20:00:00-08:00,2025-01-30 20:00:00-08:00,2025-01-30 20:15:00-08:00,REAL_TIME_15_MIN,DLAP_SCE-APND,DLAP,59.22929,57.8332,4.38606,-2.98998,0.0
2025-01-30 20:15:00-08:00,2025-01-30 20:15:00-08:00,2025-01-30 20:30:00-08:00,REAL_TIME_15_MIN,DLAP_SCE-APND,DLAP,57.21445,55.74358,4.12427,-2.65339,0.0
2025-01-30 20:30:00-08:00,2025-01-30 20:30:00-08:00,2025-01-30 20:45:00-08:00,REAL_TIME_15_MIN,DLAP_SCE-APND,DLAP,57.57188,55.55975,4.43453,-2.42241,0.0
2025-01-30 20:45:00-08:00,2025-01-30 20:45:00-08:00,2025-01-30 21:00:00-08:00,REAL_TIME_15_MIN,DLAP_SCE-APND,DLAP,59.10391,56.19615,5.22304,-2.31528,0.0
2025-01-30 21:00:00-08:00,2025-01-30 21:00:00-08:00,2025-01-30 21:15:00-08:00,REAL_TIME_15_MIN,DLAP_SCE-APND,DLAP,60.05122,58.89188,3.47968,-2.32034,0.0
2025-01-30 21:15:00-08:00,2025-01-30 21:15:00-08:00,2025-01-30 21:30:00-08:00,REAL_TIME_15_MIN,DLAP_SCE-APND,DLAP,65.06904,59.6381,7.79857,-2.36763,0.0
2025-01-30 21:30:00-08:00,2025-01-30 21:30:00-08:00,2025-01-30 21:45:00-08:00,REAL_TIME_15_MIN,DLAP_SCE-APND,DLAP,63.38554,58.1793,7.44032,-2.23409,0.0
2025-01-30 21:45:00-08:00,2025-01-30 21:45:00-08:00,2025-01-30 22:00:00-08:00,REAL_TIME_15_MIN,DLAP_SCE-APND,DLAP,60.1816,54.56287,7.72486,-2.10613,0.0
2025-01-30 22:00:00-08:00,2025-01-30 22:00:00-08:00,2025-01-30 22:15:00-08:00,REAL_TIME_15_MIN,DLAP_SCE-APND,DLAP,63.33319,55.15877,10.49109,-2.31667,0.0
2025-01-30 22:15:00-08:00,2025-01-30 22:15:00-08:00,2025-01-30 22:30:00-08:00,REAL_TIME_15_MIN,DLAP_SCE-APND,DLAP,61.11794,54.08839,9.18768,-2.15813,0.0
2025-01-30 22:30:00-08:00,2025-01-30 22:30:00-08:00,2025-01-30 22:45:00-08:00,REAL_TIME_15_MIN,DLAP_SCE-APND,DLAP,59.12249,54.09828,6.93929,-1.91508,0.0
2025-01-30 22:45:00-08:00,2025-01-30 22:45:00-08:00,2025-01-30 23:00:00-08:00,REAL_TIME_15_MIN,DLAP_SCE-APND,DLAP,53.989,52.51174,3.12088,-1.64362,0.0
2025-01-30 23:00:00-08:00,2025-01-30 23:00:00-08:00,2025-01-30 23:15:00-08:00,REAL_TIME_15_MIN,DLAP_SCE-APND,DLAP,58.43803,59.48158,0.97288,-2.01643,0.0
2025-01-30 23:15:00-08:00,2025-01-30 23:15:00-08:00,2025-01-30 23:30:00-08:00,REAL_TIME_15_MIN,DLAP_SCE-APND,DLAP,55.61012,56.97844,0.35813,-1.72645,0.0
2025-01-30 23:30:00-08:00,2025-01-30 23:30:00-08:00,2025-01-30 23:45:00-08:00,REAL_TIME_15_MIN,DLAP_SCE-APND,DLAP,54.26592,54.04191,1.7588,-1.53479,0.0
2025-01-30 23:45:00-08:00,2025-01-30 23:45:00-08:00,2025-01-31 00:00:00-08:00,REAL_TIME_15_MIN,DLAP_SCE-APND,DLAP,51.83919,50.57888,2.48938,-1.22907,0.0
